question_id,question,option_A,option_B,option_C,option_D,correct_letter,majority_letter,majority_reason,semantic_entropy,is_correct,hallucinated,samples_count
0,Which of the following is not true for myelinated nerve fibers:,Impulse through myelinated fibers is slower than non-myelinated fibers,Membrane currents are generated at nodes of Ranvier,Saltatory conduction of impulses is seen,Local anesthesia is effective only when the nerve is not covered by myelin sheath,A,A,"Impulse through myelinated fibers is faster, not slower, than non-myelinated fibers due to saltatory conduction.",1.24245332489,True,False,6
1,Which of the following is not true about glomerular capillaries'),The oncotic pressure of the fluid leaving the capillaries is less than that of fluid entering it,Glucose concentration in the capillaries is the same as that in glomerular filtrate,Constriction of afferent aeriole decreases the blood flow to the glomerulas,Hematocrit of the fluid leaving the capillaries is less than that of the fluid entering it,A,A,The oncotic pressure of the fluid leaving the glomerular capillaries is less than that of fluid entering it due to protein filtration during glomerular filtration.,1.7917594692220549,True,False,6
2,A 29 yrs old woman with a pregnancy of 17 week has a 10 years old boy with down syndrome. She does not want another down syndrome kid; best advice to her is,No test is required now as her age is below 35 years,Ultra sound at this point of time will definitely tell her that next baby will be down syndromic or not,Amniotic fluid samples plus chromosomal analysis will definitely tell her that next baby will be down syndromic or not,blood screening at this point of time will clear the exact picture,C,A,"The patient's age is below 35 years, placing her in the low-risk category for Down syndrome in a subsequent pregnancy, making additional prenatal testing unnecessary at this stage.",1.7917594692220549,False,True,6
3,Axonal transport is:,Antegrade,Retrograde,Antegrade and retrograde,,C,C,"Axonal transport occurs in both anterograde and retrograde directions, as it facilitates the movement of molecules from the cell body towards the axon terminal (anterograde) and from the axon terminal back to the cell body (retrograde).",1.7917594692220549,True,False,6
4,Low insulin to glucagon ratio is seen in all of these except:,Glycogen synthesis,Glycogen breakdown,Gluconeogenesis,Ketogenesis,A,A,"Low insulin to glucagon ratio is seen in all of these except glycogen synthesis, as it is promoted by high insulin levels.",1.7917594692220549,True,False,6
5,Concentration of tropicamide:,0.01,0.02,0.03,0.04,A,C,"Tropicamide's concentration is typically standardized at 0.03% for use as a mydriatic agent in ophthalmology, ensuring effective pupil dilation during eye examinations without causing excessive discomfort or side effects.",1.7917594692220549,False,True,6
6,Which of the following statements is true regarding H I N1 Influenza?,Pregnant woman with sore throat can be staed immediately on oseltamivir without diagnostic testing under category B,People on long-term steroids cannot receive Os-eltam ivir,Category B concerns with low risk cases,Category B patients have to undergo immediate testing,A,A,"Pregnant woman with sore throat can be started immediately on oseltamivir without diagnostic testing under Category B, as she is at high risk and likely to benefit from treatment.",1.7917594692220549,True,False,6
7,Which of the following are not a branch of external carotid Aery in Kiesselbach's plexus.,Sphenopalatine aery,Anterior ethmoidal aery,Greater palatine aery,Septal branch of superior labial aery,B,B,"Anterior ethmoidal artery is not a branch of external carotid artery in Kiesselbach's plexus, as it arises from the ophthalmic artery.",1.24245332489,True,False,6
8,Diagnosis of the following ECG-,Ventricular bigeminy,Electrical alternans,P pulmonale,Left ventricular failure,B,A,"Ventricular bigeminy is characterized by every other beat originating from the ventricles, appearing as consecutive pairs of QRS complexes on an ECG.",1.7917594692220549,False,True,6
9,A blue new born presents with cyanosis. The X–ray chest reveal oligaemic lung field and normal sized heart. Most likely diagnosis is –,Ebstein's anomaly,Pulmonary atresia,Transposition of great arteries,Tetralogy of fallot,B,C,Transposition of great arteries is the most likely diagnosis due to cyanosis in a newborn with oligaemic lung fields on X-ray and normal sized heart.,1.7917594692220549,False,True,6
10,27.	The lateral spread of dental caries is facilitated mostly  by the,Enamel spindles,Dentinoenamel junction,Enamel lamellae,Striae of Retzius,B,B,"The dentinoenamel junction (DEJ) is the weakest area in tooth structure due to lack of interlocking mechanisms or reinforcing fibers, making it highly susceptible to lateral spread of dental caries.",1.7917594692220549,True,False,6
11,A second-year PG resident tells you to perform an ABG of a patient. All of the following are true about performing an ABG except:,"Before performing the ABG, syringe should be loaded with 0.3 cc of heparin","Normal pH, HCO. and PCO, levels may not indicate absence of an acid-base imbalance",A different site should be tried i f modified Allen's test is negative,Radial aery is the preferred site,A,D,Radial artery is not the preferred site for ABG due to its smaller size and more collateral vessels compared to brachial artery.,1.7917594692220549,False,True,6
12,Respiratory rhythm generation center is located at:,Dorsal respiratory group,Pre-Botzinger complex,Ventral respiratory neurons,Pneumotaxic center,B,B,"The respiratory rhythm generation center is located in the pre-Botzinger complex due to its role as the primary site for generating the basic respiratory cycle, involving periodic firing of interneurons that produce alternating inspiration and expiration.",1.7917594692220549,True,False,6
13,Gait apraxia is seen in thromboembolic episode involving:,ACA,MCA,PCA,Posterior choroidal aery,A,A,Gait apraxia is associated with lesions in the anterior cerebral artery (ACA) due to its involvement in motor planning and execution for ambulation.,1.7917594692220549,True,False,6
14,Heavy forces on periodontal ligament causes:,Hyalinization,Osteoclastic activity around tooth,Osteoblastic activity around tooth,Crest bone resorption,A,A,"Heavy forces on periodontal ligament cause injury to fibers, leading to inflammation and proliferation of cells within the PDL space, resulting in hyalinization.",1.7917594692220549,True,False,6
15,"About N. gonorrhoea, all are true except",Most common cause of urethritis in male,All stains are highly susceptible to penicillin,Wide spread axoregnic stains cause disseminated gonococcal infection,Found exclusively in human beings,B,B,Not all strains of N. gonorrhoea are highly susceptible to penicillin due to increasing concerns about antibiotic resistance.,1.7917594692220549,True,False,6
16,"A patient who was on ventilator and being ventilated for past few days, suddenly pulls out the endotracheal tube. What is the next step of management?","Assess the patient, give bag and mask ventilation and look for spontaneous breathing",Sta bag and mask ventilation and reintubate,Sedate and reintubate,Make him sit and do physiotherapy,A,B,"Immediate action is required to secure the airway after the patient has pulled out the endotracheal tube, so starting bag and mask ventilation and reintubating the patient ensures both breathing support and a secure airway.",1.7917594692220549,False,True,6
17,"In a	6-month-old child, thick curd like white	patch
appears on the buccal mucosa. On rubbing it leaves an
erythematous patch. Most likely diagnosis is:",Tuberculosis,Lichen planus,Lupus erythematous,Candidiasis,D,D,"Candidiasis is the most likely diagnosis due to the presence of thick, curd-like white patches on the buccal mucosa that become erythematous upon rubbing, which are characteristic features of oral candidiasis in infants.",1.7917594692220549,True,False,6
18,Characteristic of venous blood flow of lower limb in duplex Doppler is?,Monophasic,Biphasic,Triphasic,Non phasic,A,B,"Venous blood flow in the lower limb exhibits a biphasic pattern on duplex Doppler, characterized by an early diastolic reflux phase and a later systolic forward flow phase.",1.7917594692220549,False,True,6
19,"The source of calcium ions of a calcific bridge in a
tooth in which calcium hydroxide pulpotomy has been
performed is:",Blood vessel borne,Derided cells,Dentin,From the calcium hydroxide,A,D,"Calcium hydroxide releases calcium ions into surrounding tissue as it sets, contributing to calcific bridge formation.",1.7917594692220549,False,True,6
20,"2, 3-BPG binds to sites of haemoglobin and the affinity for oxygen","4, decreases","1, decreases","4, increases","1, increases",B,A,"Binding of 2,3-BPG to hemoglobin decreases its affinity for oxygen due to allosteric effector action causing conformational change.",1.7917594692220549,False,True,6
21,Highest concentration of oxygen is delivered through?,Nasal cannula,Venturi mask,Bag and mask,Mask with reservoir,C,B,"Venturi mask delivers the highest concentration of oxygen due to its precise, fixed FiO2 mixing with room air through its orifice design.",1.7917594692220549,False,True,6
22,Sharpest cusp is seen in,Upper Canine,Lower Canine,Upper Premolar,Lower premolar,A,A,"Upper canine has the sharpest cusp due to its single pointed projection, ideal for shearing and gripping food as well as defense in our ancestors.",1.7917594692220549,True,False,6
23,A mother is Hbs Ag positive and anti Hbe Ag positive. Risk of transmission of Hep. B in child is:,20%,50%,0%,90%,A,C,"The mother's HBsAg positivity and anti-HBeAg positivity indicate a low infectivity or ""precore"" mutant hepatitis B infection, making the risk of transmission to the child essentially zero (0%).",1.7917594692220549,False,True,6
24,"In a patient with competent lips together at rest, the lip
line is opposite the tips of the upper incisors. The lip line is then described as",Average,High,Incomplete,Low,D,A,"The lip line is described as average because it aligns with the tips of the upper incisors at rest, neither extending above nor falling below them.",1.7917594692220549,False,True,6
25,"A patient presented to emergency with overdose some drug. There were increased salivation and increased bronchial secretions. On examination, blood pressure was 88/60 mmHg. RBC esterase level is 50. What should be the treatment of this person?",Neostigmine,Atropine,Flumazenil,Physostigmine,B,X,"The patient's symptoms, including increased salivation and bronchial secretions, along with hypotension, indicate an overdose of a cholinesterase inhibitor or organophosphate compound. Atropine is the antidote for these types of overdoses as it blocks muscarinic receptors, counteracting the effects of excess acetylcholine.",1.7917594692220549,False,False,6
26,The current bar clasp design used is:,Mesio-occlusal rest,Disto-occlusal rest,Mesial or distal depending on the situation,Choice of the dentist,A,D,"The bar clasp design can be chosen by the dentist based on factors such as tooth morphology, rest position, and patient comfort.",1.7917594692220549,False,True,6
27,All of the following are true regarding Class-II inlay gingival margins preparation except?,Removal of week enamel rods,Increased metal burnishability,Lap sliding fit of metal margin,Margins of restoration in self-cleansable area,D,A,"Removal of weak enamel rods is not a characteristic of Class-II inlay gingival margins preparation. Instead, it involves removing weak dentin rods to improve retention and prevent fracture. Options B, C, and D are accurate descriptions for Class-II inlay gingival margins preparation.",1.7917594692220549,False,True,6
28,Breakdown of periodontal fibres in periodontitis is due to bacterial enzyme: (OR) Which of the following bacterial products have been implicated in initiation of inflammatory periodontal disease?,Collagenase,Hyaluronidase,Coagulase,None of the above,A,A,"Collagenase is responsible for breaking down periodontal fibers in periodontitis, as it degrades type I and III collagen, leading to connective tissue degradation.",1.7917594692220549,True,False,6
29,"In a study, two groups of newborns are checked for their weights based on whether their mothers received food supplements or not. The appropriate test which can be used for comparing the data is:",Chi square test,Paired T-test,Student's T-test,Fischer exact test,C,C,"Student's T-test is appropriate for comparing means of two independent groups (newborns) in this study, as it assumes normality and equal variances.",1.7917594692220549,True,False,6
30,Which vitamin is required for glycogen Phosphorylase?,PLP,TPP,Riboflavin,Lipoic acid,A,B,"Thiamine Pyrophosphate (TPP) is required as a coenzyme for glycogen phosphorylase, which catalyzes the breakdown of glycogen to glucose-1-phosphate in glycogenolysis.",1.7917594692220549,False,True,6
31,"A child's behaviour is traced to have dental difficulties
from	his	mother.	The	most	satisfactory	method	of
handling the situation is to:",Introduce another child as a good example,Modify his fear by familiarization,Use small amounts of barbiturates,Use firmness,B,B,"Modify his fear by familiarization is the most satisfactory method because it addresses the child's anxiety related to dental difficulties through desensitization and exposure, rather than introducing another child as a comparison (A), using medication (C), or employing firmness (D).",1.7917594692220549,True,False,6
32,Which of the following is the only complete cailage ring in the respiratory tree?,Cricoid cailage,Thyroid cailage,Cunieform cailage,Epiglottis,A,A,"Cricoid cartilage is the only complete ring-shaped cartilage in the respiratory tree, encircling the trachea and serving as an anchor for the vocal cords.",1.7917594692220549,True,False,6
33,Steps of intubation - arrange in sequence:- a. Head extension and flexion of neck b. Introduction of laryngoscope c. Inflation of cuff d. Check breath sounds with stethoscope e. fixation of the tube to prevent dislodgement,ABCDE,DBCEA,ACBED,CBAED,A,A,"The correct sequence for intubation steps is ABCDE, where A stands for head extension, not flexion; B represents the introduction of laryngoscope before neck positioning; C denotes inflation of cuff after proper placement of ETT.",1.7917594692220549,True,False,6
34,In Erythroblastosis fetalis not involved is –,Anti C,Anti D,Anti E,Anti Lewis,D,D,"Anti-Lewis is not involved in Erythroblastosis fetalis, as it does not cause hemolytic disease of the newborn.",1.5607104090364066,True,False,6
35,"A dentist suffered from Hepatitis B infection 3 months back. His laboratory tests are normal, but he is not allowed by the medical board to do surgical practice. He is:",Inactive carrier,Healthy carrier,Convalescent carrier,Paradoxical carrier,C,C,"The dentist is in the convalescent phase of Hepatitis B infection, as laboratory tests are normal and he has recovered from the acute phase. However, due to potential risk transmission during surgical practice, the medical board restricts his surgical activities.",1.7917594692220549,True,False,6
36,A pediatrician in a district hospital with specialization neonatal care unit calls an ophthalmologist for consultation for which of the following?,A newborn with respiratory distress,A baby born at 28 weeks of gestation,Newborn with jaundice,A newborn with bih weight 2300 grams,B,B,The pediatrician calls an ophthalmologist for consultation specifically regarding a premature baby (born at 28 weeks of gestation) due to the increased risk of Retinopathy of Prematurity (ROP).,1.7917594692220549,True,False,6
37,"In a child with active liver failure, the most important prognosis factor for death is –",Increasing transaminases,Increasing bilirubin,Increasing prothrombin time,Gram (–)ve sepsis,D,C,"Increasing prothrombin time is the most important prognostic factor for death in a child with active liver failure, as it reflects coagulopathy and encephalopathy development.",1.7917594692220549,False,True,6
38,"A patient went into shock immediately after normal delivery, likely cause:",Amniotic fluid embolism,PPH,Uterine inversion,Eclampsia,C,A,"Amniotic fluid embolism is the likely cause as it involves sudden introduction of amniotic fluid into maternal bloodstream, leading to shock immediately after normal delivery.",1.7917594692220549,False,True,6
39,"A patient presented with flat topped violaceous papules, thinning of nails and onycholysis. What is the microscopic finding observed in this patient?",Prominent necrotic cell,Suprabasal split,Basal cell degeneration,Acantholysis,C,B,"Suprabasal split is the microscopic finding observed in this patient with Pemphigus Vulgaris, characterized by flat-topped violaceous papules, thinning of nails, and onycholysis.",1.7917594692220549,False,True,6
40,Which of the following is not. true regarding myelopathy?,Sensory loss of facial area,Brisk jaw jerk,Brisk pectoral jerk,Urgency and incontinence of micturition,B,B,"Jaw jerk is a reflex related to cranial nerve V (trigeminal) and not to the spinal cord, making it not true regarding myelopathy.",1.7917594692220549,True,False,6
41,Which of the following committees has recommended a 3-year bachelor degree in medical education for rural health service?,High level expe group of universal health program for india,Central bureau of health investigation,Srivastava committee,Sundar committee,A,D,"The Sundar Committee recommended a 3-year bachelor's degree for medical education in rural health service to improve healthcare accessibility and affordability, especially in underprivileged regions.",1.7917594692220549,False,True,6
42,Sequential arrangement of fetal scans -,Growth scan,Triple marker,Anomalous Scan and NT scan,All,D,X,"The sequential arrangement of fetal scans starts with the anomalous scan (anatomical survey) to detect structural abnormalities, followed by the NT (nuchal translucency) scan for assessing risk of Down syndrome, making option C the correct sequence.",1.7917594692220549,False,False,6
43,Which one of the following is a muscle splitting incision?,Kocher's incision,Rutherford-Morrison incision,Pfannenstiel incision,Lanz incision,D,D,Lanz incision is a muscle-splitting technique that preserves muscle integrity by dividing the external oblique aponeurosis rather than cutting through the muscle itself.,1.7917594692220549,True,False,6
44,Multiple canals in mandibular premolars are seen in?,Africas,Caucians,Not Recalled,Not Recalled,A,A,Multiple canals in mandibular premolars are seen more frequently in African populations due to genetic and evolutionary factors.,1.7917594692220549,True,False,6
45,Which of the following blade angle is appropriate for scaling and root planing,A,B,C,D,B,B,15° blade angle is appropriate for scaling and root planing as it efficiently removes plaque and calculus while minimizing the risk of damaging periodontal tissues.,1.7917594692220549,True,False,6
46,Which pa of brachial plexus do not give branches,Root,Division,Cord,Trunk,B,D,"The trunks (superior, middle, and inferior) of the brachial plexus do not give off branches; they merge to form the cords.",1.7917594692220549,False,True,6
47,"If the Rb gene phosphorylation is defective, which of the following will happen?",Cell cycle will stop at GI phase,Cell cycle will stop at G2 phase,The cell cycle will progress and the cell will divide,There will be no effect on cell cycle as for Rb gene phosphorylation is not needed,A,A,"Defective Rb gene phosphorylation leads to unregulated E2F activity, causing cell cycle arrest at the G1 phase.",1.5607104090364066,True,False,6
48,Cumulative index is:,Russet's periodontal index,Ramjford's periodontal index,PMA (Massler and Schlour),Gingival index (Loe and Silness),C,B,"Ramfjord's periodontal index is a cumulative index, as it assesses and combines the severity of periodontal disease at multiple sites in the mouth to provide an overall score for the patient.",1.7917594692220549,False,True,6
49,The cells which will proliferate from top to bottom of villi are:,Chief cells,Goblet cells,Paneth cells,Parietal cells,C,C,Paneth cells proliferate from bottom to top of villi.,1.7917594692220549,True,False,6
50,What is the usual weight of rabbit used in ophthalmological experiments?,0.5-1 kg,1.5-2.5 kg,5-7 kg,10-12 kg,B,A,"Rabbits used in ophthalmological experiments typically weigh between 0.5-1 kg due to their small size and anatomical similarities to human eyes, making them an ideal model for research purposes.",1.7917594692220549,False,True,6
51,"In plasmodium vivax malaria, relapse is caused by:September 2012",Sporozoite,Schizont,Hypnozoite,Gamteocyte,C,C,"Relapse in Plasmodium vivax malaria is caused by hypnozoite activation, as they remain dormant in the liver and can reactivate later.",1.7917594692220549,True,False,6
52,Retraction of mandible is achieved by:,Lateral pterygoid,Temporalis,Medial pterygoid,Masseter,B,A,Lateral pterygoid is responsible for retraction of the mandible as it helps in closing the mouth by pulling the lower jaw back.,1.7917594692220549,False,True,6
53,How is modified shock index represented as?,HR/MAP,MAP/HR,HR/SBP,HR/DBP,A,A,"Modified Shock Index (MSI) is represented as the ratio of Heart Rate (HR) to Mean Arterial Pressure (MAP), making option A correct.",1.7917594692220549,True,False,6
54,"A 3 week neonate with ambiguous genitalia presented with Na+ 127 meq/L, K+ 7.2 meq/L wit BP 52/24 mm Hg and he was managed with IV fluids. What is the next step of management?",Spironolactone,Hydrocoisone administration,Broad spectrum antibiotics,Calcium gluconate,B,B,"Hydrocortisone administration is indicated due to suspected Congenital Adrenal Hyperplasia (CAH) in this neonate with ambiguous genitalia, hyponatremia, and low blood pressure, suggesting adrenal insufficiency.",1.7917594692220549,True,False,6
55,Base pairs in DNA,1.5 billion,46 billions,3.2 billion,100 billion,C,C,"The human genome consists of approximately 3.2 billion base pairs of DNA, making option C the correct answer among the given choices.",1.3296613488507585,True,False,6
56,Which of the following is a solid solution?,Amalgam,Cobalt-chromium,Silver-palladium,Gallium-silver,C,B,Cobalt-chromium forms a solid solution due to the similar atomic radii and valence electron configurations of both elements.,1.7917594692220549,False,True,6
57,Tracheal secretions should be suctioned for:,10-15 seconds,60 seconds,30 seconds,3 minutes,A,A,Tracheal secretions should be suctioned for 10-15 seconds because this duration effectively removes secretions while minimizing the risk of tracheal mucosa damage due to prolonged suctioning time.,1.7917594692220549,True,False,6
58,"A patient presents with carcinoma of the larynx involving the left false cords, left arytenoid and the left aryepiglottic folds with bilateral mobile true cords. Treatment of choice is -",Vertical hemilaryngectomy,Horizontal partial hemilaryngectomy,Total laryngectomy,Radiotherapy followed by chemotherapy,A,B,"Horizontal partial hemilaryngectomy is chosen because the tumor is limited to the left false cords, arytenoid, and aryepiglottic fold with mobile true vocal cords on both sides, indicating early glottic carcinoma (T1-T2), which can be treated effectively by this surgical approach.",1.7917594692220549,False,True,6
59,Which of the following lipoproteins does not move towards charged end in electrophoresis?,VLDL,LDL,HDL,Chylomicrons,D,C,"HDL migrates away from the anode in electrophoresis due to its positive charge, unlike other lipoproteins that move towards the anode.",1.7917594692220549,False,True,6
60,"A 60 years old male presented with fever, chills and dysuria. Patient was hospitalized in emergency for 5 days. PSA level was 7.4. Next best step in this patient:",Repeat PSA,TURP,TRUS guided biopsy,Antibiotics and admit,D,X,"Elevated PSA and symptoms suggest possible prostate cancer, necessitating further evaluation with a TRUS-guided biopsy to determine the presence of malignancy.",1.7917594692220549,False,False,6
61,Name the structure marked with arrow,Mitochondria,Golgi bodies,Secretory vesicles,Rough Endoplasmic reticulum,C,C,"The structure marked by an arrow is a small, membrane-bound vesicle containing granular material near the plasma membrane, identifying it as secretory vesicles.",1.7917594692220549,True,False,6
62,"A patient from,nqh-eastern states was diagnosed to have infection with P. falciparum malaria. What is the most appropriate drug for this patient?",Aemether plus lumefantrine,Sulfadoxine plus pyrimethamine,Chloroquine,Mefloquine,A,A,Artesunate plus lumefantrine is the most appropriate drug for P. falciparum malaria in non-artemisinin-resistant regions like the eastern states due to its high efficacy and low risk of resistance development.,1.7917594692220549,True,False,6
63,"Iron is present in all, EXCEPT",Myoglobin,Cytochrome,Catalase,Pyruvate kinase,D,D,"Pyruvate kinase is an enzyme involved in glycolysis, not iron-containing and does not participate in oxygen metabolism or electron transport chains.",1.7917594692220549,True,False,6
64,The most common bone tumor that occurs in children is:,Osteosarcoma,Ewing's sarcoma,Metastatic carcinoma,Multiple myeloma,A,A,"Osteosarcoma is the most common primary malignant bone tumor affecting children and adolescents, typically occurring around puberty.",1.7917594692220549,True,False,6
65,"In a couple for treatment of infeility from the last four years, female paner is normal. Male paner has 0.8 ml semen volume per ejaculate on two repeated samples and absent fructose, with no sperms on examination under microscope. What is the next line of management?",Per-rectal examination to check ejaculatory duct obstruction,Give antioxidants,Testicular biopsy,Transrectal ultrasound to detect duct obstruction,D,A,"Per-rectal examination is indicated to check for ejaculatory duct obstruction, as the patient's low semen volume and absent fructose suggest a possible anatomical blockage.",1.7917594692220549,False,True,6
66,The zygomatic bone does not articulate with:,Frontal bone,Maxillary bone,Nasal bone,Temporal bone,C,C,"The zygomatic bone does not articulate with the nasal bone, as it forms part of the orbit and cheek prominence while nasal bones form the bridge and upper part of the nose.",1.7917594692220549,True,False,6
67,Which of the following statements is true regarding medical aboion?,Ultrasound should be done in all cases,"If the patient has an IUCD in-situ, it doesn't need to be removed",Can only be done up to 72 days,Only a person ceified under MTP act can perform medical termination of pregnancy,D,B,Medical termination of pregnancy guidelines state that an IUCD in-situ does not need to be removed prior to medical abortion.,1.7917594692220549,False,True,6
68,Calcium ions triggers muscle contraction by binding to:,Actin,Myosin,Troponin,Tropomyosin,C,C,"Calcium ions trigger muscle contraction by binding to troponin, causing a conformational change that exposes the myosin binding site on actin filaments.",1.7917594692220549,True,False,6
69,"SD plasma destroys lipid enveloped virus. On SD plasma transfusion, which of the following infection is the likely possibility?",HIV,HAV,HBV,HCV,B,C,"SD plasma destroys lipid-enveloped viruses, and among the options provided, only HBV fits this description.",1.7917594692220549,False,True,6
70,"According to the intelligence quotient classification, a score of 90-110 is:",Low average.,Average,Superior,Mentally retarded.,B,B,"An IQ score of 90-110 falls within the range for average intelligence, as it is not low enough to be considered low average and not high enough to be classified as superior.",1.7917594692220549,True,False,6
71,"Due to which of the following enzyme deficiency, vitamin C cannot be synthesised in humans?",L-Glucuronic acid oxidase,L-Gulonic acid reductase,L-Gulonolactone oxidase,L-Gulonolactone reductase,C,C,"Vitamin C cannot be synthesised in humans due to deficiency of enzyme L-Gulonolactone oxidase, necessary for the last step in ascorbic acid biosynthesis from L-gul.",1.7917594692220549,True,False,6
72,In a patient of heart disease antibiotic prophylaxis for dental extraction is:,Amoxicillin.,Imipenem.,Gentamicin.,Erythromycin.,A,A,"Amoxicillin is recommended for antibiotic prophylaxis in patients with heart disease due to its effectiveness against Streptococcus viridans and other oral flora, as well as its low risk of causing allergic reactions compared to other antibiotics.",1.7917594692220549,True,False,6
73,"Which of the following type of failure may occur, if the coefficient of thermal expansion of ceramic is much lower than that of metal?",Cohesive failure of ceramic,Adhesive failure of metal ceramic bond,Cohesive failure of metal,Cohesive failure of metal ceramic bond,B,B,"Adhesive failure of metal ceramic bond occurs due to the mismatch in thermal expansion coefficients, causing stress at the interface and potentially leading to debonding.",1.7917594692220549,True,False,6
74,Anti monsoon curve seen in :,Premolar,Molar,Anterior,All of the above.,D,B,"The anti-monsoon curve is specifically seen on maxillary molars, particularly the first and second molars, characterized by a curvature of the crown towards the lingual side as one moves distally along the mesial surface.",1.7917594692220549,False,True,6
75,"A 10 years old child has lytic lesions in upper femur, the differential diagnosis can be all except :",Plasmacytoma,Browns tumour,Metastasis,Histiocytosis,A,C,Metastasis is rare in a 10-year-old child with lytic lesions in the upper femur as primary malignancies that metastasize to bone rarely occur at this age.,1.7917594692220549,False,True,6
76,During periradicular surgery bone is removed with?,Round burr,Double inverted cone burr,Fissure burr,Taper Burr,A,A,"Round burr is used for bone removal during periradicular surgery due to its ability to create a precise, rounded cavity for root end resection or retrofill placement.",1.7917594692220549,True,False,6
77,The primary function of the dental pulp is:,Nutritive,Production of dentin,Production of enamel,Vascular supply to the teeth,B,A,"Nutritive, as the dental pulp provides essential nutrients to the surrounding dentin for tooth health.",1.7917594692220549,False,True,6
78,Which of the following increases callus formation:,Rigid immobilization,Movement at fracture site,Compression plating,Intraosseous nailing,B,B,Movement at fracture site decreases callus formation as it disrupts healing by interfering with collagen fiber deposition necessary for maturation and remodeling.,1.7917594692220549,True,False,6
79,Child of Vasanthi was weaned from breast milk on the 5th day and was given sugarcane juice the child developed hypoglycemia and hepatomegaly biochemical examination showed hypophosphatemia and enzyme deficiencies–reducing substances in urine. The child is probably suffering from which of the following enzyme deficiencies –,Fructokinase,Aldolase B,Glucose 6 Phosphatase,Beta galactosidase,B,B,"Aldolase B deficiency is indicated due to the development of hypoglycemia, hepatomegaly, and presence of reducing substances in urine after feeding sugarcane juice, which contains fructose.",1.7917594692220549,True,False,6
80,Skeletal muscles,Contracts when calcium is taken up by sarcoplasmic reticulum,Contracts when actin and myosin filaments shorten,Contraction is initiated by calcium binding to troponin,Contraction is initiated by calcium binding to tropomyosin,C,B,"Muscle contraction occurs when actin and myosin filaments shorten, as per the sliding filament theory.",1.7917594692220549,False,True,6
81,Which of the following is most effective for gluconeogenesis in starvation?,Acetyl Co-A stimulation of pyruvate carboxylase,"Fructose-1, 6-biphosphate stimulation of phosphofructokinase-1",Citrate stimulation of acetyl carboxylase,"Fructose-2, 6-biphosphate stimulation of phosphofructokinase-2",A,A,"Acetyl Co-A stimulation of pyruvate carboxylase is most effective for gluconeogenesis in starvation, as it catalyzes the conversion of pyruvate to oxaloacetate, a crucial step in generating glucose from non-carbohydrate sources.",1.7917594692220549,True,False,6
82,Which is not involved in iron metabolism?,Transthyretin,Ceruloplasmin,Hepcidin,Ferropoin,A,A,"Transthyretin is not involved in iron metabolism as it primarily functions in transporting thyroxine and retinol-binding protein, rather than iron.",1.7917594692220549,True,False,6
83,A 14 year girl presented with absent thelarche.On examination uterus was present. Investigations showed high FSH. karyotype is XY.What is the probable diagnosis?,Gonadal dysgenesis,Kallman syndrome,Androgen insensitivity syndrome,Adrenal hyperplasia,A,X,"The presence of uterus and high FSH levels in an XY individual indicate ovarian failure, which points to Androgen Insensitivity Syndrome (AIS), as the other options do not fit this clinical presentation.",1.7917594692220549,False,False,6
84,Reciprocal arm taper in,1 dimension,2 dimension,3 dimension,Not tapered,A,B,Reciprocal arm design tapers in 2 dimensions (width and thickness) for easy removal of impressions from the mouth while maintaining accuracy and adaptation to underlying tissues.,1.7917594692220549,False,True,6
85,Bluegrass appliance is used to treat:,Thumb sucking.,Tongue thrusting.,Both,Mouth breathing.,C,A,Bluegrass appliance is used to treat thumb sucking due to its design as a palatal crib that prevents the child from continuing the habit.,1.7917594692220549,False,True,6
86,On a primary 2nd molar caries occur most commonly on,Occlusal pit and fissures,Proximal caries below contact point,Buccal surface,Promixal caries above contact point,A,B,Proximal caries below contact point is the most common site for caries occurrence on a primary second molar due to ease of bacterial penetration between adjacent teeth and enamel thinness in this area.,1.7917594692220549,False,True,6
87,Waldeyer's lymphatic chain is formed by all except,Palatine tonsils,Pharyngeal tonsils,Tubal and lingual tonsils,Post auricular nodes,D,D,"Post auricular nodes are not part of Waldeyer's ring, which consists of pharyngeal (adenoids) and palatine tonsils, as well as tubal and lingual tonsils.",1.7917594692220549,True,False,6
88,"Polydactyly, craniosynostosis, Late closure of fontanelles is a feature of:",Apert's syndrome,Crouton's syndrome,Pierre robin syndrome,Down' syndrome,A,A,"Apert's syndrome is characterized by craniosynostosis, polydactyly, and delayed closure of fontanelles, making it the correct option.",1.24245332489,True,False,6
89,Physiological changes seen in laparoscopy include all except:,Increased ICP,Decreased FRC,Increased CVP,Increased pH,D,D,"Increased pH is not a physiological change seen in laparoscopy; instead, it can cause respiratory acidosis due to CO2 retention from pneumoperitoneum.",1.7917594692220549,True,False,6
90,Which of the following nerve fibre types is least susceptible to LA blockade?,A beta,A alpha,B fibers,C fibers,B,D,"C fibers are unmyelinated, small-diameter nerve fibers that are least susceptible to local anesthetic (LA) blockade due to their unique physiology.",1.7917594692220549,False,True,6
91,"A child born with multiple congenital defect including cleft palate, neural tube defect, atrial septal defect and microcephaly which of the following drug is used by mother during pregnancy:",Erythromycin,Isotretinoin,Ibuprofen,Metronidazole,B,B,"Isotretinoin is a teratogenic drug that can cause multiple congenital defects, such as cleft palate, neural tube defect, atrial septal defect, and microcephaly when taken during pregnancy.",1.7917594692220549,True,False,6
92,Incorporation of peripheral seal in an impression is necessary to obtain;,Stability,Functionally moulded periphery,Harmonious occlusion,Posterior palatal seal,B,B,Incorporation of peripheral seal in an impression is necessary to obtain a functionally moulded periphery.,1.7917594692220549,True,False,6
93,Increase in height of mandible with increase in interdental spaces in elderly man,Hyperpituitarism,Hyperthyroidism,Hypopituitarism,Hyperparathyroidism,A,D,"Hyperparathyroidism causes increased bone resorption and remodeling, leading to enlargement of the mandible and widening of interdental spaces.",1.7917594692220549,False,True,6
94,A patient has seasonal allergic rhinitis and is on terfenadine. He develops cardiac arrhythmias after a course of antibiotics. Which of the following antibiotic could have been given:,Ampicillin,Tetracycline,Erythromycin,Co-trimoxazole,C,C,"Erythromycin is a macrolide antibiotic that can interact with terfenadine, increasing the risk of cardiac arrhythmias such as torsades de pointes.",1.7917594692220549,True,False,6
95,Modulus of elasticity means:,Rigidity or stiffness of the material,Ability to be stretched with permanent deformation,Ductility of a material,Malleability of the metal,A,A,"Modulus of elasticity represents the rigidity or stiffness of a material, as it measures the proportionality between applied stress and resulting strain within the elastic range.",1.7917594692220549,True,False,6
96,Vwf factor is produced by:,Platelets,Endothelial cells,Neutrophils,Monocytes,B,A,"Von Willebrand factor (VWF) is primarily produced by platelets, specifically by megakaryocytes within them.",1.7917594692220549,False,True,6
97,Which of the following statement is false statement about snake-bites?,Anti-venom is not effective in humpnosed pit viper bite,Cobra venom is neurotoxic,Atropine premedication should be used before administering Neostigmine,Neostigmine has a role in krait bite.,D,A,"Anti-venom is effective in humpnosed pit viper bite, making option A the false statement.",1.3296613488507583,False,True,6
98,A prosthetic appliance given to cover the palatal defect in patients with cleft palate is called,Artificial velum,Obturator,Removable prosthetic appliance,None of the above,B,B,"An obturator is specifically designed for covering palatal defects in cleft palate patients, restoring normal speech and mastication.",1.7917594692220549,True,False,6
99,Biofilm forming bacteria causes antimicrobial resist-ance by all of the following except:,Mechanical barrier,Increased excretion of antibiotics,Altered metabolism,Adherence,D,B,Increased excretion of antibiotics is not a mechanism by which biofilm-forming bacteria causes antimicrobial resistance.,1.7917594692220549,False,True,6
100,Which of these drugs is an antidote for fibrinolytic therapy?,Epsilon aminocaproic acid,Protamine,Heparin,Streptokinase,A,A,"Epsilon aminocaproic acid is an antifibrinolytic agent that inhibits the breakdown of blood clots, making it an antidote for fibrinolytic therapy.",1.7917594692220549,True,False,6
101,Which facial bone is most prone to fracture?,Mandible,Nasal,Zygoma,Frontal,B,B,The nasal bones are most prone to fracture due to their thinness and fragility compared to other facial bones.,1.7917594692220549,True,False,6
102,"To check objective pain response, which is best used method",Facial pain scale,Knee jerk reflex,H - Reflex,R III Reflex,A,B,"The knee jerk reflex is an objective pain response test that measures deep tendon reflexes, assessing nervous system integrity.",1.7917594692220549,False,True,6
103,"A one year old child, who is earlier normal, is suffering from copious nasal discharge, coarse facial features, large tongue, bulging head and flattened nose. He is also having enlarged spleen and liver. What may be the cause?",Hypothyroidism,Beckwith widman syndrome,Proteus syndrome,Hurler syndrome,D,X,"The combination of copious nasal discharge, coarse facial features, large tongue, bulging head, flattened nose, and enlarged spleen and liver in a one-year-old child with earlier normal development is characteristic of Mucopolysaccharidosis type I (Hurler syndrome).",1.7917594692220549,False,False,6
104,The resolution of IOPA is about:,10 Lp/mm,16 Lp/mm,28 Lp/mm,30 Lp/mm,B,B,"IOPA resolution is approximately 16 Lp/mm, which allows for detailed visualization of tooth structure and surrounding tissues.",1.7917594692220549,True,False,6
105,A patient diagnosed with carcinoma of lung presented with a serum calcium level of 16.4 mmol/L. What will be the first step in management?,IV fluids and furosemide,Immediate hemodialysis,Bisphosphonates,Chemotherapy with gemcitabine and carboplatin,A,A,"IV fluids and furosemide are used to correct hypercalcemia by increasing urine output and promoting calcium excretion, making it the first step in management.",1.7917594692220549,True,False,6
106,The following test may be abnormal in disseminated intravascular coagulation except:,Prothrombin,Activated partial thromboplastin time,D-timer levels,Clot solubility.,D,C,"D-dimer levels are typically decreased or normal in disseminated intravascular coagulation, as the excessive thrombin generation consumes and clears fibrinogen, leading to reduced D-dimer production.",1.7917594692220549,False,True,6
107,In Xerostomia the salivary pH is:,Unaffected,Low,High,increased in morning & decreases in day,B,B,"In xerostomia, the salivary pH is low due to decreased saliva production, leading to a more acidic oral environment.",1.7917594692220549,True,False,6
108,Which of the following is not true about stamp cusp?,Maintain vertical height of face,Facial incline might contact in MI,Sharp cusps and prominent ridges are present,Not recalled,C,A,"Stamp cusp does not maintain vertical height of face, as its primary function is to restore occlusal surface area and facilitate proper chewing mechanics in removable partial dentures.",1.7917594692220549,False,True,6
109,Sugar restricted to diet was beneficial in presence of unfavorable hygiene was from which study?,Hopewood,Experimental,Vipeholm,Turku,A,C,The Vipeholm study showed the beneficial effects of sugar restriction on dental health when hygiene practices were poor.,1.7917594692220549,False,True,6
110,"Alginate at 20 degrees, the gel is formed in",3-4 mins.,6-8 mins.,15-16 mins.,1-2 min.,A,A,"Alginate impression material forms a gel at around 3-4 minutes when kept at room temperature (approximately 20 degrees Celsius), due to the reaction between alginate and calcium ions.",1.7917594692220549,True,False,6
111,Most common tumor of lacrimal gland:,Trans-scaphoid perilunate fracture,Scaphoid fracture,Distal radius fracture,Hamate fracture,D,X,"The question asks for the most common tumor of the lacrimal gland, and none of the provided options (A, B, C, or D) are tumors. Instead, they represent different types of fractures. Therefore, option X (None of the above) is the correct answer due to the mismatch between the question's focus on tumors and the given",1.7917594692220549,False,False,6
112,Percentage of carbon in carbon steel hand instruments is,1-1.2%,10-12%,0.6 to 0.8%,6 to 8%,A,C,"Carbon steel hand instruments contain 0.6 to 0.8% carbon, providing an optimal balance of hardness and toughness for their intended use.",1.7917594692220549,False,True,6
113,"Topical administration of I% Pilocarpine failed to produce pupillary constriction in a patient who had a large, dilated pupil What should be the most probable reason?",Adie's tonic pupil,Diabetic III nerve palsy,Pharmacological blockade,Uncal herniation,C,A,"Adie's tonic pupil is characterized by a large, dilated pupil that does not constrict with accommodative effort or to darkness due to denervation supersensitivity of the radial muscle from damage to the postganglionic parasympathetic nerve fibres.",1.7917594692220549,False,True,6
114,Pregnancy gingivitis is caused by:,Bacteriodes melaninogenicus,Actinobacillus actinomycetemcomitans,Streptococcus sanguis,Fusobacterium,A,C,"Streptococcus sanguis is the primary bacterium causing pregnancy gingivitis due to hormonal changes during pregnancy, leading to an overgrowth of normal oral flora.",1.7917594692220549,False,True,6
115,Artery palpable at the anterior border of the masseter is :,Superficial temporal artery,Facial artery,Lingual artery,Maxillary artery,B,B,"Facial artery is palpable at the anterior border of the masseter muscle due to its course along this region, whereas superficial temporal artery (A) lies more laterally and superiorly, lingual artery (C) is medial to the mandible, and maxillary artery (D) is deep to the cheek.",1.7917594692220549,True,False,6
116,In DIC following are seen except,Fibrinogen decreased,Thrombocytopenia,Normal APTT,PT elevation,C,C,"In DIC, the APTT is typically prolonged due to consumption of clotting factors, not normal.",1.7917594692220549,True,False,6
117,Absorption of which of the following drugs is increased after a fatty meal?,Amphotericin B,Griseofulvin,Ampicillin,Aspirin,B,B,Fatty meals enhance absorption of Griseofulvin by increasing bile secretion and solubilizing the drug in micelles for better intestinal uptake.,1.7917594692220549,True,False,6
118,What is the basis of behavior shaping:,Stimulus response theory,Social learning principle.,Hierarchy of needs,None of the above.,A,A,Behavior shaping is based on stimulus-response theory because it involves manipulating environmental stimuli and their consequences to influence an individual's responses and modify future behavior through operant conditioning.,1.7917594692220549,True,False,6
119,Shortest root of maxillary 1st molar,Distobuccal,Mesiobuccal,Palatal,All are equal,A,C,"The palatal root is the shortest among maxillary first molar roots due to its narrow structure, making it more susceptible to fracture during endodontic treatment if not adequately accessed or instrumented.",1.7917594692220549,False,True,6
120,Malaria relapse common with which type plasmodium species?,Plasmodium malariae and vivax,Plasmodium falciparum and vivax,Plasmodium vivax and ovale,Plasmodium ovale and malariae,C,C,"Malaria relapse is common with Plasmodium vivax and ovale due to their ability to form hypnozoites, dormant liver stages that can reactivate and cause recurrent infections after the initial parasitemia has cleared.",1.7917594692220549,True,False,6
121,"Which of the following constituents is common in occlusal sealants, bonding agents, composite resins?",BIS GMA,Polymethyl methacrylate,Benzoin methyl ether,Silica filter,A,A,"BIS GMA is common in occlusal sealants, bonding agents, and composite resins due to its ability to polymerize upon exposure to light or chemicals, forming a durable and resistant material.",1.7917594692220549,True,False,6
122,Which primary tooth resemble premolar,Upper 1st molar,Lower 1st molar,Upper 2nd molar,Lower 2nd molar,A,C,"The upper 2nd primary molar resembles a premolar due to its single root, unlike other molars which have two roots.",1.7917594692220549,False,True,6
123,"According to Transplantation of Human Organs Act, which of the following doctors is/are not authorized to declare brainstem death?",RMP incharge of the hospital,Treating physician,Neurosurgeon,Surgeon doing liver transplant,D,D,"Surgeon doing liver transplant is not authorized to declare brainstem death as per the Transplantation of Human Organs Act, as this responsibility lies with an RMP incharge of the hospital, treating physician, or neurosurgeon.",1.7917594692220549,True,False,6
124,Which of the following types of lipase is controlled by glucagon?,Lipoprotein lipase,Hormone-sensitive lipase,Gastric lipase,Pancreatic lipase,B,B,"Hormone-sensitive lipase (HSL) is controlled by glucagon as it is an intracellular enzyme in adipose tissue involved in triglyceride breakdown, and glucagon's action increases HSL activity.",1.7917594692220549,True,False,6
125,In dentistry which sedatives are generally used:,Benzodiazepines,Morphine,NSAID,Pethidine,A,A,"Benzodiazepines are generally used in dentistry due to their ability to produce amnesia and muscle relaxation while providing minimal respiratory depression, making them suitable for anxious patients.",1.7917594692220549,True,False,6
126,In case of Fracture of mandible; alveolar border experiences which force,Tension,Compression,Torsion,Rotation,A,B,Compression force is experienced by the alveolar border in case of mandible fracture due to muscle attachments like masseter and medial pterygoid that generate compressive stress during jaw closure.,1.7917594692220549,False,True,6
127,The hormone having the maximum effect on granulation wound healing is:,Thyroxine,Cortisone,Parathormone,Epinephrine,B,A,"Thyroxine promotes collagen synthesis, cell proliferation, and angiogenesis, which are crucial steps in granulation tissue formation.",1.7917594692220549,False,True,6
128,The clot formed is not stable unless extensive cross-linking occurs. This extensive cross-linking of blood clot is done by:,Plasmin,Thrombin,HMWK,Factor XIII,D,D,"Factor XIII is responsible for extensive cross-linking of blood clots, ensuring their stability and strength.",1.7917594692220549,True,False,6
129,Pre-carve burnishing is useful for all except:,Bring further excess mercury to surface,Increase surface hardness,Decrease number and size of voids,Marginal adaptation,B,D,"Pre-carve burnishing does not directly impact marginal adaptation, as it primarily focuses on removing excess mercury, increasing surface hardness, and decreasing voids within the restoration.",1.7917594692220549,False,True,6
130,"A neonate is being investigated for jaundice. A liver biopsy shows features of a ""Giant Cell/Neonatal hepatitis"". Which one of the following conditions usually results in this case –",Congenital hepatic fibrosis,Hemochromatosis,Alpha–1–antitrypsin deficiency,Glycogen storage disease Type 1,C,C,"""Giant Cell/Neonatal hepatitis"" is a characteristic histopathological finding in Alpha-1-antitrypsin (AAT) deficiency, making option C the correct answer.",1.7917594692220549,True,False,6
131,Ammonia from brain is removed as:,Urea,Alanine,Glutamate,Glutamine,D,D,"Glutamine is formed in the brain to detoxify excess ammonia through a reaction catalyzed by glutamine synthetase, allowing for its removal via blood.",1.7917594692220549,True,False,6
132,Use of lithium during pregnancy increases the risk of development of which of the following malformations in the baby?,Facial defects,Cardiac defects,Neural tube defects,Urogenital defects,B,B,"Lithium use during pregnancy increases the risk of cardiac defects, particularly Ebstein's anomaly.",1.7917594692220549,True,False,6
133,Most common presentation of abdominal desmoids tumor is?,Abdominal pain,Abdominal mass,Fever,Urinary retention,B,B,Abdominal desmoid tumors most commonly present as an abdominal mass due to local invasion and growth.,1.7917594692220549,True,False,6
134,Noise induced hearing toss inosto affects:,Inner hair cell,Outer hair cell,Macula,Cupula,B,B,"Noise-induced hearing loss primarily damages outer hair cells (OHCs) within the cochlea, as they are responsible for amplifying sound vibrations.",1.7917594692220549,True,False,6
135,Replacing amino acid will not change its functions,Glutamine to Asparagine,Aspaate and Glutamate,Alanine to tryptophan,None of these,A,D,"Replacing one amino acid with another from a different category may significantly alter its function, as each type has distinct chemical characteristics that influence protein structure and activity.",1.7917594692220549,False,True,6
136,"A 75 year old chronic smoker who is diabetic and edentulous for the last 30 years has a bilateral body fracture, best treatment modality is",ORIF with reconstruction plate,Gunning splints,Two mini plates,Wire osteosynthesis,B,A,"ORIF with reconstruction plate is chosen due to the patient's age, chronic smoking, diabetes, and long-term edentulism, which necessitate a more stable fixation for bilateral body fractures.",1.7917594692220549,False,True,6
137,"Which of the following is used as, surface hardener in Impression material?",2% potassium sulfate,0.2% potassium sulfate,2% sodium sulfate,4% potassium sulfate,A,A,2% potassium sulfate is used as a surface hardener in impression material due to its ability to enhance mechanical properties and prevent tear or abrasion during removal.,1.7917594692220549,True,False,6
138,A 59-year-old female presents with gingival condition punched out crater-like depression covered with membrane which can be pulled off painlessly?,Diphtheritic lesion,Acute herpetic gingivostomatitis,ANUG,Syphilitic lesion,C,A,"Diphtheritic lesion is characterized by ulcerative patches on the tonsils or pharynx with a grayish membrane that can be painlessly pulled off, matching the described gingival condition.",1.7917594692220549,False,True,6
139,Visual cortex is present in the:,Occipital lobe,Temporal lobe,Frontal lobe,Parietal lobe,A,A,"The visual cortex is primarily located in the occipital lobe, responsible for processing visual information from the eyes.",1.7917594692220549,True,False,6
140,Bartholins duct is the name of :,Parotid duct,Submandibular gland,Sublingual duct,Lacrimal duct,C,X,"None of the given options accurately describe Bartholin's duct, as it refers to the paired excretory ducts of the greater vestibular glands (Bartholin's glands) in females, not parotid duct, submandibular gland, sublingual duct, or lacrimal duct.",1.7917594692220549,False,False,6
141,Which of the following exists as yeast at 37deg and hyphae at 25deg?,Histoplasma capsulatum,Sporothrix globosa,Candida albicans,Cryptococcus neoformans,A,A,Histoplasma capsulatum is a dimorphic fungus that exists as yeast at 37°C and hyphae at 25°C.,1.7917594692220549,True,False,6
142,Pulsatile varicose veins in lower limbs is seen in –,Klippel trenaunay syndrome,TR,RV failure,Carcinoid stenosis of tricuspid,A,A,Pulsatile varicose veins in lower limbs are seen in Klippel-Trenaunay syndrome due to the presence of arteriovenous fistula or malformations.,1.7917594692220549,True,False,6
143,"The number of dental caries cases reported during last 10 years are given below 250, 320, 190, 300, 5000, 100, 260, 350, 320 and 160. The epidemiologist wants to find out average number of caries cases reported in that town for last 10 yrs. The most appropriate average per this data will be",Arithmetic mean,Mode,Median,Geometric mean,C,X,"The dataset shows outliers and skewed distribution, making the median a more appropriate measure for finding the central tendency as it is less affected by extreme values.",1.7917594692220549,False,False,6
144,The most common bone cancer is:,Osteosarcoma,Metastatic bone cancer,Multiple myelonia,Squamous cell carcinoma,B,A,"Osteosarcoma is the most common primary malignant bone tumor, accounting for approximately 85% of all primary bone cancers.",1.7917594692220549,False,True,6
145,Which is the ligand for receptors present in liver for uptake of LDL?,Apo B-100,Apo B-48,Apo E and Apo B-100,Apo A-I,A,A,"Apo B-100 is the ligand for LDL receptors in liver, facilitating uptake of LDL particles.",1.7917594692220549,True,False,6
146,Amyloid protein in Hemodialysis associated with amyloidosis is-,AA,A b,b- 2 microglobulin,Transthyretin,C,C,Beta-2 microglobulin is responsible for amyloid deposition in Hemodialysis-associated amyloidosis due to constant mechanical stress on the dialyzer membrane and tubing during hemodialysis.,1.7917594692220549,True,False,6
147,Teeth that erupt in 30 days of birth,Neonatal teeth,Natal teeth,Premature teeth,None,A,C,Teeth erupting within 30 days of birth are classified as premature teeth.,1.7917594692220549,False,True,6
148,Arrange the following in the sequence of closure :,Umbilical Aery,Umbilical Vein,Ductus venosus and Foramen ovale,All,D,C,Ductus venosus and Foramen ovale close last due to the gradual transition from fetal to neonatal circulation after birth.,1.7917594692220549,False,True,6
149,"Drug adveisement letter is a necessary component of each drug formulation and contains various information about the drug like drug dosing, frequency and half-life. Which of the following information need not be given in the drug adveisement letter?",Research papers and other aicles proving efficacy of the drug,Date of expiry of the drug,"Rare, but serious life threatening adverse-effects","Common, not so serious adverse-effects",B,A,"Research papers and other articles proving efficacy of the drug need not be given in the drug advertisement letter, as it is a marketing material and not intended to provide scientific evidence.",1.7917594692220549,False,True,6
150,"In a patient with fresh blow out fracture of the orbit, best immediate management is",Wait & watch,Antral pack,Titanium Mesh,Glass bead mesh,A,A,"Wait & watch is chosen as the best immediate management for a patient with fresh blowout fracture of the orbit because it avoids potential complications associated with surgical intervention, such as worsening of the fracture.",1.7917594692220549,True,False,6
151,Which of the following drugs can be stopped abruptly without any withdrawal symptoms?,Esctilaopram,Fluoxetine,Fluvoxamine,Seraline,B,A,"Escitalopram can be stopped abruptly without any withdrawal symptoms due to its lack of significant ""trapping"" effect on serotonin, unlike other SSRIs.",1.7917594692220549,False,True,6
152,Keyhole-shaped visual field defect is seen in lesion involving which of the following regions?,Optic disk,Optic chiasma,Lateral geniculate body,Occipital lobe,C,D,"Keyhole-shaped visual field defect is characteristic of a lesion in the occipital lobe, particularly in the calcarine cortex (area V3 or V4), due to preservation of peripheral vision from fibers that enter the optic radiations more laterally.",1.7917594692220549,False,True,6
153,The soft tissue tooth interface that forms after flap surgery in a previously denuded area is,Long junctional epithelium,Collagen adhesion,Scar tissue attachment,Connective tissue attachment,A,A,Long junctional epithelium forms at the soft tissue tooth interface after flap surgery in a previously denuded area due to the extension of epithelial cells apically beyond their normal position to cover the exposed root.,1.7917594692220549,True,False,6
154,The test done for a statistically significant change in cholesterol values in a group of patients following an interventional programme is:,Chi square test,"Paired ""t"" test","Unpaired ""t"" test",Fisher test,B,B,"Paired ""t"" test is used for comparing means in paired or dependent samples, which fits the scenario of testing for a statistically significant change in cholesterol values within a group of patients following an intervention program.",1.7917594692220549,True,False,6
155,Mw vaccine is prepared from:,Mycobacterium bovis,Mycobacterium indicus pranii,Mycobacterium welchii,Mycobacterium tuberculosis,B,B,Mw vaccine is prepared from Mycobacterium indicus pranii (MIP) due to its non-tuberculous nature and proven safety and immunogenicity in humans.,1.7917594692220549,True,False,6
156,Guiding planes are:,Located adjacent to the edentulous area,Located far anterior to the edentulous area,Helps in the stability of the denture,Provides a different path of insertion and removal,A,A,"Guiding planes are located adjacent to the edentulous area, providing support for dentures by guiding their movement during placement and removal.",1.7917594692220549,True,False,6
157,Reflex which never disappear:,Walking and stepping reflex,Limb placement reflex,Parachute reflex,All of the above,D,D,"All of the above options (walking and stepping reflex, limb placement reflex, and parachute reflex) persist throughout life, ensuring proper posture, balance, and body orientation during movement.",1.7917594692220549,True,False,6
158,Vitamin D toxicity is treated with,Chloroquine,Hydroxycholoquine,Dexamethasone,Ketoconazole,C,X,"None of the options (A, B, C, or D) are directly used to treat vitamin D toxicity. Instead, treatment focuses on supportive care and managing symptoms due to excessive intake of vitamin D.",1.7917594692220549,False,False,6
159,Which of the following is not the component of qSOFA?,Respiratory rate >22/min,Systolic BP<100 mmHg,Altered mental status,Unequally dilated pupils,D,D,"Unequally dilated pupils are not a component of qSOFA, as it only considers respiratory rate >22/min, systolic BP <100 mmHg, and altered mental status.",1.5607104090364066,True,False,6
160,How much hone can be stretched at a time before it fractures:,1%,2%,6%,8%,B,C,"Human hair typically fractures at around 6% elongation, beyond which significant damage to the filament can occur.",1.7917594692220549,False,True,6
161,Tonsils developed from:,Ventral part of 3rd pouch.,Ventral part of 2nd pouch.,Dorsal part of 2nd pouch.,Ventral part of 3rd pouch.,B,C,Tonsils develop from the dorsal part of the 2nd pharyngeal pouch.,1.24245332489,False,True,6
162,Gutta Percha can effectively be sterilized by?,Hot salt sterilizer,Chemical solutions,Autoclaving,Dry heat,B,C,"Autoclaving is the most effective method for sterilizing Gutta Percha due to its ability to use high-pressure steam, ensuring complete elimination of microorganisms.",1.7917594692220549,False,True,6
163,Which of these conditions  does not require SABE prophylaxis,MR,ASD,MS,CABG,D,D,CABG (Coronary Artery Bypass Grafting) does not require SABE prophylaxis as it is a surgical procedure for coronary artery disease and not related to infective endocarditis prevention.,1.7917594692220549,True,False,6
164,Motor supply of infrahyoid muscle is:,Branches of cervical plexus,Vagus nerve,Glossopharyngeal nerve,Mandibular nerve,A,A,"The infrahyoid muscles receive their motor supply from branches of the cervical plexus, specifically the anterior rami of C1-C3 spinal nerves.",1.7917594692220549,True,False,6
165,This direction of force can cause:,Reduce overbite,Worsen open bite,Both,None,C,D,"This direction of force does not reduce overbite nor worsen open bite; therefore, neither option A nor B is correct.",1.5607104090364066,False,True,6
166,Cystinuria is characterised by –,Generalised aminoaciduria,Systemic acidosis,Deposition of cystine crystals in Renal tubular cells,Recurrent urinary caliculi,D,D,"Cystinuria is characterized by recurrent urinary calculi due to the abnormal reabsorption of specific amino acids, leading to their accumulation in urine and subsequent stone formation.",1.7917594692220549,True,False,6
167,"Patient with PPF transfusion complaint of breathing difficulty, tachycardic, tachypnia, Had Batwing sign present in X-ray. What will be the possible reason?",Transfusion related lung injury,Due to overload of PPF,Acute renal tubular acidosis,Hemoglobinuria,B,A,Transfusion-related lung injury (TRALI) due to the patient's acute onset of respiratory symptoms and the presence of the batwing sign on chest X-ray.,1.7917594692220549,False,True,6
168,Which of these is not a theory of TMJ ankylosis?,Calcification in the soft tissues around the joint space,Synovial fluid attracting calcium ions,Lateral displacement of fracture condyle with fusion  with zygomatic bone,Condylar burst,B,A,Calcification in soft tissues around the joint space is not a theory of TMJ ankylosis as it does not involve bony fusion or connection between the mandible and skull base.,1.7917594692220549,False,True,6
169,Fingerprinting (FINDER) involves recording prints of 8 fingers. Which finger pair is excluded?,Ring finger,Thumb,Little finger,Middle finger,C,D,"Middle finger is excluded in FINDER fingerprinting because it can be easily confused with the index or ring fingers, compromising accurate identification.",1.7917594692220549,False,True,6
170,Impression compound is characterized by all the following except:,Warps at room temperature,Is a thermoset material,Shows increased flow when kneaded with water,Low coefficient of thermal conductivity,B,B,"Impression compound is characterized as a thermoplastic material, not a thermoset material, which allows it to be softened and re-molded when heated.",1.7917594692220549,True,False,6
171,"In Galactorrhoea--amenorrhea syndromes, which is the investigation you should advise (apa from serum prolactin)?",TSH,LH,hCG,Urinary ketosteroids,A,A,"TSH measurement is advised in Galactorrhea-amenorrhea syndromes as hyperprolactinemia can be caused by hypothyroidism, necessitating thyroid function assessment.",1.7917594692220549,True,False,6
172,What is common in class I cavity preparation for amalgam and gold inlay?,Buccolingually divergent walls,Mesiodistally divergent walls,Maximum depth is needed in both cases to provide sufficient thickness,All of the above,B,X,"All three options (buccolingually divergent walls, mesiodistally divergent walls, and maximum depth for sufficient thickness) are common in class I cavity preparation for amalgam and gold inlay.",1.7917594692220549,False,False,6
173,Periodontal surgery is best performed,4 weeks after completion of the hygienic phase,8 weeks after the completion of the restorative phase,4 weeks before completion of occlusal adjustments,Immediately after the completion of the hygienic phase,A,A,Periodontal surgery should be performed 4 weeks after completion of the hygienic phase to ensure adequate healing and stabilization post-hygiene treatment.,1.7917594692220549,True,False,6
174,Endocrine glands that are not influenced by the pituitary gland include the:,"Thyroid gland, testes, and adrenal medulla","Adrenal medulla, parathyroids, and the islets of langerhans","Adrenal cortex, parathyroids and ovaries","Pancreas, adrenal medulla and thyroid gland",B,A,"The thyroid gland, testes, and adrenal medulla are not directly influenced by the pituitary gland due to their independent regulation mechanisms or negative feedback loops.",1.7917594692220549,False,True,6
175,Rooting reflex also known as search reflex disappears:,2 month,3 month,4 month,5 month,C,B,Rooting reflex disappears at 3 months due to the development of more mature sucking patterns.,1.7917594692220549,False,True,6
176,Migratory motor complexes in the gut reappear after intervals of:,60 minutes,90 minutes,120 minutes,150 minutes,B,X,"Migratory motor complexes reappear after intervals of 120 minutes, as this is the typical duration of a complete MMC cycle during fasting.",1.7917594692220549,False,False,6
177,IV ultrashort acting barbiturate:,Meprobamate,Pentobarbitone,Thiopentone,Phenobarbitone,C,C,Thiopentone is the IV ultrashort acting barbiturate due to its shortest duration of action and use as an induction agent for anesthesia.,1.7917594692220549,True,False,6
178,The component that sensitizes bacteria and virus to UV irradiation,Lipids,Carbohydrates,Inorganic salts,Nucleic acids,D,D,"Nucleic acids are the primary component that sensitizes bacteria and viruses to UV irradiation because they contain DNA, which is disrupted by UV light, leading to cross-links or thymine dimers that impair microbial function and reproduction.",1.7917594692220549,True,False,6
179,"All these are Included In active tissue engineering, except",Antigens fibroblasts,Bilayered cell therapy,Enamel matrix derivative,Acellular dermal matrix,D,A,"Antigens fibroblasts are not included in active tissue engineering as they pertain to immune responses, whereas the other options (B, C, and D) represent biomaterials or therapies used for regenerative medicine.",1.7917594692220549,False,True,6
180,For which of the following is PPV-23 is most beneficial:,Cystic fibrosis patient,Sickle cell anemia patient,Patient with recurrent rhinitis and sinusitis,Child less than 2 years,B,X,PPV-23 is most beneficial for children less than 2 years old due to their high risk of pneumococcal infections and related complications such as pneumonia and meningitis.,1.7917594692220549,False,False,6
181,Characteristic histopathological feature of basal cell car cinoma is,Nuclear palisading,Keratin pearls,Psammoma bodies,Foam cells,A,A,"Basal cell carcinoma is characterized by nests or islands of small, dark basaloid cells with peripheral nuclear palisading pattern.",1.7917594692220549,True,False,6
182,Most common mediastinal tumor:,Neurogenic tumor,Thymoma,Lymphoma,Bronchogenic cyst,A,A,"Neurogenic tumors are the most common type of mediastinal tumors, accounting for approximately 40% of all mediastinal masses.",1.7917594692220549,True,False,6
183,All are the branches of ECA that supply nasal septum except:,Anterior ethmoidal aery,Sphenopalatine aery,Facial aery,Superior labial aery,A,C,Facial artery is not a branch of ECA that supplies nasal septum; it primarily supplies the face.,1.5607104090364066,False,True,6
184,All of these are continuous variables except:,Height in cms,Weight in kg,Blood groups A. B. ABO,Age in years and months,C,C,"Blood groups A.B. ABO are categorical variables, not continuous, as they have distinct and separate categories without any intermediate values.",1.7917594692220549,True,False,6
185,Which of the following type of tongue thrusting has the worst prognosis?,Simple,Complex,Retained infantile swallow,All of the above,C,C,"Retained infantile swallow has the worst prognosis due to its significant interference with normal oral function, speech development, and articulation.",1.7917594692220549,True,False,6
186,CYP50 inhibition is least by:,Pantoprazole,Rabeprazole,Lansoprazole,Omeprazole,B,B,"Rabeprazole has the highest selectivity for CYP2C19 among PPIs, making it least likely to inhibit CYP50.",1.7917594692220549,True,False,6
187,Which of the following is a component of Pentalogy of Fallot –,Atrial septal Defect (ASD),Patent Ductus Arteriosus (PDA),Coarctation of Aorta (COA),Left Ventricular Hypertrophy (LVH),A,A,"Atrial Septal Defect (ASD) is a component of Pentalogy of Fallot, as it is one of the five structural abnormalities present in this rare congenital heart defect.",1.7917594692220549,True,False,6
188,The contractile element in a skeletal muscle is present in:,Sarcolemma,Sarcoplasm,Myofibril,Endomysium,C,C,"The contractile element in skeletal muscle is present in the myofibril, as it contains sarcomeres with actin and myosin filaments responsible for muscle contraction.",1.7917594692220549,True,False,6
189,Cherry red spot and Hollenhorst plaque are seen in:,CRAO,CRVO,Branch RAO,Branch RVO,A,A,"Cherry red spot and Hollenhorst plaque are seen in CRAO (complete retinal artery occlusion) due to preserved choroidal circulation providing oxygen to the central retina, as well as the presence of cholesterol emboli from atherosclerotic plaques.",1.7917594692220549,True,False,6
190,Optimal location for intra osseous anesthesia for mandibular second molars is,Distal to the molar,Mesial to the molar,In the furcation area,Apical perforation and injection,B,B,"Optimal location for intraosseous anesthesia (IO) for mandibular second molars is mesial to the molar, allowing access to the inferior alveolar nerve.",1.7917594692220549,True,False,6
191,Which statements is true regarding VENTOUSE :,Minor scalp abrasions and subgaleal hematomas in new born are more frequent than forceps,Can be applied when foetal head is above the level of ischial spine,Maternal trauma is more frequent than forceps,Can not be used when fetal head is not fully rotated,A,A,Ventouse is associated with a higher incidence of minor scalp abrasions and subgaleal hematomas in newborns compared to forceps due to its suction mechanism.,1.7917594692220549,True,False,6
192,"After cleaning and pumicing the tooth surface, plaque formation takes place within",A few minutes,1/2 to 1 hour,2 to 4 hour,After 1 hour,B,B,Plaque formation recommences within half an hour to one hour after cleaning and pumicing the tooth surface due to bacterial recolonization.,1.7917594692220549,True,False,6
193,Which of the following structure is not present on floor of third ventricle?,Optic stalk,Third nerve,Infundibulum,Mammillary body,B,B,Third nerve is not present on the floor of the third ventricle as it traverses the midbrain.,1.7917594692220549,True,False,6
194,Speech problems in cleft palate patients are due to,Lisping of tongue,Inability of soft palate to stop air to go into nasopharynx,Inability of learning process,All of the above,B,B,"Inability of soft palate to stop air to go into nasopharynx, as it is the primary anatomical defect causing speech problems in cleft palate patients.",1.7917594692220549,True,False,6
195,"According to the WHO definition of hearing loss, what is the value to classify as profound hearing loss?",61-71 dB,>81 dB,>91 dB,>101 dB,B,D,Profound hearing loss is classified as a hearing threshold of 101 dB or more in the better ear for speech frequencies according to WHO definition.,1.7917594692220549,False,True,6
196,"What we will define it ""ratio of no. of death under 1 year of age to total live birth per 1000 live births per year""?",Infant mortality rate,Child mortality rate,Child morbidity rate,Life expectancy rate,A,A,"The given definition corresponds to Infant Mortality Rate, as it measures the ratio of deaths under one year old to total live births per 1000 live births per year.",1.7917594692220549,True,False,6
197,"The necrotising pressure areas, undergoing bone resorption and endosteal bone formation",Juvenile periodontitis,Occlusal trauma,Chronic suppurative periodontitis,ANUG,B,B,Occlusal trauma is characterized by necrotizing pressure areas with subsequent bone resorption and endosteal bone formation due to repetitive forces from teeth grinding or clenching.,1.7917594692220549,True,False,6
198,CLED is better medium than MacConkey medium for processing of urine samples,It differentiate LF from NLF Bacteria,Prevents swarming of proteus,Identifies pseudomonas,"Allows staphylococcus,Streptococcus and candida to grow",D,X,"CLED agar is a better medium than MacConkey agar for processing urine samples because it supports the growth of non-lactose fermenting bacteria such as Staphylococcus, Streptococcus, and Candida.",1.7917594692220549,False,False,6
199,Pre-maturity in edge to edge position is relieved by reducing:,Mandibular incisal edge.,Maxillary lingual fossa.,Both AB,Either AB,A,C,"Both mandibular incisal edge and maxillary lingual fossa are involved in an edge-to-edge position, necessitating reduction of either or both to relieve pre-maturity.",1.7917594692220549,False,True,6
200,Most effective method of assessing breathing is by measuring:,Tidal volume,Respiratory rate,Alveolar ventilation,FEV 1,D,C,"Alveolar ventilation is the most effective method as it measures both tidal volume and dead space volume, providing a comprehensive assessment of respiratory function.",1.7917594692220549,False,True,6
201,Major aim of phase 1 clinical trials is:,Safety,Efficacy,Dose,Pharmacokinetics,C,A,"The major aim of Phase 1 clinical trials is to assess the safety and tolerability of an investigational drug in healthy human volunteers or patients for the first time, focusing on identifying potential adverse events and establishing a safe dose range.",1.7917594692220549,False,True,6
202,The blood pressure data of 200 persons were collected. The first quaile BP of the data was 94 mm Hg and third quaile was 110 mm. How many patients have blood pressures between the 3rd and 4th quaile?,25,50,100,200,B,X,"The fourth quartile would be approximately 125 mm Hg (110 mm Hg + 15 mm Hg), and since each quartile includes about 25% of the population, there are 50 patients in Q4. To find those with BP between Q3 and Q4, subtract the number in Q3 from Q4: 50 -",1.7917594692220549,False,False,6
203,Which of the following defines the pressure in the vascular system in the absence of blood flow? (Asked twice),Pulse pressure,Critical closing pressure,Mean circulatory filling pressure,Perfusion pressure,C,C,"Mean circulatory filling pressure defines the pressure in the vascular system in the absence of blood flow, as it represents the average blood pressure at rest when there is no net blood flow.",1.7917594692220549,True,False,6
204,Best parameter for ultrasound evaluation of IUGR is:,Placental membrane,Length of femur,Abdominal circumference,BPD,C,C,Abdominal circumference is the most accurate and reliable parameter for ultrasound evaluation of IUGR due to its lesser dependence on fetal position.,1.7917594692220549,True,False,6
205,"According to WHO classiﬁcation of periapical pathology, sinus to oral cavity comes  under:",4.6,4.6,4.61,4.62,D,C,"The sinus communicating with the oral cavity is classified as WHO category 4.61, which represents a radicular cyst that communicates with the oral cavity through an ostium.",1.7917594692220549,False,True,6
206,"In a child, surgery was done for biliary stricture with hepatojejunal anastomosis. Postoperative bilirubin level after 2 weeks was 6 mg/dL from a preoperative level 12mg/dL. The reason for this could be:",Normal lowering of bilirubin takes time,Anastomotic stricture,Delta bilirubin,Mistake in lab technique,C,A,"Normal lowering of bilirubin takes time, as the body adjusts to improved bile flow following surgical intervention.",1.7917594692220549,False,True,6
207,"A 2 month old girl has failure to thrive, polyuria and medullary nephrocalcinosis affecting both kidneys. Investigations show blood pH 7.48, bicarbonate 25 mEq/l, potassium 2 mEq/l, sodium 126 mEq/l and chloride 88 mEq/l. The most likely diagnosis is -",Distal renal tubular acidosis,Primary hyperaldosteronism,Bartter syndrome,Pseudohypoaldosteronism,C,A,"Distal renal tubular acidosis (dRTA) is the most likely diagnosis due to the patient's symptoms of failure to thrive, polyuria, and medullary nephrocalcinosis affecting both kidneys, along with low blood bicarbonate levels indicating impaired urinary acidification.",1.7917594692220549,False,True,6
208,Resin teeth:,Show a high compressive strength,Contraindicated in patients with decreased inter occlusal distance,Show crazing,Show a high fracture strength,D,C,"Resin teeth show crazing due to shrinkage of the resin material, which causes fine cracks or fissures on their surface.",1.7917594692220549,False,True,6
209,"In alpha-thalassemia trait,electrophoresis shows:March 2005",Increased HbF and normal HbA2,Normal HbF and normal HbA2,Normal HbF and decreased HbA2,Decreased HbF and normal HbA2,B,B,"Normal HbF and normal HbA2 are observed in alpha-thalassemia trait due to the defect being limited to one of the two alpha-globin genes, preserving the production of fetal hemoglobin (HbF) and adult hemoglobin A2 (HbA2).",1.7917594692220549,True,False,6
210,Zone of stimulation contains all except:,Fibroblasts,Osteoclasts,Osteoblasts,New bone formation,B,B,Osteoclasts are not present in the zone of stimulation as they primarily function in bone resorption rather than new bone formation or matrix synthesis.,1.7917594692220549,True,False,6
211,Minimum number of lobes require to form a tooth,1,2,3,4,A,A,"A single lobe is sufficient to form a tooth, as it develops from the enamel organ derived from oral ectodermal thickening.",1.7917594692220549,True,False,6
212,In the odontoblastic layer the following connections is/are found,Zona adherens,Gap junctions,Zonula occludens,All of the above,D,B,"Gap junctions are found in the odontoblastic layer, allowing for direct cell-to-cell communication and coordination of dentin formation.",1.7917594692220549,False,True,6
213,All are features of Neonatal Tetanus except –,Refusal to feed is common initial symptom,Caused by clostridium tetani,Usually occurs in 1st 2 days of life,Mortality is 50–75%.,C,C,"Neonatal Tetanus typically presents with symptoms after the first week of life, not within the first two days.",1.7917594692220549,True,False,6
214,"In assessing infant deaths, Ploucquet's test involves:",Change in specific gravity of lungs,Presence of air in stomach and duodenum,Change in paial weight of lungs,Air in middle ear,C,C,"Ploucquet's test measures the change in partial weight of lungs, which is an indicator for assessing infant deaths by determining if there was any air trapped within the alveoli.",1.7917594692220549,True,False,6
215,Scammon's growth curve. False is,Neural tissues-Most of the growth is completed by 6 years,Lymphoid tissues — growth reaches 200%  by age 13 and regresses afterwards,Genital tissues — most of the growth is completed by the age of puberty,None of the above,C,A,"Neural tissues continue to grow throughout life according to Scammon's growth curve, contradicting the statement that most of the growth is completed by 6 years.",1.7917594692220549,False,True,6
216,The transport of CO is diffusion limited because,Binds avidly with Hb,Partial pressure of CO is less,CO is less absorbed in water,Alveolar membrane is less permeable,A,A,"Carbon monoxide binds avidly with hemoglobin, leading to diffusion limitation during transport from alveoli to blood due to reduced available sites for oxygen.",1.7917594692220549,True,False,6
217,Acetazolamide is given to a patient of angle closure glaucoma. It is a non-competitive inhibitor of carbonic anhydrase enzyme. Which of the following should be the effect of this drug?,Decrease in Vmax,A.Decrease in Km,Increase in both Km and Vmax,No change in Vmax,A,D,"Acetazolamide, as a non-competitive inhibitor, binds to the allosteric site and does not affect the maximum velocity (Vmax) of the enzyme.",1.7917594692220549,False,True,6
218,All are true about rapid sequence induction done in a cardiac patient in emergency except:,Inducing agent and neuromuscular relaxant are administered together,The patient is pre-oxygenated for 3 minutes before the procedure,Cricoid pressure has to be applied till the endotracheal tube has been secured with a cuff,Induction should be done with thiopentone sodium and succinylcholine for muscle relaxation,D,D,"Thiopentone sodium is not the preferred choice for induction in cardiac patients; instead, etomidate or ketamine are commonly used due to their hemodynamic stability. Succinylcholine can cause hyperkalemia and worsen ischemia in cardiac patients, making it less desirable for RSI in this population.",1.7917594692220549,True,False,6
219,"A 25-year-old lady presents with sudden severe bilateral loss of vision, more so on the right side, with no perception of light. Rest of the examination including pupillary reflexes, fundus and optokinetic nystagmus are normal. She was able to touch the tips of her fingers with her right eye closed but not with her left eye closed. The most like1 tgnosis is:",Optic neuritis,Anterior ischemic optic neuropathy,CMV retinitis,Functional vision loss,D,B,"Anterior ischemic optic neuropathy is the most likely diagnosis due to sudden severe bilateral vision loss, more pronounced on the right side, and absence of perception of light, indicating an ischemic event affecting the optic nerve.",1.7917594692220549,False,True,6
220,"A 60-year old male presents with painful, 141 oupet. vesicles over erythematous plaques in T3 dermatome region of trunk. Which of the following would be the most likely causative organism?",Varicella zoster,Herpes simplex,Pox virus,Papilloma virus,A,A,"The patient's presentation with painful, grouped vesicles over erythematous plaques in a dermatomal distribution (T3 region on the trunk) is highly suggestive of herpes zoster (shingles), which is caused by varicella zoster virus (VZV).",1.7917594692220549,True,False,6
221,"A patient is administered 200 mg of a drug. 75 mg of the drug is eliminated from the body in 90 minutes. If the drug follows first order kinetics, how much drug will remain after 6 hours?",12.5 mg,25 mg,30 mg,50 mg,C,X,"The given information indicates a half-life elimination rate, as 75 mg is eliminated in 90 minutes (0.5 hours). Assuming first-order kinetics, this means the drug concentration halves every 0.5 hours. After 6 hours, there will be four half-lives, resulting in the original dose being reduced to 25 mg (2^4 = 1",1.7917594692220549,False,False,6
222,The most common side effect of the oral administration of ampicillin is,Anaphylactic shock,Diarrhoea,Oral candidiasis,Renal failure,B,B,"Diarrhea is the most common side effect of oral ampicillin administration due to disruption of normal gut flora and overgrowth of Clostridium difficile, leading to an imbalance in gut microbiota.",1.7917594692220549,True,False,6
223,Adverse effects of salbutamol are all except,Tremors,Tachycardia,Hypoglycemia,Hypokalemia,C,C,"Salbutamol does not cause hypoglycemia; instead, it can lead to hyperglycemia due to increased glucose release from the liver and enhanced glycogenolysis.",1.7917594692220549,True,False,6
224,Most common extraradicular microorganism is/ are:,Actinomyces species.,Propioni bacterium.,Propionicum.,All of the above.,D,D,"All three options - Actinomyces species (A), Propioni bacterium (B), and Propionicum (C) - are known to cause extraradicular infections, making option D the correct answer.",1.7917594692220549,True,False,6
225,Ludwig's angina is characterized by,Raised tongue,Elevation of ear lobe,Trismus,Unilateral swelling,A,C,"Ludwig's angina is characterized by trismus due to inflammation and swelling in the floor of mouth, leading to pain and stiffness in the jaw muscles.",1.7917594692220549,False,True,6
226,Least condensation pressure is required in:,"Spherical amalgam alloy, high copper","Admixed amalgam alloy, high copper","Admixed amalgam alloy, low copper",Lathe cut alloy,A,D,Lathe cut alloy requires the least condensation pressure due to its more irregular surface area resulting from manufacturing by cutting thin sheets into strips or pellets.,1.7917594692220549,False,True,6
227,Denominator in perinatal moality rate,Total bihs,Total live bihs,Live bihs + Still bih,Total number of newborns,A,B,"The denominator in perinatal mortality rate (PNMR) is total live births because it measures deaths among fetuses and neonates within a given time period divided by the number of live births during that time period, excluding stillbirths.",1.7917594692220549,False,True,6
228,A child spends 8 years of life in a temperate climate where the drinking water had fluoride of 3 ppm. The teeth that are effected are:,All primary teeth,"All permanent teeth, except third molars","Incisors, canines, premolars and third molars",Only molars,B,C,"Incisors, canines, premolars, and third molars are affected by excessive fluoride intake due to drinking water with levels above 3 ppm, leading to dental fluorosis.",1.7917594692220549,False,True,6
229,The ideal instrument that is used to widen the canal is,Broach,File,Fissure bur,Reamer,B,D,"The ideal instrument for widening a root canal is a reamer, as it is specifically designed for enlarging and shaping the canal while maintaining its curvature.",1.7917594692220549,False,True,6
230,"According to instrument formula given by G.V. Black, primary cutting edge angle should be:",More than 50 degree,More than 90 degree,Less than 50 degree,Less than 90 degree,A,C,The primary cutting edge angle according to G.V. Black's formula should be less than 50 degrees for optimal access into the sulcus during dental exploration.,1.7917594692220549,False,True,6
231,Which of the following is not true for incubation period?,For determining isolation period of a disease,To prevent infection among contacts,For quarantine of disease,To differentiate among secondary cases and co-primary cases,A,D,"Incubation period does not serve to differentiate among secondary cases and co-primary cases, as it is a time frame for symptom development post-exposure, rather than distinguishing between different types of cases.",1.7917594692220549,False,True,6
232,Treatment of ANUG utilizes all except:,Debridement,Oral hygiene,Penicillin,Topical steroid,D,D,Topical steroids are not part of the treatment regimen for ANUG due to their potential to exacerbate infection and inflammation.,1.7917594692220549,True,False,6
233,Median rhomboid glossitis is associated with:,Burning mouth syndrome,Fungal infection,Bacterial infection,Absence of filiform papillae,D,B,Median rhomboid glossitis is associated with fungal infection due to the involvement of Candida albicans.,1.7917594692220549,False,True,6
234,A young male present with loose motions and intermittent abdominal pain over the past 1 year. Wet mount stool specimen showed the presence of multiple ova which are more than 100u in diameter. The causative organisms for the disease shall not include?,Fasciola gigantica,Gastrodiscoides hominis,Echinostoma ilocanum,Opisthorchis viverrini,D,D,"Opisthorchis viverrini is excluded due to its characteristic small, operculated eggs measuring around 13-16 x 9-12 µm, which contradicts the presence of ova more than 100u in diameter.",1.7917594692220549,True,False,6
235,"Concentric teeth bite mark on forearm, what to do next?",2 swab technique for saliva collection,Keep scale for measuring below the mark and take photo in the plane of bite,Complete description of injury as seen,Prepare cast using vinyl polysiloxane,C,B,"Keeping a scale for measuring below the mark and taking a photo in the plane of bite ensures accurate documentation of the bite mark's dimensions and orientation, which is crucial for forensic analysis.",1.7917594692220549,False,True,6
236,A patient believes he is the most impoant person in the world than anyone so his neighbors and family is trying to harm him as they are jealous of him. His wife says otherwise and says he behaves like this recently only before he was working as a school-teacher peacefully and brought to OPD. He is suffering from:,Delusion of grandiosity,Delusion of persecution,Delusion of grandiosity and persecution,"Delusion of grandiosity, persecution and reference",D,X,The patient exhibits both grandiose beliefs (considering himself the most important person) and persecutory delusions (believing family and neighbors are trying to harm him due to jealousy).,1.7917594692220549,False,False,6
237,Measuring variation between two different units is done through,Variance,Standard deviation,Coefficient of variation,Range,C,C,"Coefficient of variation (CV) is used to measure variation between two different units because it represents standard deviation as a proportion of the mean, enabling comparisons across scales.",1.7917594692220549,True,False,6
238,Which of the following diseases is diagnosed with the help of the flowcytometry pattern?,Bruton disease,Bare lymphocyte syndrome,Hyper IgM syndrome,Severe combined immunodeficiency disease,C,C,"Hyper IgM syndrome is diagnosed with the help of flow cytometry pattern due to its ability to identify abnormal B-cell differentiation and impaired class switch recombination, leading to elevated levels of immunoglobulin M (IgM) and low or absent levels of other immunoglobulins.",1.7917594692220549,True,False,6
239,Best indicator of developing cardiovascular disease is,LDL cholesterol level more than 120 mg/dl,History of salt intake of more than 6 gm/day,LDL/HDL ratio,All of the above,C,X,"The LDL/HDL ratio is the best indicator because it takes into account both ""bad"" (LDL) and ""good"" (HDL) cholesterol levels, providing a more comprehensive assessment of cardiovascular risk.",1.7917594692220549,False,False,6
240,Pulp proper contains,Large Blood vessels,Nerve fibers,Fibroblasts,All of the above,D,D,"The pulp proper contains all of the components listed in the options, including large blood vessels, nerve fibers, and fibroblasts.",1.24245332489,True,False,6
241,"Which of the following is used as a bio-degradable membrane in ""guided tissue regeneration"" process?",Polylactic acid,Poly tetrafluoroethylene,Millipore,Core membrane,A,A,"Polylactic acid is used as a bio-degradable membrane in guided tissue regeneration due to its biodegradable and resorbable properties, allowing for bone growth while being gradually replaced by new tissue.",1.7917594692220549,True,False,6
242,Pulmonary-renal syndromes include-,Goodpasture,Leptospirosis,Hantavirus and Wegner's,All,D,D,"Pulmonary-renal syndromes encompass multiple conditions, including Goodpasture syndrome (A), leptospirosis (B), hantavirus infection (C), and Wegener's granulomatosis (C), making option D (All) the correct answer.",1.7917594692220549,True,False,6
243,Bone sounding done in modern times is performed by which method?,RVG,Probing,CBCT,Radiovisiography,C,A,"Radiographic Visualization of Gingiva (RVG) is used in modern times to perform bone sounding, as it provides detailed images of the gingival tissues for accurate assessment.",1.7917594692220549,False,True,6
244,Oil red '0' stain is used for:,Glutaraldehyde fixed specimen,Alcohol fixed specimen,Formalin fixed specimen,Frozen specimen,D,D,"Oil Red O stain is used for frozen specimen as it allows lipids and fats in tissue sections to dissolve into the oil-based dye, producing a red color.",1.7917594692220549,True,False,6
245,Jaw or tooth apart swallow is:,Infantile swallow.,Mature swallow.,Both,None.,A,A,"Infantile swallow involves jaw-tooth-apart position, distinguishing it from mature swallow.",1.7917594692220549,True,False,6
246,A female with suspected child abuse was brought to the casualty with severe bleeding from the perineum. What should be the first line of management?,Airway maintenance,Internal iliac aery ligation,Whole blood transfusion,Inform police before staing the treatment,A,D,"Informing police before starting treatment ensures preservation of evidence for forensic and legal purposes, which is crucial in suspected cases of child abuse.",1.7917594692220549,False,True,6
247,Classify the class of recession:,Class 1,Class 2,Class 3,Class 4,C,C,"Root surface caries, as per G.V. Black's system for classification of cavities.",1.7917594692220549,True,False,6
248,Method of choice for a New born child not passing urine for 36 hours :,Ultrasound of kidney & bladder,CT Scan,Cystoscopy,X–ray pelvis,A,A,"Ultrasound is the method of choice for a newborn child not passing urine for 36 hours as it offers rapid, non-invasive evaluation of kidney and bladder anatomy to identify potential obstructions or anatomical anomalies.",1.7917594692220549,True,False,6
249,Bacteria free zone of dentinal caries is,a)Zone of decomposed dentin,Zone of bacterial invasion,Zone of decalcification,Zone of dentinal sclerosis,D,B,"The bacteria-free zone in dentinal caries refers to the area beneath the enamel-dentin junction where there is no detectable presence of bacteria, as this region has a more acidic environment and lower oxygen levels due to the proximity of the enamel.",1.7917594692220549,False,True,6
250,Which is not a type of Gracey curvettes?,# 1-2,# 11-12,# 13-14,# 5-16,D,D,"Gracey curettes are classified into four types (#1 to #4), making options #5-16 not a part of this classification.",1.7917594692220549,True,False,6
251,Which ion of hydroxyapatite crystals is substituted by Fluoride imparts more strength?,Hydroxyl ion,Calcium ion,Phosphate ion,None,A,A,"Fluoride ions substitute hydroxyl ions in hydroxyapatite crystals, enhancing crystal strength due to improved resistance against acid etching and overall mechanical properties.",1.7917594692220549,True,False,6
252,Cleaning of base metal alloy is done by,Warm HCl,Cold HF,Cold H2 So4,Sand blasting with aluminium oxide,D,D,"Sandblasting with aluminum oxide is used for cleaning base metal alloys due to its effectiveness in removing surface contaminants and roughening the alloy surface, making it suitable for dental applications.",1.7917594692220549,True,False,6
253,Estimation of the blood sugar is relevant in all except –,Birth asphyxia,Large for date baby,Baby of hypothyroid mother,Rh Incompatibility,C,D,"Rh incompatibility is not directly related to the estimation of blood sugar, as it primarily concerns the potential for hemolytic disease of the newborn due to mismatched red blood cell antigens between mother and fetus.",1.7917594692220549,False,True,6
254,All are true about isolated aoic stenoses except:,Pulsus bisferiens,Cardiac apex is displaced laterally to left,Thrill in carotid aery,Blood pressure maintained in initial phase,A,A,"Pulsus bisferiens is characteristic of conditions with both systolic and diastolic components to the pulse wave, such as aortic regurgitation, not isolated aortic stenosis.",1.7917594692220549,True,False,6
255,"Which of the following is the most common site for the
occurrence of a basal cell carcinoma?",Buccal mucosa,Hard palate,Skin of the lower lip,Dorsum of the tongue,C,C,The skin of the lower lip (option C) is the most common site for basal cell carcinoma due to its high exposure to solar radiation.,1.7917594692220549,True,False,6
256,Who was associated with second amalgam war?,G V Black,Charles bell,Huggins,Alfred stock,D,D,Alfred Stock was associated with the second amalgam war as he led the opposition against mercury-based dental amalgams in Germany due to concerns about their toxicity and environmental impact.,1.7917594692220549,True,False,6
257,Reticular fibers of collagen tissues are present in all of the following except:,Thymus,Spleen,Bone marrow,Lymph node,A,A,"Reticular fibers are absent in thymus, which is composed mainly of epithelial cells and lymphoid cells, whereas they are present in spleen, bone marrow, and lymph nodes.",1.5607104090364066,True,False,6
258,Which of the following muscle is not supplied by the nerve marked in the diagram?,Superior oblique,Medial rectus,Inferior rectus,Inferior oblique,A,C,"Inferior rectus is not supplied by the nerve marked in the diagram, as it is innervated by cranial nerve VI (Abducens), whereas the diagram represents cranial nerve III (Oculomotor).",1.7917594692220549,False,True,6
259,Which is a direct content of cavernous sinus?,Ophthalmic division of trigeminal nerve,Trochlear nerve,Abducent nerve,Oculomotor nerve,C,A,"The ophthalmic division of the trigeminal nerve is a direct content of the cavernous sinus, as it passes through this dural venous structure.",1.7917594692220549,False,True,6
260,"In Mount and Hume classification, what will be the site size of the following lesion?",2.1,2.2,3.1,3.2,C,B,"The lesion's largest diameter is 2.2 cm, which falls within the Mount and Hume classification category of 2.2 (lesions between 1.5 - 3 cm).",1.7917594692220549,False,True,6
261,Keeping in Jack-knife position for long leads to death by:,Wedging,Burking,Positional asphyxia,Traumatic asphyxia,C,C,"Positional asphyxia occurs when the Jack-knife position compromises ventilation and compresses the diaphragm, leading to respiratory distress if sustained for an extended period.",1.7917594692220549,True,False,6
262,Extraction of 3rd molar tooth bud in 7-9 yr old child:,Improves growth of maxilla,Causes excessive damage to the mandible,Results of future orthodontic treatment are	improved anterior teeth,Results in less crowding,D,A,"Early extraction of 3rd molar tooth bud in 7-9 yr old child improves growth of maxilla by preventing overcrowding and promoting normal eruption, thus avoiding potential impaction.",1.7917594692220549,False,True,6
263,Which of the following statements is false in relation to myofacial pain dysfunction syndrome?,Mainly affects young females,Is caused by muscle fatigue due to chronic oral habits as grinding and clenching,Treatment involves construction of occlusal guard and stress free emotional condition,The perioral musculature becomes hypotonic,D,X,"Myofascial pain dysfunction syndrome is characterized by hypertonia (increased muscle tone) in the perioral and masticatory muscles, not hypotonia (decreased muscle tone).",1.7917594692220549,False,False,6
264,Which of the following features is not seen in Crouzon syndrome?,Midface hypoplasia,Syndactyly,Beak shaped nose,Ocular hypertelorism,B,B,Syndactyly is not a feature of Crouzon syndrome; it is typically associated with Apert syndrome.,1.24245332489,True,False,6
265,The best finish line for anterior metal ceramic crown is,Chamfer with bevel,Heavy chamfer,Shoulder,Shoulder with bevel,D,D,"Shoulder with bevel is chosen for anterior metal-ceramic crowns as it ensures adequate ceramic thickness and better aesthetics due to thinner metal exposure at the gingival level, while also helping in retaining tooth structure.",1.7917594692220549,True,False,6
266,"Kamlesh, a 2 year old girl, has Down's syndrome. Her karyotype is 21/21 translocation. What is the risk ofrecurrence in subsequent pregnancies if the father is a balanced translocation carrier :",100%,50%,25%,0%,A,X,"The risk of recurrence in subsequent pregnancies if the father is a balanced translocation carrier is 25% because he can pass on either the normal chromosome or the abnormal chromosome, resulting in a 50% chance for each offspring to inherit the balanced translocation and a 50% chance not to inherit it.",1.7917594692220549,False,False,6
267,Which of the following are the predominant connective tissue cells of the periodontal Ligament?,Cementoblasts,Fibroblasts,Osteoblasts,Rests of Malassez,B,B,"Fibroblasts are the predominant connective tissue cells of the periodontal ligament, responsible for producing collagen and other components.",1.7917594692220549,True,False,6
268,Which of the following is characterized by Apple Jelly Nodules?,Scrofula,Lupus vulgaris,Ghon’s focus,Ghon's complex,B,B,"Apple Jelly Nodules are characteristic of Lupus Vulgaris due to its distinctive yellow-brown, soft, and friable appearance under the microscope.",1.7917594692220549,True,False,6
269,"A 50 years okl smoker and hypeensive was diagnose to have non-small cell lung carcinoma with brain metastases. He is on enalapril and hydrochlorothiazide for hypeension. On investigation, he had a serum Sodium 120 mg/dl|, Urinary Sodium ll0 mg/dl, Serum creatinine 0.8 mg/dL, Serum osmolarity 285 mOsm/L, Urinary osmolarity 35l mOsm/L, Urinary K+ 9 mg/dl, Blood sugar ll2 mgldL and BP of 150/90 mm Hg. Which of the following is the mnst probable cause for his hyponatremia?",Cerebral salt wasting,Diuretic induced,SIADH,Pseudohyponatremia,C,A,Hyponatremia with high urinary sodium and brain metastases suggest Cerebral Salt Wasting syndrome.,1.7917594692220549,False,True,6
270,"A 40 year male complaining of hot flushes each time he baths. Hb: 20%gm, Platelet: 89,000/mL, WBC: 30,000/mL, Investigation revealed JAK2 mutation. What is the most likely diagnosis?",PMF,CML,PCV,Essential thrombocytosis,C,A,"The patient's symptoms of hot flushes triggered by bathing, along with laboratory findings such as anemia (Hb: 20% gm), low platelet count (89,000/mL) and elevated WBC (30,000/mL), are consistent with Primary Myelofibrosis (PMF).",1.7917594692220549,False,True,6
271,A 55- year old diabetic patient presents with transient obscuration in vision for 2-3 days followed by sudden loss of vision. Which of the following would be the best test to evaluate the symptoms?,Serum ACE levels,Quantiferon-Gold TB test,Elevated homocysteine levels,Serum creatinine levels,D,D,"Serum creatinine levels are best suited to evaluate this patient's symptoms as they indicate potential renal impairment, which can contribute to hypertension and exacerbate diabetic microvascular complications, such as CRAO.",1.7917594692220549,True,False,6
272,One of the most common side effects of phenytoin is,Gingival Hyperplasia,Gingival Necrosis,Dental stains,Hypertension,A,A,"Phenytoin commonly causes gingival hyperplasia due to its anti-folate properties, leading to increased fibroblast activity and collagen deposition in the gingiva.",1.7917594692220549,True,False,6
273,"A 38-years old patient who had a total abdominal hysterectomy presents 2 months postop complaining of leakage of urine from the vagina. On examination, no fistula can be identified. Dilute methylene blue (100mL) is injected into the bladder through a Foley catheter and a tampon is placed in the vagina. The patient is asked to walk for about 15 minutes, after which the patient is found to be wet, but there is no blue stain anywhere on the tampon. Which of the following is true:-","100mL was probably not enough methylene blue, and the test should be repeated with a higher volume",The patient probably has stress incontinence not a fistula,The patient probably has a ureterovaginal fistula,The patient most likely has small apical vesicovaginal fistula that was too small to leak the dye in 15 minutes,C,X,"Stress incontinence is characterized by leakage of urine during physical exertion or coughing, which aligns with the patient's symptoms (leakage after walking for 15 minutes).",1.7917594692220549,False,False,6
274,Freedom of centric relation correlates with,0.15 - 1.5 mm,0.20 - 0.40 mm,0.5 to 1.5 mm,1 to 2 mmm,C,X,"Freedom of centric relation typically ranges from 0.5 to 1.5 mm, indicating the acceptable amount of movement or play between maxillary and mandibular teeth when they are in contact at centric relation.",1.7917594692220549,False,False,6
275,Ganglionic transmission is mediated by:,Presynaptic alpha-receptors,Postsynaptic beta-receptors,Postsynaptic dopaminergic receptors,Postsynaptic nicotinic receptors,D,D,Ganglionic transmission is mediated by postsynaptic nicotinic receptors because they are responsible for neurotransmission between preganglionic sympathetic or parasympathetic neurons and postganglionic neurons in autonomic ganglia.,1.7917594692220549,True,False,6
276,Which of the following is not an example of a syndrome caused by uniparental disomy?,Prader-Willi syndrome,Angelman syndrome,Russell-Silver syndrome,Bloom syndrome,D,D,"Bloom syndrome is not an example of a syndrome caused by uniparental disomy, as it results from biallelic mutations in the BLM gene rather than inheriting both copies of a chromosome or chromosomal segment from one parent.",1.5607104090364066,True,False,6
277,"One of the many mechanisms of adverse events is its increased binding to secondary targets, usually proteins. With respect to the primary target, the secondary target:",Should be present in the same tissue as the primary target,Should have similar binding sites,Should have absolutely identical secondary structure,Should have a similar primary structure,B,B,The secondary target should have similar binding sites for the drug to facilitate adverse events due to increased binding at off-targets or allosteric sites.,1.7917594692220549,True,False,6
278,School based dental health care for whole country is adopted by which of the following country?,USA,NewZealand,Sweden,Australia,B,B,"New Zealand has a national oral health program, 'School Dental Scheme', providing free dental care for all children up to 18 years of age, ensuring equal access across the country.",1.7917594692220549,True,False,6
279,Postrenal transplant patient presents with diarrhoea after 3 months; it was showing organism measuring 2-6 micron meter and kinoyn stain positive. Most likely it is caused by:,Balantidium coli,Clostridium difficile,Cystoisospora belli,Cryptosporidium hominis,D,D,"Cryptosporidium hominis is the most likely cause due to its characteristic size (2-6 micrometers) and positive kinonyne stain, indicating an acid-fast microorganism.",1.7917594692220549,True,False,6
280,Iron entry into enterocytes occurs which of the following?,DMT-1,Ferropoin,Transferrin,Hepcidin,A,A,"DMT-1 (divalent metal transporter 1) is responsible for transporting dietary iron into enterocytes across the apical membrane, being the initial step of non-heme iron absorption.",1.7917594692220549,True,False,6
281,"An elderly male patient presented with fever, chest pain, and dry coughp; sputum culture showed growth on Charcoal Yeast Extract Medium, the organism is",H. influenza,Moraxella catarrhalis,Legionella,Burkholderia cepacia,C,C,"Legionella grows on Charcoal Yeast Extract Medium (CYEM), making it the correct answer among the options.",1.7917594692220549,True,False,6
282,Ashley-Howe model analysis is used to predict:,Tooth material excess,Maxillo-mandibular relationships,Basal bone-transverse relationship,Growth prediction,C,C,"The Ashley-Howe model analysis is used to predict basal bone-transverse relationship, focusing on side-to-side relationships at the base of the skull.",1.7917594692220549,True,False,6
283,"A neonate on routine examination at bih was found to have hepatomegaly. Rest of the examination was essentially unremarkable. On investigations, Anti-HCMV antibodies were found to be positive. What sequelae in later life is the child at risk of?",Renal failure,Mental retardation,Hepatic fibrosis,Sensorineural hearing loss,D,B,"The neonate's positive Anti-HCMV antibodies indicate congenital infection, which is associated with an increased risk of mental retardation in later life.",1.7917594692220549,False,True,6
284,"Patient is a known case of epilepsy, taking levetiracetam 1 gm BD. He is now seizure free from 2 years but he developed agitation and anger issues interfering with day to day activities as a result of the drug intake. What should be the next best step?",Stop levetiracetam and sta on a different antiepileptic,Discontinue the drug as he is seizure free,Slowly taper the drug over next 6 months,Continue levetiracetam since a 5-year seizure free interval is needed,C,C,Slowly taper the drug over next 6 months to manage agitation and anger issues while maintaining seizure control.,1.7917594692220549,True,False,6
285,"Which of the following statements regarding the National Programme for Non-communicable diseases-Cancer, Diabetes, Cardiovascular diseases (CVD) and stroke (NPCDCS) is true?",The plan is to implement the programme in 10 districts across the 5 states during 2010-2012,The diagnosis or treatment of non-communicable diseases to be carried out at the subcentre level,Coronary care unit and cancer care facility to be established at the district level hospital,"All the components of the programme to be addressed separately- cancer, diabetes, CVD and stroke",C,C,"Coronary care unit and cancer care facility are planned to be established at the district level hospital, as per NPCDCS.",1.7917594692220549,True,False,6
286,Contractile element in myofibril is:,H band,Sarcoplasm,Sarcomere,A line,C,C,"The contractile element within a myofibril is the sarcomere, which is the functional unit of muscle contraction.",1.7917594692220549,True,False,6
287,All of the following complications are more common in ventouse assisted delivery than forceps except:,Subgaleal hemorrhage,Cephalhematoma,Intracranial hemorrhage,Transient lateral rectus palsy,D,B,"Cephalhematoma is less common in ventouse assisted delivery compared to forceps, as vacuum extraction tends to cause more subgaleal hemorrhages and intracranial hemorrhages due to suction effect.",1.7917594692220549,False,True,6
288,All of the following are true about aspiration pneumonia except:,Aspiration of 20-30 mL of contents with pH < 2.5 is required,Fungal infection is the common cause of pneumonia,Posterior segment of the right upper lobe is most commonly affected in the recumbent position,Aspiration responsible for 5-15% of community acquired pneumonia,B,B,Fungal infection is not the common cause of aspiration pneumonia; bacterial infection is more typical due to aspirated stomach contents rich in bacteria.,1.7917594692220549,True,False,6
289,Which of the following is not associated with haemorrhage?,Ecchymosis,Petechiae,Melanosis,Purpura,C,C,"Melanosis is not associated with hemorrhage, as it refers to hyperpigmentation or darkening of the skin due to increased melanin production, rather than bleeding.",1.7917594692220549,True,False,6
290,Dapsone is used for treatment of bacterial and fungal infections as well as for immunomodulatory actions. What is mechanism of dapsone for these indication?,Inhibition of cell wall synthesis,Inhibition of ergosterol in cell membranes,Inhibition of protein synthesis,Competition with PABA in folic acid synthesis,D,D,"Dapsone's mechanism for treating bacterial and fungal infections, as well as its immunomodulatory actions, is through competition with PABA in folic acid synthesis.",1.7917594692220549,True,False,6
291,"In processing methyl methacrylate, the resin may show porosity if the flask is placed too soon. Porosity most likely occur",Throughout the denture,Near the borders,In the thickest part,On the denture surface,C,B,"Porosity most likely occurs near the borders of the denture when a flask containing methyl methacrylate resin is placed too soon, due to less uniform heat distribution and slower polymerization at the periphery.",1.7917594692220549,False,True,6
292,Pre-maxillary hard palate is supplied by which nerve,Nasopalatine nerve,Pharyngeal branch of glossopharyngeal nerve,Greater palatine nerve,Tensor palatine nerve,A,C,"The greater palatine nerve supplies sensation to the pre-maxillary hard palate region, making it the correct answer.",1.7917594692220549,False,True,6
293,23 serotypes pneumococcal vaccine Most useful in,Cystic fibrosis,Recurrent otitis media & sinusitis,Child less than 2 years,Sickle cell anaemia,D,B,"The 23-valent pneumococcal polysaccharide vaccine (PPSV) is most useful in individuals with recurrent otitis media and sinusitis, as it protects against the serotypes that are commonly associated with these conditions.",1.7917594692220549,False,True,6
294,Fourth generation apex locater based on,Resistance,lmpedence,Frequency,Multiple frequency ratio,D,D,"Fourth generation apex locators are based on Multiple Frequency Ratio because they use multiple frequencies to calculate the resistance and impedance, providing a more accurate measurement of proximity to the apical terminus.",1.7917594692220549,True,False,6
295,Biopsy specimens removed for examinations are immediately placed in:,10% ethanol,10% formalin,Hydrogen peroxide,1% formalin,B,B,"10% formalin is the most commonly used fixative for preserving biopsy specimens for examination by pathologists, making it the correct answer.",1.7917594692220549,True,False,6
296,True open bite is caused by,Horizontal fracture of the maxilla,Unilateral fracture of mandibular angle,Fracture of the coronoid process of left side of mandible,Fracture of mandibular symphysis,A,A,"True open bite is caused by a horizontal fracture of the maxilla, disrupting normal jaw movements and preventing proper occlusion.",1.7917594692220549,True,False,6
297,Greatest potential hazard of mercury toxicity occurs due to:,Skin contact with mercury,Inhalation of mercury vapours,During amalgam restoration,Ingestion of amalgam scrap during removal,B,B,"Inhalation of mercury vapors poses the greatest potential hazard due to its ability to directly enter the bloodstream through lung absorption, leading to systemic toxicity.",1.7917594692220549,True,False,6
298,Which of the following is an indiction for tonsillectomy –a) Rheumatic feverb) Glomerulonephritisc) Recurrent upper respiratory infectiond) Persistent carrier of diptheria bacilli,ab,cd,bd,ac,B,B,Recurrent upper respiratory infections (c) and persistent or recurrent glomerulonephritis (d) are indications for tonsillectomy.,1.7917594692220549,True,False,6
299,Which of the following is not an effect of efferent aeriole constriction :,Decreased GFR,Increased glomerular hydrostatic pressure,Decreased blood flow in peritubular vessels,Increased oncotic pressure in peritubular vessels,A,B,"Efferent arteriole constriction does not increase glomerular hydrostatic pressure; instead, it increases GFR and decreases blood flow in peritubular vessels.",1.7917594692220549,False,True,6
300,Cleft lip is due to non-union of,Maxillary process with MNP,MNP - LNP,MNP - MNP,All of the above,A,A,"Cleft lip is due to non-union of maxillary process with MNP, as there is failure of fusion between the maxillary process and the frontonasal process (MNP) during embryonic development.",1.7917594692220549,True,False,6
301,Sickle cell anemia is a -,Gene deletion,Gene modification,Point mutation,Frame shift mutation,C,C,"Sickle cell anemia is caused by a point mutation in the HBB gene, leading to a substitution of glutamic acid with valine at position 6, affecting hemoglobin structure and function.",1.7917594692220549,True,False,6
302,All are true about widal test except,Base lines differ depending on the endemicity of the disease,O antibodies last longer and hence is not indicative of recent infection,H antigen cannot differentiate between subtypes,High titre value in a single widal test is not confirmative,B,X,"High titre value in a single Widal test is not confirmative, as it can be due to past infection or cross-reactivity.",1.7917594692220549,False,False,6
303,"What is the name of the given instrument, used for harvesting the graft from healthy area in split thickness skin graft?",Dermatome,Silver's knife,Catlin amputating knife,Humby knife,D,D,"Humby knife is specifically designed for harvesting split-thickness skin grafts from healthy donor sites, making it the correct choice among the given options.",1.7917594692220549,True,False,6
304,"A person working in an abattoir presented with a papule on hand, which turned in to an ulcer. Which will best help in diagnosis",Polychrome Methylene blue,Carbol Fuschin,Acid Fast Stain,Calcoflour White,A,B,"Carbol Fuschin is used for the ZN stain, which helps in diagnosing anthrax, a likely consideration given the patient's occupational setting and lesion progression.",1.7917594692220549,False,True,6
305,A midwife at a PHC did per vaginal examination of a women in labor with 8 cm cervical dilation and 70% cervical effacement with the fetal head at +1 station. This +1 station implies the position of fetal head is-,1 cm above the ischial spine,1 cm below the ischial spine,At the level of ischial spine,1 cm below the cervical os,B,B,"The fetal head is at a +1 station, indicating it is 1 cm below the ischial spine.",1.5607104090364066,True,False,6
306,High content of cholesterol is present in:,Coconut oil,Egg yolk,Hydrogenated fat,Ghee (unsaturated),B,B,"Egg yolk contains high amounts of cholesterol due to the presence of lipoproteins like LDL and VLDL, making it a rich source of dietary cholesterol.",1.7917594692220549,True,False,6
307,Tooth with smallest root,Mandibular central incisor,Mandibular lateral incisor,Maxillary lateral incisor,Maxillary 1st premolar,A,B,"Mandibular lateral incisor has a single, smallest root compared to the other options.",1.7917594692220549,False,True,6
308,The function of a sprue is to,Form an opening for molten metal to enter the mold,Help polish cast restorations,Eliminate air bubbles on the wax pattern,Reproduce fine detail,A,A,"The function of a sprue is to form an opening for molten metal to enter the mold, allowing the metal to flow and occupy the space left by the melting wax pattern during dental casting.",1.7917594692220549,True,False,6
309,Access cavity of mandibular 1st molar is:,Oval,Rounded triangle,Rhomboid,None of the above,B,A,"The access cavity for a mandibular first molar is typically oval in shape, allowing for easy visualization and instrumentation of the pulp chamber and root canals.",1.7917594692220549,False,True,6
310,A pier abutment is:,Periodontally weak abutment,With an edentulous space on mesial and distal sides of the abutment,Edentulous space on one side of the abutment,Abutment adjacent to edentulous space,B,D,"Pier abutment refers to an edentulous space adjacent to the natural tooth, making it a support for prosthesis.",1.7917594692220549,False,True,6
311,"According to the new RNTCP guidelines, the following is not a suspect of tuberculosis",Confirmed extra-pulmonary tuberculosis patient with cough of 2 weeks or more,HIV-positive patient with cough of any duration,Contacts of sputum positive tuberculosis patient with cough of any duration,Any individual having cough of duration 2 weeks or more,A,D,"The new RNTCP guidelines do not consider any individual with a cough lasting 2 weeks or more as a suspect case, as this criterion is too broad and may include non-TB cases.",1.7917594692220549,False,True,6
312,All are topical hemostatic agents except?,Bone wax & patty,HemCon bandage,Quikclot,Fixclot,D,D,"Fixclot is not a topical hemostatic agent; it's an absorbable gelatin sponge used for surgical hemostasis, whereas the other options are all applied directly to the skin surface to control bleeding.",1.7917594692220549,True,False,6
313,Which of the following pulp horn of primary molar is commonly exposed during restorative procedures:,Mesiobuccal puplhorn of 1st molars.,Distobuccal pulp horn of 1st molars.,Mesiobuccal pulp horn of 2nd molars.,Distobuccal pulp horn of 2nd molars.,A,A,The mesiobuccal pulp horn of 1st molars is commonly exposed during restorative procedures due to its proximity to the buccal surface and the tendency for carious lesions to develop on this surface.,1.7917594692220549,True,False,6
314,Rate of Dentinal fluid permeability depends on all except?,Temperature variation,Pressure gradient across dentinal tubule,Increase viscosity of dentinal fluid,Rate of removal of substances by blood vessels,A,D,Rate of removal of substances by blood vessels is not a factor influencing dentinal fluid permeability.,1.24245332489,False,True,6
315,Extraction of disto-angular impaction of mandibular 3rd molar can cause:,Slippage in lingual pouch,# of ramus of mandible,Excessive Haemorrhage,Dry socket,B,D,"Dry socket (alveolar osteitis) is a common postoperative complication following extraction of impacted teeth, especially disto-angular impactions of mandibular 3rd molars.",1.7917594692220549,False,True,6
316,Acetazolamide is given to a patient of angle closure glaucoma. It is a non- competitive inhibitor of carbonic anhydrase enzyme. Which of the following should be the effect of this drug?,Decrease in Vmax,Decrease in Km,Decrease in both Km and Vmax,No change in Vmax,A,X,"Acetazolamide, as a non-competitive inhibitor, does not affect the maximal velocity (Vmax) of carbonic anhydrase enzyme activity.",1.7917594692220549,False,False,6
317,Which of the following does not require 5'capping?,tRNA of alanine,mRNA for histone,U6 snRNA,siRNA,A,D,"siRNA does not require 5'-capping because it is involved in RNA interference for gene regulation, not protein synthesis.",1.7917594692220549,False,True,6
318,Peau d'orange in carcinoma breast is due to:,Obstruction of sub-dermal lymphatics,Infiltration of Cooper's ligament,Hematogenous dissemination,Hematogenous dissemination,A,A,"Obstruction of sub-dermal lymphatics causes peau d'orange in carcinoma breast, as it leads to accumulation of protein-rich fluid and edema in the skin.",1.7917594692220549,True,False,6
319,"True about adult polycystic kidney disease is all, except:",Autosomal dominant inheritance,Hypertension is rare,"Can be associated with cysts in liver, lungs and pancreas",Pyelonephritis is common,B,B,"Hypertension is not rare in adult polycystic kidney disease; it is a common complication, affecting up to 80% of patients.",1.5607104090364066,True,False,6
320,Propranolol is drug of choice for -,Ulcerated infantile hemangioma,Lymphangioma,Pyogenic granuloma,Capillary malformation,A,A,Propranolol is drug of choice for ulcerated infantile hemangioma due to its ability to reduce lesion size and erythema by inhibiting overexpressed β-adrenergic receptors.,1.7917594692220549,True,False,6
321,During pregnancy baby can be affected in utero in all except:,Candida,Syphilis,Toxoplasmosis,Polio,D,D,"Polio does not directly affect the fetus ""in utero"" as it primarily causes symptomatic illness in infants postnatally, unlike Candida, syphilis, and toxoplasmosis which can be transmitted to the baby during pregnancy.",1.7917594692220549,True,False,6
322,Long term assessment of glucose control can be made by:,Estimation of post prandial blood sugar,Estimation of fasting blood sugar,Estimation of urine sugar level,Estimation of blood level of glycosylated hemoglobin,D,X,"Estimation of blood level of glycosylated hemoglobin (HbA1c) provides a reliable and accurate assessment of long-term glucose control over the past 2-3 months, making it the best option among the given choices.",1.7917594692220549,False,False,6
323,Mosaic pattern of bone is seen in radiographic features of:,Fibrous dysplasia,Paget's disease,Osteopetrosis,Osteogenesis imperfecta,B,A,"Mosaic pattern on X-ray is characteristic of fibrous dysplasia due to abnormal osteoblastic activity, appearing as multiple irregularly-shaped radiolucent areas separated by thin bony septae.",1.7917594692220549,False,True,6
324,Fourth generation meth-acrylate based resin sealer include?,Endorez,Resilon,Hydron,Real Seal E,D,B,"Resilon is a fourth-generation methacrylate-based resin sealer among the given options, offering good sealability, biocompatibility, and solubility in ethanol.",1.7917594692220549,False,True,6
325,Maternal moality ratio expressed in:-,"Maternal death per 10,000 lives","Maternal death per 100,000 lives","Maternal death per 1,000,000 lives",Maternal death per 100 lives,B,B,"Maternal mortality ratio is expressed as maternal deaths per 100,000 live births, making option B the correct answer.",1.7917594692220549,True,False,6
326,Which induction anaesthetic agent has antiemetic effect?,etomidate,propofol,thiopentone,ketamine,B,B,"Propofol is known for its antiemetic effect, contributing to its popularity as an induction agent with a low incidence of post-operative nausea and vomiting (PONV).",1.7917594692220549,True,False,6
327,A 10 year old boy following a road traffic accident presents to the casualty with contaminated wound over the left leg. He has received his com- plete primary immunization before preschool age and received a booster of DT at school entry age. All of following can be done except :,Injection of TT,Injection of human antiserum,Broad spectrum antibiotics,Wound debridement and cleaning,B,X,"The child has received complete primary immunization and a booster dose of DT, indicating immunity against diphtheria. Therefore, injection of human antiserum (option B) is not necessary. Wound debridement and cleaning (option D), broad-spectrum antibiotics (option C), and TT injection (option A) are all appropriate measures for managing the contaminated wound.",1.7917594692220549,False,False,6
328,"In Myocardial infarction, the major pathology is",Ischemia caused by dynamic obstruction of a coronary artery.,Myocardial necrosis caused by acute occlusion of a coronary artery.,Ischemia due to fixed atheromatous stenosis of one or more coronal artery.,Altered conduction due to ischemia or infarction.,B,B,Myocardial necrosis caused by acute occlusion of a coronary artery is the major pathology in myocardial infarction due to prolonged ischemia leading to irreversible tissue damage.,1.7917594692220549,True,False,6
329,Localized Juvenile Periodontitis- primary pathogen is,Acinobacillus Actinomycetemcomitans,Prevotella intermedia,Mycoplasma,all the above,D,A,"Acinobacillus Actinomycetemcomitans is the primary pathogen associated with Localized Juvenile Periodontitis, as it is a key contributor to the rapid loss of periodontal attachment in young individuals.",1.7917594692220549,False,True,6
330,A male child with Fanconi syndrome with nephrocalcinosis has a variant of dent disease. All are true except :,Hypercalciuria,Proteinuria,Similar presentation in father,Rickets,C,X,"Fanconi-Bickel syndrome presents with low molecular weight proteinuria, not proteinuria as a whole. The other options are all true for this condition. Hypercalciuria (A) is associated with nephrocalcinosis, and rickets (D) can occur due to phosphate wasting. There may be no similar presentation in the father (C),",1.7917594692220549,False,False,6
331,Which of the following is not involved in blood clotting?,Calcium,Prothrombin,Fibrinogen,Fe+2,D,D,"Iron (Fe+2) is not directly involved in the blood clotting cascade, as it does not participate in any of the enzyme reactions or coagulation factor conversions.",1.7917594692220549,True,False,6
332,DNA Methylation is not related with?,Mismatch repair,DNA Replication,Gene silencing,Capping,D,B,"DNA Methylation is not directly related to DNA Replication, as it primarily functions in gene regulation and silencing rather than the process of copying genetic material.",1.7917594692220549,False,True,6
333,While preparing a Class II cavity on a maxillary first molar which of the pulp horns are likely to get exposed:,Mesiolingual and mesiobuccal,Distolingual and distobuccal,Mesiolingual and distobuccal,Distolingual and mesiobuccal,A,C,"Mesiolingual and distobuccal pulp horns are likely to get exposed while preparing a Class II cavity on a maxillary first molar, as the cavity typically involves the proximal surfaces.",1.7917594692220549,False,True,6
334,Additional period required for enamel calcification after eruption into oral cavity,1 yr,2 yr,3 yr,4 yr,B,D,Enamel calcification requires approximately 4 years to complete after tooth eruption into the oral cavity due to its hardness and complex formation process.,1.7917594692220549,False,True,6
335,All are Gp lIbilIla inhibitors except:,Prasugrel,Abciximab,Tirofiban,Eptifibatide,A,B,"Abciximab is the only option that is not a small molecule inhibitor; it's a monoclonal antibody, while prasugrel, tirofiban, and eptifibatide are all small molecule Gp IIb/IIIa inhibitors.",1.7917594692220549,False,True,6
336,The active principle of white oleander is:,Nicotine,Nerin,Abrine,Pilocarpine,B,B,"Nerin is the active principle found in white oleander, a cardiac glycoside with toxic effects on the heart.",1.7917594692220549,True,False,6
337,"The yellowish white soft sticky deposit loosely adherent
present on tooth surface is",Materia alba,Food debris,Plaque,Calculus,A,A,"Materia alba is the correct answer as it describes a yellowish-white, soft, sticky deposit loosely adherent on tooth surfaces, typically noticed after sleeping or fasting, comprised of bacterial products and food residues.",1.7917594692220549,True,False,6
338,A term gestation newborn developed respiratory distress. Which of the following would favour Respiratory distress syndrome (HIVID) ?,History of receiving antenatal corticosteroids,Air bronchogram on chest x–ray,Onset of distress after 6 hours of birth,Term birth,B,X,"Presence of air bronchograms on chest X-ray is a characteristic radiological feature of Respiratory Distress Syndrome (RDS), favoring its diagnosis in this term gestation newborn.",1.7917594692220549,False,False,6
339,‘Fleur -de- lys’ term is used for:,Dens invaginatus,Denticle,Odontome,Supernumerary tooth,A,A,'Fleur-de-lys' term is used to describe the appearance of dens invaginatus due to its characteristic lily flower-like shape.,1.7917594692220549,True,False,6
340,Renal feed for CKD patients-,Low calorie low volume,Low calorie high volume,High calorie low volume,High calorie high volume,C,B,"Low calorie high volume renal feed is recommended for CKD patients as it helps manage fluid and electrolyte balance, reduces waste products in the blood due to decreased kidney function, and aids in weight control.",1.7917594692220549,False,True,6
341,Point used as termination of Root canal procedure is,Apical constriction,Apical foramen,Both,None,A,A,"The apical constriction marks the transition from dentinal wall to periapical tissues and serves as a safe landmark for terminating root canal treatment, minimizing risk.",1.7917594692220549,True,False,6
342,"Kwashiorkar , true is",Deficiency of protein with sufficient calorie intake,Occurs in children between 6 months and 3 years of age,Subcutaneous fat preserved but atrophy of different tissues,All of the above,D,X,"Kwashiorkor is characterized by protein deficiency despite adequate caloric intake (A), typically affects children between one and three years old (B), and subcutaneous fat is preserved while other tissues atrophy (C). Option D, ""All of the above,"" is incorrect because option X is not among the given choices.",1.7917594692220549,False,False,6
343,Lenolin is added in ZOE paste to:,Decrease flow,Increase flow,Accelerate reaction,Decrease irritation due to eugenol,B,B,"Lenolin is added in ZOE paste to increase flow, as it enhances fluidity and facilitates easier spread onto the cavity preparation.",1.7917594692220549,True,False,6
344,Which of the following is not transmitted by lice,Q fever,Trench fever,Relapsing fever,Epidemic typhus,A,A,"Q fever is not transmitted by lice, as it is caused by Coxiella burnetii and can be acquired through contact with infected animals, contaminated milk or meat, or inhalation of aerosolized bacteria.",1.7917594692220549,True,False,6
345,What will be the oxygen carrying capacity of an 18-year-old patient with a hemoglobin of 14 g/dL?,7,14,18,28,C,X,"The oxygen carrying capacity is calculated by multiplying the hemoglobin concentration (14 g/dL) with the normal arterial oxygen saturation (95-100%), which yields approximately 28 mL O2/100 mL blood. Options A, B, and C are incorrect as they do not represent a value within this range.",1.7917594692220549,False,False,6
346,All the following muscles of larynx are supplied by the recurrent laryngeal nerve except:,Cricohyoid,Cricothyroid,Arytenoid,Aryepiglotticus,B,B,"The cricothyroid muscle is supplied by the external laryngeal nerve (superior laryngeal nerve), not the recurrent laryngeal nerve.",1.7917594692220549,True,False,6
347,Which of the following techniques is based on RNA?,PCR,Sanger's technique,Next generation sequencing,Western blot,A,C,"Next-generation sequencing is based on RNA because it utilizes cRNA for high-throughput DNA analysis, providing comprehensive genomic information.",1.7917594692220549,False,True,6
348,Minimum concentration of oxygen needed in NO analgesia,10%,20%,30%,40%,C,B,Oxygen must be maintained at a minimum concentration of 20% in nitrous oxide analgesia to ensure adequate oxygenation and prevent hypoxia.,1.7917594692220549,False,True,6
349,In rheumatoid arthritis there is inflammation of:,Cartilage,Synovial membrane,Sclerosis of joints,Articular bone,B,B,"In rheumatoid arthritis, the synovial membrane becomes inflamed and proliferates excessively, leading to swelling and pain within affected joints.",1.7917594692220549,True,False,6
350,Winged rubber dam retainer in endodontics advantages are all except,Radiographs are good showing full length of canals,Stability,Provide extra bucco-lingual retraction,"Dam, clamp and frame placed in one operation",A,A,"Radiographs are not particularly good for showing the full length of canals with a winged rubber dam retainer, as it does not provide direct visualization or access to the canal.",1.7917594692220549,True,False,6
351,"A 11-year-old child comes to the dental office one hour
after injury to a maxillary central incisor. The tooth is
vital and	slightly	mobile.	Radiographic	examination
reveals a fracture at the apical third of the root. What is
the best treatment at this point of time:",Render palliative therapy,Extract the tooth,Relieve the occlusion and splint the tooth,Perform immediate root canal treatment and splint,C,C,"Relieve occlusion and splint the tooth to stabilize the vital, slightly mobile maxillary central incisor following an injury.",1.7917594692220549,True,False,6
352,Resistance form of endodontics is:,Resists movement of gutta-percha in apical area,To allow use of spreader in lateral condensation,Fracture of root while vertical condensation,None of the above,A,A,"Resistance form refers to the ability of a root canal obturation to resist dislodgment or movement of gutta-percha in an apical direction, ensuring long-term success of endodontic treatment.",1.7917594692220549,True,False,6
353,Antibody in chronic allergy ?,IgM,IgA,IgG,IgE,D,D,"IgE is responsible for immediate hypersensitivity reactions, characteristic of allergies, by mediating histamine release from mast cells and basophils.",1.7917594692220549,True,False,6
354,"While assessing the efficacy of a newly developed drug in comparison to placebo, the 95% confidence interval in clinical trials is used to check for:",Efficacy of the drug,Non-efficacy of the drug,Both efficacy and non-efficacy of the drug,Either efficacy or non-efficacy of the drug,A,A,"The 95% confidence interval in clinical trials is used to check for efficacy of the drug, as it indicates whether the observed effect of the drug differs significantly from that of placebo.",1.7917594692220549,True,False,6
355,Which material is the most difficult to remove from the patient's mouth?,Metallic oxide paste,Silicone impression material,Reversible hydrocolloid,Impression plaster,A,D,Impression plaster is the most difficult to remove due to its high strength and rigid nature after setting.,1.7917594692220549,False,True,6
356,Main cause of RPD failure is:,Improper clasp design,Insufficient contact of teeth,Insufficient contact of teeth and improper clasp design,None of the above,C,C,"Insufficient contact of teeth and improper clasp design are the main causes of RPD failure, as they compromise denture stability and retention.",1.7917594692220549,True,False,6
357,"A 40 years old female presented with acute onset shoness of breath. She has a history of nephrotic syndrome 1 year back and recent prolonged air travel. She has a BP of 90/60 mm Hg, hea rate of 115 per minute and sinus tachycardia on ECG. A 2-D echocardiogram revealed dilation of right ventricle with bulging of the interventricular septum to the left. What will be the primary treatment modality?",Thrombectomy,Intravenous tissue plasminogen activator,Unfractionated heparin,d. IVC filter,B,C,"Unfractionated heparin is the primary treatment modality for pulmonary embolism due to its anticoagulant properties, which help prevent further clot formation and reduce the risk of recurrence.",1.5607104090364066,False,True,6
358,"In multirooted teeth, formation of multiple roots is due to presence of:",Epithelial diaphragm,Cell rests of Malassez,Toot bud division or bell stage,None of the above,A,A,"Epithelial diaphragm, also known as cervical loops, acts as signaling centers during tooth development, leading to the formation of multiple roots in multirooted teeth.",1.7917594692220549,True,False,6
359,"In Down syndrome patient, which teeth have severe periodontitis",Lower Anterior,Upper Anterior,Upper Molar,Lower Molar,A,C,Upper molars are more prone to severe periodontitis in Down syndrome patients due to genetic predisposition and common oral health issues.,1.7917594692220549,False,True,6
360,Folic acid deficiency occurs in:,Aspirin,Phenytoin,Chloromphenicol,Cyclosporine,B,B,"Phenytoin is an anticonvulsant medication that interferes with folate absorption and metabolism, leading to a deficiency due to its inhibition of the enzyme dihydrofolate reductase.",1.7917594692220549,True,False,6
361,Which of the following will not decrease mother to child transmission of HIV?,Avoid breastfeeding,Vaginal delivery,Zidovudine given to mother antenataly and to neonate after bih,Vitamin A supplementation given to mother,B,B,"Vaginal delivery does not decrease mother-to-child transmission of HIV; in fact, it is a risk factor for vertical transmission.",1.7917594692220549,True,False,6
362,"On the day following a formocresol pulpotomy of a
mandibular molar, a three year old patient returned with
a large ulcer near the midline of the lower lip. What is
the probable cause of the ulcer?",Lip biting by the patient,Allergy to the anaesthetic solution,Pressure by the rubber dam frame,Leakage of formocresol on the lip,A,D,Leakage of formocresol on the lip is the probable cause of the ulcer due to mucous membrane irritation from direct contact with this sedative during dental treatment.,1.7917594692220549,False,True,6
363,Which of the following conditions is associated with polyhy dramnios?,Posterior urethral valve,Cleft palate,Congenital diaphragmatic hernia,Bladder exostrophy,B,C,"Congenital diaphragmatic hernia is associated with polyhydramnios due to the fetus's inability to swallow amniotic fluid effectively, leading to an accumulation of fluid.",1.7917594692220549,False,True,6
364,Chemotactic cytokine is,IL-1,IL-6,IL-8,TNF,C,C,"IL-8 is a chemotactic cytokine that specifically attracts neutrophils to sites of inflammation or infection through binding to CXCR2 receptors, playing a crucial role in the early stages of immune response.",1.7917594692220549,True,False,6
365,"A 38 years old female presented to the emergency with extensive burns. The patient had grade 3 burns on the face, back, upper arms and forearms along with singeing of hairs. Which of the following is not a proof of inhalation burns?",Yellow colored sputum,Blackish soot deposit on posterior pa of tongue,Hoarseness & stridor of voice,Singeing of eyebrows and facial hair,A,D,"Singeing of eyebrows and facial hair indicates direct contact burns, not inhalation burns.",1.7917594692220549,False,True,6
366,After spleenectomy patient becomes more prone to,Gram +ve & anaerobic,Gram -ve & anaerobic,Nonencapsulated,Encapsulated organisms,D,D,"After splenectomy, patients are more susceptible to infections with encapsulated organisms due to impaired ability of the spleen in removing these bacteria from circulation.",1.7917594692220549,True,False,6
367,All of the following are developed from Meckel's cartilage except:,Zygomatic bone,Malleus,Incus,Stapes,D,C,"Incus develops from Reichert's cartilage, not Meckel's cartilage.",1.5607104090364066,False,True,6
368,"In judicial hanging, the knot is placed at:",Below the chin,Angle of the jaw,The back of the neck,Choice of hangman,B,B,"The knot is placed at the angle of the jaw (mentum) in judicial hanging to allow for a sudden and forceful snap of the neck upon dropping the trapdoor, achieving rapid death by breaking the cervical spine.",1.7917594692220549,True,False,6
369,Non-pulsatile dose of GnRH agonist is used in all the following conditions except-,Endometriosis,infeility,Precocious pubey,Prostate cancer,B,B,"Infertility does not require medical castration, which is achieved through non-pulsatile GnRH agonist administration.",1.7917594692220549,True,False,6
370,Eisenmenger syndrome–True are A/E –,Pulmonary veins are not distended,RV & LV walls come back to normal size,Dilatation of central pulmonary artery,Peripheral pruning of pulmonary arteries,B,B,"In Eisenmenger's syndrome, RV & LV walls do not return to normal size due to chronic pressure overload and hypertrophy.",1.7917594692220549,True,False,6
371,"Gap healing, a type of primary healing having gap of 0.8 mm is healed as:",Direct lamellar bone formation.,Woven bone formation replaced by lamellar bone.,Woven bone formation only.,Any of the above.,B,X,"Gap healing with a 0.8 mm gap size undergoes initial repair through woven bone formation (C), which is later replaced by lamellar bone (B).",1.7917594692220549,False,False,6
372,"The radiographic examination of a traumatized tooth is
essential -",To establish baseline data,To find associated root fracture,To determine stage of root development,All of the above,D,X,"Radiographic examination of a traumatized tooth is essential for establishing baseline data (A), finding associated root fracture (B), and determining stage of root development (C).",1.7917594692220549,False,False,6
373,The fifth nerve innervates the following:,"Mylohyoid, anterior and posterior belly of digastric","Mylohyoid, anterior belly of digastric, and tensor tympani","Mylohyoid, posterior belly of digastric and tensor tympani","Mylohyoid, posterior belly of digastric, Stapedius and tensor tympani",B,B,"The fifth cranial nerve (trigeminal nerve) innervates the mylohyoid, anterior belly of digastric, and tensor tympani muscles, as it is responsible for facial sensation and motor functions related to chewing.",1.7917594692220549,True,False,6
374,A study was conducted to find average intra-ocular pressure. IOP was measured in 400 people and the mean was found to be 25 mm Hg with a standard detion of 10 mm Hg. What is the range in which 10P of 95% of the population would be lying?,22-28 mm Hg,20-30 mm Hg,24-26 mm Hg,23-27 mm Hg,C,X,"The correct answer is B because it represents the range in which 95% of the population would be lying, calculated as mean ± (1.96 x standard deviation), which for this study is 25 mm Hg ± (1.96 x 10 mm Hg) = 20-30 mm Hg.",1.7917594692220549,False,False,6
375,The lag phase of tooth movement usually lasts for:,2-3 mins,2-3 hrs,2-3 day,2-3 weeks,D,D,"The lag phase of tooth movement usually lasts for 2-3 weeks, as it is a period of cellular remodeling before significant displacement occurs.",1.7917594692220549,True,False,6
376,"Which of the following is a common osseous lesion in
periodontitis is",Exostosis,crater,buttressing bone,hemiseptum,B,A,"Exostosis is a common osseous lesion in periodontitis, forming as a reactive response to localized bone resorption.",1.7917594692220549,False,True,6
377,Which of the following groups of fibres are not attached to alveolar bone?,Transseptal,Horizontal,Oblique,Apical,A,A,"Transseptal fibers do not attach directly to alveolar bone, as they run between adjacent teeth connecting their cementum layers.",1.7917594692220549,True,False,6
378,First nerve fiber present in vicinity of dental papilla in,Bud stage,Cap stage,Bell stage,Advanced Bell stage,A,B,Nerve fibers first appear adjacent to the dental papilla at the cap stage in tooth development.,1.7917594692220549,False,True,6
379,A 32 years old female came for routine PAP smear testing. The repo came as carcinoma in situ. What is the next step?,HPV-DNA testing,Hysterectomy,Conization,Colposcopy and biopsy,D,D,Colposcopy and biopsy are necessary for further evaluation to confirm the diagnosis of carcinoma in situ and assess the extent of disease involvement.,1.7917594692220549,True,False,6
380,The frontal paranasal sinus drains into the:,Superior meatus,Middle meatus,Inferior meatus,Spheno-ethmoidal recess,B,B,The frontal paranasal sinus drains into the middle meatus due to its frontonasal duct opening there.,1.7917594692220549,True,False,6
381,"In the mammalian genome, maximum number of genes code for the receptors of:",Immunoglobulin receptors,Interleukins,Growth factors,Odorants,D,D,"Odorants have the maximum number of genes coding for receptors in mammals, with approximately 1,000 olfactory receptor genes responsible for detecting diverse odor molecules.",1.7917594692220549,True,False,6
382,Pegloticase is used in,Chronic gout,Paralytic ileus,Psoriatic ahritis,Rheumatoid ahritis,A,A,"Pegloticase is used in chronic gout as it converts uric acid to allantoin, enhancing its solubility and excretion by the kidneys.",1.7917594692220549,True,False,6
383,"Wave patterns of EEF, ECG and EMG are depicted below. The B pattern belongs to (Figure was not provided in the exam):",NREM sleep,REM sleep,Wakefulness,Quiet wakefulness,C,A,"NREM sleep is characterized by a B pattern in EEG waveform, which indicates slow delta waves and slower brain activity during non-rapid eye movement sleep.",1.7917594692220549,False,True,6
384,Staphylococcus aureus and pneumoniae are responsible for:,Subacute endocarditis.,Acute endocarditis.,Post operative endocarditis.,None.,B,A,"Staphylococcus aureus is commonly associated with subacute bacterial endocarditis (SBE), which develops over weeks or months and presents with systemic symptoms.",1.7917594692220549,False,True,6
385,First paranasal sinus to develop at bih is:,Maxillary,Ethmoidal,Frontal,Sphenoidal,A,A,"The maxillary sinus develops first at birth due to its early initiation around the 10th week in utero, making it well-formed by the time of delivery.",1.7917594692220549,True,False,6
386,Which of the following is the best test for assessment of intestinal malabsorption?,Fecal fat estimation,Serum lactose levels,Serum amylase levels,NBT-PABA test,A,A,"Fecal fat estimation (A) is the best test for assessment of intestinal malabsorption because it directly measures the amount of fat in stool, indicating impaired absorption from the intestine.",1.7917594692220549,True,False,6
387,Primary Colonization of plaque is dominated by,Facultative Aerobic Gram + ve rods,Facultative Anaerobic Gram - ve rods,Facultative Aerobic Gram - ve cocci,Facultative Anaerobic Gram + ve cocci,D,A,"Primary colonization of dental plaque is dominated by aerobic gram-positive rods, mainly Streptococcus sanguis and Actinomyces naeslundii.",1.7917594692220549,False,True,6
388,Types of pocket respectively:,"Simple pocket, compound pocket, complex pocket.","Simple pocket, complex pocket, compound pocket.","Compound pocket, simple pocket, complex pocket.","Simple pocket, compound pocket, tertiary pocket.",A,B,"The correct sequence of pocket types, from least to most complex, is simple, complex, and compound, as indicated in option B.",1.7917594692220549,False,True,6
389,Depression of mandible is achieved by:,Digastric,Lateral pterygoid,Geniohyoid,All of the above,D,B,"Lateral pterygoid is primarily responsible for depression of the mandible, as it contracts to open the mouth.",1.7917594692220549,False,True,6
390,"18 year old female presents with an ovarian mass, her serum bio marker are found to be normal except for LDH, which is found to be elevated. The most likely diagnosis is:",Dysgerminoma,Endodermal sinus tumor,Malignant terratoma,Mucinous cystadeno carcinoma,A,A,"Dysgerminoma is the most likely diagnosis due to its association with elevated LDH levels, unlike other options which do not typically present with this elevation.",1.7917594692220549,True,False,6
391,Most common infection post solid organ transplantation,CMV,HSV,EBV,HPV,A,A,Cytomegalovirus (CMV) is the most common opportunistic infection post solid organ transplantation due to its ability to remain latent in the donor organ and reactivate in the immunocompromised recipient.,1.7917594692220549,True,False,6
392,Tuberculous otitis media is characterized by all except -,Multiple perforations,Pale granulations,Pain,Thin odourless fluid,C,C,"Tuberculous otitis media is characterized by painless symptoms, unlike other forms of otitis that typically cause significant pain.",1.7917594692220549,True,False,6
393,"Child Pugh score put patients into three categories of Score A (<7), Score B (7-9) and Score C (10-15). The following is a type of which scale?",Nominal,Ordinal,Quantitative,Continuous,B,B,"The Child-Pugh score is an ordinal scale because it categorizes patients into three distinct groups (A, B, and C) based on their liver disease severity, rather than providing a continuous measurement or nominal labels.",1.7917594692220549,True,False,6
394,Skin of the entire upper lip is supplied by:,Maxillary nerve.,Facial nerve.,Mandibular nerve.,None.,A,A,Maxillary nerve supplies sensation to the skin on the upper lip due to its branch extending into the face as the infraorbital nerve.,1.7917594692220549,True,False,6
395,Microangiopathic hemolytic anemia,TTP,ITP,Senile purpura,CML,B,A,"Thrombotic thrombocytopenic purpura (TTP) is the correct answer as it is a microangiopathic hemolytic anemia characterized by the formation of blood clots in small blood vessels, leading to red blood cell destruction.",1.7917594692220549,False,True,6
396,Treatment of choice for anaphylactic shock is:,Adrenaline 0.5 mL of 1:1000 solution by intramuscular route,Adrenaline 1 mL of 1:10000 by intravenous route,Atropine 3 mg intravenously,Adenosine 12 mg intravenously,A,A,Adrenaline 0.5 mL of 1:1000 solution administered intramuscularly is the treatment of choice for anaphylactic shock due to its rapid onset and effectiveness in reversing severe allergic reactions.,1.5607104090364066,True,False,6
397,"The	cotton	applied	to	the	pulpal	stumps	in	the
formocresol pulpotomy technique should be",Slightly dampened with formocresol,Saturated with formocresol,Left for 2 hours in the cavity,Sealed until the next appointment.,A,A,"The cotton applied to the pulpal stumps in the formocresol pulpotomy technique should be slightly dampened with formocresol, as this allows for easy insertion and contact without over-saturating the area.",1.7917594692220549,True,False,6
398,Which of following is not a tumor suppressor gene?,pRb,FHIT,PTCH,c-erbB1,D,D,"c-erbB1 is an oncogene, not a tumor suppressor gene, as it promotes cell growth and proliferation when mutated or overexpressed.",1.7917594692220549,True,False,6
399,All the following instruments are required for tonsillectomy except:,Coblation wand,Bipolar cautery,Microdebrider,Harmonic scalpel,C,A,"Coblation wand is not typically required for tonsillectomy, as bipolar cautery, microdebrider, and harmonic scalpel are more commonly used in this surgical procedure.",1.7917594692220549,False,True,6
