question,ground_truth,predicted,is_accurate,semantic_score,is_hallucinating,explanation_and_medication
Which of the following is not true for myelinated nerve fibers:,A,A,True,1.0,False,"The statement ""Impulse through myelinated fibers is slower than non-myelinated fibers"" is not true. Myelinated nerve fibers have a faster conduction velocity due to saltatory conduction, which allows action potentials to jump from one node of Ranvier to the next, increasing speed and efficiency.

There is no specific medication or treatment required for this statement as it is incorrect. However, if there were an issue with myelinated nerve fibers (e.g., demyelination), appropriate management would depend on the underlying cause and may include medications such as corticosteroids or immunosuppressants for multiple sclerosis, or physical therapy for peripheral neuropathy."
Which of the following is not true about glomerular capillaries'),A,B,False,0.83,False,"The statement ""Glucose concentration in the capillaries is the same as that in glomerular filtrate"" (option B) is not true about glomerular capillaries.

Explanation: Glomerular filtration occurs due to the unique structure of the glomerulus, which consists of a network of capillaries surrounded by Bowman's capsule. During this process, substances such as water, ions, and small molecules like glucose are filtered out from the blood into the urinary space based on their size and charge. The concentration of glucose in the capillaries remains unchanged because only a portion of it is filtered out during glomerular filtration.

No specific medication or treatment is required for this statement, as it is an anatomical and physiological fact about glomerular capillaries. However, if there were any issues with glucose reabsorption or impaired renal function, appropriate medical interventions would be necessary to manage the condition."
A 29 yrs old woman with a pregnancy of 17 week has a 10 years old boy with down syndrome. She does not want another down syndrome kid; best advice to her is,B,C,False,0.67,True,"The selected answer is incorrect. The correct answer would be A) Chorionic villus sampling (CVS) or B) Amniocentesis.

A 29-year-old woman with a pregnancy of 17 weeks has a 10-year-old boy with Down syndrome, and she does not want another child with Down syndrome. To determine the risk of recurrence in this case, genetic counseling is essential. The options provided are both diagnostic tests for chromosomal abnormalities like Down syndrome.

Chorionic villus sampling (CVS) involves taking a sample from the chorionic villi, which are tiny finger-like projections on the placenta that contain the same genetic material as the fetus. This test can be performed between 10 and 12 weeks of gestation. The results will indicate if the next baby has Down syndrome or not.

Amniocentesis involves collecting a sample of amniotic fluid, which contains fetal cells, from the uterus using a needle inserted through the abdominal wall. This test is usually performed between 15 and 20 weeks of gestation. The collected fluid can be analyzed for chromosomal abnormalities like Down syndrome.

Neither CVS nor amniocentesis requires specific medication or treatment; they are diagnostic tests only"
Axonal transport is:,B,C,False,1.0,False,"Axonal transport refers to the movement of molecules along the length of a neuron's axon. This process occurs in both anterograde (toward the axon terminal) and retrograde (back toward the cell body) directions.

Antegrade transport involves the movement of materials such as neurotransmitters, organelles, and proteins from the cell body to the axon terminals for release or storage. Retrograde transport carries signals, waste products, and damaged components back to the cell body for recycling or degradation.

The selected answer, C) Antegrade and retrograde, is accurate because both types of transport are essential for maintaining neuronal function and homeostasis. No specific medication or treatment is required for axonal transport itself; however, disorders affecting axonal transport can lead to neurological conditions such as motor neuron diseases (e.g., amyotrophic lateral sclerosis) or peripheral neuropathies.

In cases where axonal transport is impaired due to disease or injury, supportive care and management of symptoms may be necessary. This could include physical therapy for muscle weakness, pain management for neuropathic pain, and nutritional support for malnourished patients."
Low insulin to glucagon ratio is seen in all of these except:,A,D,False,0.67,True,"The correct answer is indeed D) Ketogenesis.

A low insulin-to-glucagon (I/G) ratio indicates that glucagon levels are higher relative to insulin levels in the blood. This imbalance can lead to increased glucose production by the liver through gluconeogenesis and glycogenolysis, as well as ketone body formation via ketogenesis. 

Ketogenesis is a process where fatty acids are broken down into acetyl-CoA, which then condenses with oxaloacetate to form acetoacetyl-CoA. This compound further reacts with another molecule of acetyl-CoA to produce HMG-CoA, which is converted into acetone and acetic acid by the enzyme HMG-CoA lyase. Ketogenesis occurs primarily in the liver when there's an excess of glucagon relative to insulin.

In contrast, a high I/G ratio (insulin dominance) suppresses ketogenesis and promotes glucose uptake and storage in adipose tissue and muscle cells.

Treatment for low I/G ratios typically involves addressing the underlying cause, such as diabetes mellitus type 1 or severe insulin resistance. This may involve insulin replacement therapy, oral hypoglycemic agents, or lifestyle modifications like diet and exercise."
Concentration of tropicamide:,A,A,True,1.0,False,"Tropicamide is a short-acting mydriatic agent used in ophthalmology to dilate pupils during eye examinations. The concentration of tropicamide typically ranges from 0.05% to 0.5%, with the most common concentrations being 0.5% for adults and 0.1% or 0.2% for children.

The answer provided, A) 0.01%, is not a standard concentration for tropicamide use in clinical practice. Therefore, it cannot be considered as an accurate diagnosis or recommendation for treatment.

If you meant to ask about the correct concentration of tropicamide, the most commonly used concentrations are 0.5% for adults and lower concentrations (0.1% or 0.2%) for children. These concentrations are suitable for dilating pupils during eye examinations without causing significant side effects such as blurred vision or photophobia.

No specific medication or treatment is required based on this information alone, but it's important to consult with an ophthalmologist for proper evaluation and management of any eye conditions."
Which of the following statements is true regarding H I N1 Influenza?,A,A,True,0.83,False,"The correct statement regarding H1N1 influenza is:

A) Pregnant woman with sore throat can be started immediately on oseltamivir without diagnostic testing under category B.

Explanation: Oseltamivir (Tamiflu) is an antiviral medication used to treat and prevent influenza A and B infections. In pregnant women, especially during the H1N1 pandemic, oseltamivir was recommended for treatment due to their increased risk of complications from influenza. Category B medications are those that have not been proven to cause harm to a fetus but may still be prescribed in pregnancy if necessary. Therefore, a pregnant woman with symptoms suggestive of influenza (such as sore throat) can be started on oseltamivir without diagnostic testing under category B.

Note: It is essential for healthcare providers to consult the latest guidelines and recommendations from reputable sources such as the Centers for Disease Control and Prevention (CDC), World Health Organization (WHO), or American College of Obstetricians and Gynecologists (ACOG) before prescribing any medication during pregnancy."
Which of the following are not a branch of external carotid Aery in Kiesselbach's plexus.,A,B,False,1.0,False,"Anterior Ethmoidal Artery (Answer B) is not a branch of External Carotid Artery in Kiesselbach's Plexus.

Explanation: Kiesselbach's plexus, also known as Little's area, is a region located at the anteroinferior aspect of the nasal septum. It is formed by anastomoses between branches of the external carotid artery, including the superior labial, sphenopalatine, and facial arteries. The anterior ethmoidal artery, on the other hand, arises from the ophthalmic artery (a branch of internal carotid artery) and supplies the anterior part of the nasal cavity.

No specific medication or treatment is required for this distinction as it is an anatomical fact rather than a clinical condition. However, if there were any issues related to Kiesselbach's plexus, such as epistaxes (nosebleeds), appropriate management would involve addressing the underlying cause and providing symptomatic relief with nasal packing or cauterization if necessary."
Diagnosis of the following ECG-,A,A,True,0.83,False,"The given ECG shows a pattern of alternating normal beats (QRS complexes with a regular rhythm) and premature ventricular contractions (PVCs), which are characterized by an early onset of the QRS complex in relation to the preceding beat's T wave. This specific pattern, known as ventricular bigeminy, is diagnosed based on the presence of consecutive pairs of normal beats followed by PVCs.

Ventricular bigeminy can be benign and may not require any treatment if it does not cause symptoms or hemodynamic compromise. However, in cases where symptoms such as palpitations, dizziness, or shortness of breath occur, medications like beta-blockers (e.g., metoprolol) or calcium channel blockers (e.g., verapamil) can be used to suppress PVCs and alleviate symptoms. In some instances, antiarrhythmic drugs like flecainide may also be considered.

It is essential for the patient to undergo further evaluation by a cardiologist to determine the underlying cause of ventricular bigeminy and assess whether any specific treatment or lifestyle modifications are necessary."
A blue new born presents with cyanosis. The X–ray chest reveal oligaemic lung field and normal sized heart. Most likely diagnosis is –,A,C,False,1.0,False,"The most likely diagnosis for a blue newborn presenting with cyanosis, oligaemic lung fields on chest X-ray, and a normal-sized heart is indeed C) Transposition of great arteries (TGA).

In TGA, the two main arteries leaving the heart, the aorta and pulmonary artery, are reversed. This leads to deoxygenated blood being pumped out to the body while oxygen-rich blood returns to the lungs. As a result, the baby appears blue due to inadequate oxygenation of the blood.

Treatment for TGA typically involves surgical intervention, specifically an arterial switch operation (ASO), which aims to correct the anatomical defect by reconnecting the arteries in their normal positions. This surgery is usually performed within the first few weeks of life and has a high success rate in improving oxygenation and overall health outcomes for the child.

In summary, TGA is the most likely diagnosis given the clinical presentation, and surgical intervention with an ASO is required to correct the anatomical defect and ensure adequate oxygenation."
27.	The lateral spread of dental caries is facilitated mostly  by the,A,B,False,0.83,False,"Answer: B) Dentinoenamel junction

Explanation: The lateral spread of dental caries (tooth decay) is facilitated mostly by the dentinoenamel junction (DEJ). This is because the DEJ is a weak point in the tooth structure, where the enamel cap meets the underlying dentin. Enamel is highly mineralized and resistant to acid attacks, while dentin contains organic material that can be broken down by acids produced by bacteria. When bacteria penetrate through the DEJ, they can cause decay on both the enamel and dentin surfaces, leading to lateral spread of caries.

No specific medication is required for this condition. However, treatment typically involves removing the decayed tooth structure and restoring the tooth with a filling material or crown, depending on the extent of damage. Good oral hygiene practices, such as regular brushing and flossing, along with routine dental check-ups, can help prevent further progression of caries."
A second-year PG resident tells you to perform an ABG of a patient. All of the following are true about performing an ABG except:,A,B,False,0.5,True,"The correct answer is B) Normal pH, HCO3-, and PCO2 levels may not indicate absence of an acid-base imbalance.

Explanation: An arterial blood gas (ABG) analysis provides information about pH, bicarbonate (HCO3-), and partial pressure of carbon dioxide (PCO2) levels. While normal values for these parameters generally suggest a stable acid-base balance, there are exceptions. For instance, in cases of compensated metabolic alkalosis or respiratory acidosis, the ABG results may appear normal despite an ongoing imbalance.

In such situations, it is essential to consider other clinical and laboratory findings, as well as the patient's history and presentation, to accurately diagnose and manage any underlying acid-base disturbances. No specific medication or treatment can be recommended based solely on this statement; however, further investigation and management should be guided by the overall clinical context.

It is important for healthcare providers to recognize that normal ABG values do not always rule out an acid-base imbalance and to consider other diagnostic tools and clinical findings when evaluating a patient's metabolic status."
Respiratory rhythm generation center is located at:,A,B,False,1.0,False,"The correct answer is indeed B) Pre-Botzinger complex.

Explanation: The respiratory rhythm generation center, also known as the central pattern generator (CPG), is responsible for regulating breathing patterns in mammals. This CPG is primarily located within the pre-Bötzinger complex (preBotC) of the medulla oblongata in the brainstem. The preBotC contains a group of interneurons that generate rhythmic activity, which then drives the contraction and relaxation of respiratory muscles.

No specific medication or treatment is required for this anatomical structure itself; however, dysfunction within the pre-Botzinger complex can lead to breathing disorders such as central sleep apnea. In these cases, treatment may involve addressing underlying conditions (e.g., obesity, heart failure) or using medications like acetazolamide or theophylline to improve respiratory function.

It's important to note that while this answer is accurate anatomically, it doesn't address potential clinical scenarios or treatments directly."
Gait apraxia is seen in thromboembolic episode involving:,A,A,True,1.0,False,"Gait apraxia is a neurological disorder characterized by difficulty initiating gait due to impaired motor planning rather than muscle weakness. It can be caused by various conditions affecting the frontal lobe of the brain, including ischemic strokes.

In this case, the selected answer is A) ACA (Anterior Cerebral Artery), which supplies blood to the medial aspect of the frontal and parietal lobes. An occlusive thromboembolic episode involving the ACA can lead to gait apraxia due to damage to the motor planning areas in the brain.

Treatment for gait apraxia depends on its underlying cause. In this case, if it is caused by an ischemic stroke due to ACA occlusion, anticoagulation therapy may be necessary to prevent further thromboembolic events. Physical and occupational therapy can also help improve gait function through rehabilitation exercises targeting motor planning and coordination."
Heavy forces on periodontal ligament causes:,A,A,True,1.0,False,"Heavy forces on periodontal ligament cause hyalinization due to excessive stress placed on the fibers of the periodontal ligament. This leads to the formation of eosinophilic hyaline material within the cells, causing them to become swollen and distorted.

Hyalinization is a reversible change in response to mechanical injury or inflammation. However, if left untreated, it can progress to more severe changes such as fibrosis or even resorption of bone. Therefore, it is essential to manage excessive occlusal forces by adjusting the occlusion through restorative dentistry or orthodontic treatment.

In addition, maintaining good oral hygiene and regular periodontal maintenance are crucial for preventing further damage to the periodontium. No specific medication is required for hyalinization; however, if there is an underlying inflammatory condition such as periodontitis, appropriate antimicrobial therapy may be necessary."
"About N. gonorrhoea, all are true except",A,B,False,1.0,False,"The correct answer is B) All strains of N. gonorrhoea are highly susceptible to penicillin.

Explanation:
N. gonorrhoea has developed resistance to penicillin over time, making it less effective against many strains. In fact, the Centers for Disease Control and Prevention (CDC) no longer recommend penicillin as a treatment option for gonorrhea due to widespread resistance. Instead, the CDC recommends dual therapy with ceftriaxone (an injectable cephalosporin antibiotic) and azithromycin (a macrolide antibiotic) for uncomplicated gonococcal infections.

Treatment:
The recommended treatment regimen for uncomplicated gonorrhea is a single dose of 250 mg intramuscular ceftriaxone, along with a single oral dose of 1 gram azithromycin. This dual therapy approach helps to address the risk of antibiotic resistance and ensure effective treatment."
"A patient who was on ventilator and being ventilated for past few days, suddenly pulls out the endotracheal tube. What is the next step of management?",A,A,True,0.67,True,"The selected answer is correct because when a ventilated patient suddenly pulls out the endotracheal tube (ETT), it indicates that they are attempting to breathe on their own. The next step in management would be to assess the patient's respiratory status, provide bag and mask ventilation if necessary, and look for signs of spontaneous breathing.

This answer is appropriate because it prioritizes ensuring adequate oxygenation and ventilation while also evaluating the patient's readiness to wean from mechanical ventilation. If the patient demonstrates effective spontaneous breathing, they may be considered for extubation or a trial of non-invasive ventilation (NIV).

No specific medication is required at this point; however, sedatives or analgesics might need to be adjusted based on the patient's agitation and discomfort due to the ETT removal. Additionally, monitoring for potential complications such as hypoxia, hypercapnia, or respiratory distress should continue until the patient is stabilized."
"In a	6-month-old child, thick curd like white	patch
appears on the buccal mucosa. On rubbing it leaves an
erythematous patch. Most likely diagnosis is:",C,D,False,1.0,False,"Candidiasis is the most likely diagnosis in this case due to the presence of a thick, curd-like white patch on the buccal mucosa (inside cheek) that becomes erythematous upon rubbing. This clinical presentation is characteristic of oral thrush, which is caused by Candida albicans infection.

Treatment for candidiasis typically involves antifungal medications such as nystatin or fluconazole. In infants, topical treatments like nystatin suspension or miconazole gel can be applied directly to the affected area with a cotton swab. Oral fluconazole may also be prescribed if the infection is severe or widespread.

It's important to note that candidiasis in infants can sometimes be associated with underlying conditions such as immunodeficiency, diabetes, or gastrointestinal reflux disease. Therefore, it would be essential for the pediatrician to evaluate and manage any potential contributing factors while treating the oral thrush."
Characteristic of venous blood flow of lower limb in duplex Doppler is?,A,B,False,1.0,False,"The characteristic of venous blood flow in the lower limb using duplex Doppler ultrasound is biphasic (option B). This means that there are two distinct phases observed during the flow cycle: a forward flow phase followed by a reverse flow phase.

Biphasic flow patterns are typically seen in normal veins, as they allow for efficient return of blood to the heart. During the forward flow phase, blood flows from the distal part of the limb towards the heart. In the reverse flow phase, blood moves back into the superficial veins due to the pressure changes during muscle contraction and relaxation.

No specific medication or treatment is required for a normal biphasic venous flow pattern in the lower limb. However, if an abnormal flow pattern such as monophasic (only one phase of forward flow) or absent flow is detected, it may indicate underlying venous disease like deep vein thrombosis (DVT). In such cases, appropriate treatment and management should be initiated according to clinical guidelines."
"The source of calcium ions of a calcific bridge in a
tooth in which calcium hydroxide pulpotomy has been
performed is:",A,D,False,1.0,False,"The correct answer is D) From the calcium hydroxide.

Calcium hydroxide pulpotomy involves the application of calcium hydroxide paste into the pulp chamber to induce calcification and promote healing. When this procedure is performed, calcium ions from the calcium hydroxide paste diffuse into the surrounding dentin, leading to the formation of a calcific bridge. This calcific bridge acts as a barrier between the pulp tissue and the oral environment, protecting the tooth from further infection.

No specific medication or treatment is required for this condition, as it represents a normal healing response following calcium hydroxide pulpotomy. However, regular dental check-ups are necessary to monitor the progress of healing and ensure that no complications arise."
"2, 3-BPG binds to sites of haemoglobin and the affinity for oxygen",A,A,True,0.83,False,"The given statement ""2, 3-BPG binds to sites of haemoglobin and the affinity for oxygen"" seems incomplete or incorrect as it does not provide a clear relationship between 2,3-bisphosphoglycerate (2,3-BPG) and oxygen affinity.

However, I can explain the correct information related to this topic. 2,3-BPG is an important allosteric effector of hemoglobin that plays a crucial role in regulating its affinity for oxygen. When 2,3-BPG binds to specific sites on deoxyhemoglobin (hemoglobin not bound to oxygen), it decreases the affinity of hemoglobin for oxygen. This allows more efficient unloading of oxygen at tissues and promotes oxygen delivery.

The correct answer would be: ""2,3-BPG binds to sites of deoxyhemoglobin, and the affinity for oxygen decreases.""

No specific medication or treatment is required for this physiological process as it is a normal mechanism for regulating oxygen transport in the body."
Highest concentration of oxygen is delivered through?,B,B,True,0.83,False,"The correct answer is B) Venturi mask.

A Venturi mask delivers a precise and consistent oxygen concentration to the patient due to its design, which incorporates a series of holes that mix air with oxygen at different pressures. This allows for accurate control over the oxygen flow rate and ensures a stable oxygen concentration throughout the treatment session. As a result, Venturi masks can deliver higher concentrations of oxygen (up to 60-70%) compared to other types of oxygen delivery devices like nasal cannulas or simple face masks.

No specific medication is required for using a Venturi mask; however, it's essential to ensure that the patient receives appropriate monitoring and care throughout the treatment session. This includes regular checks on blood oxygen saturation levels (SpO2) and adjustments to the oxygen flow rate as needed. Additionally, patients should be educated about the proper use of the device and potential complications or side effects associated with high oxygen concentrations.

In summary, Venturi masks are ideal for delivering higher concentrations of oxygen due to their precise control over oxygen flow rates and consistent delivery throughout treatment sessions. However, it's crucial to monitor SpO2 levels closely and adjust the oxygen concentration as needed to prevent hyperoxia-related complications."
Sharpest cusp is seen in,A,A,True,1.0,False,"The sharpest cusp is indeed seen in the upper canine tooth. This is due to its evolutionary role as a weapon for defense and hunting in our ancestors. The canine's single prominent cusp provides an effective tool for piercing and tearing food, as well as serving as a deterrent against potential threats.

No specific medication or treatment is required for this anatomical feature. However, if the upper canine tooth becomes damaged or diseased, appropriate dental care such as cleaning, restoration, or extraction may be necessary depending on the severity of the condition. Regular dental check-ups and good oral hygiene practices can help maintain healthy teeth and prevent potential issues."
A mother is Hbs Ag positive and anti Hbe Ag positive. Risk of transmission of Hep. B in child is:,A,C,False,1.0,False,"The correct answer is C) 0%.

Explanation: The mother being HbsAg positive indicates that she has an active hepatitis B virus (HBV) infection with surface antigen expression on her hepatocytes. However, her anti-HbeAg positivity suggests that she has developed antibodies against the hepatitis B e antigen, which is a marker of low infectivity and high levels of HBsAg in serum.

Since the mother's blood contains both HBsAg and anti-HBeAg, it indicates that she has a ""precore mutant"" infection. These precore mutants have a higher level of HBsAg but are less infectious due to the lack of HBeAg production. As a result, the risk of transmission of hepatitis B from this mother to her child is essentially zero.

No specific medication or treatment is required for the mother in this scenario, as she is not considered highly infectious and can safely breastfeed her child without posing any significant risk of HBV transmission. However, it would be prudent for the child to receive the hepatitis B vaccine series according to the recommended schedule to ensure adequate protection against HBV infection."
"In a patient with competent lips together at rest, the lip
line is opposite the tips of the upper incisors. The lip line is then described as",C,A,False,1.0,False,"The selected answer is: A) Average.

In a patient with competent lips together at rest, the lip line being opposite the tips of the upper incisors indicates an average lip line position. This means that the upper lip covers the teeth sufficiently but not excessively, which is considered normal and ideal for oral function and aesthetics.

No specific medication or treatment is required in this case, as the patient's lip line position is within the normal range. However, if there were concerns about the appearance of the smile or issues related to oral function (e.g., difficulty eating), orthodontic consultation might be considered to address any underlying dental alignment issues."
"A patient presented to emergency with overdose some drug. There were increased salivation and increased bronchial secretions. On examination, blood pressure was 88/60 mmHg. RBC esterase level is 50. What should be the treatment of this person?",A,B,False,1.0,False,"The patient's presentation with increased salivation and bronchial secretions, along with a low blood pressure (88/60 mmHg), suggests an anticholinesterase overdose. The elevated RBC esterase level (50) further supports this diagnosis, as it indicates the presence of cholinesterase inhibitors in the bloodstream.

The selected answer is B) Atropine because atropine is an antidote for anticholinesterase poisoning. It works by blocking the action of acetylcholine at muscarinic receptors, thereby counteracting the effects of increased salivation and bronchial secretions. Additionally, atropine can help increase blood pressure in cases of hypotension due to cholinergic crisis.

Other supportive treatments may include oxygen therapy, cardiac monitoring, and management of any respiratory complications. In severe cases or if atropine is ineffective, other medications such as pralidoxime (2-PAM) might be considered for adjunctive treatment."
The current bar clasp design used is:,A,C,False,0.5,True,"As a medical AI, I am unable to diagnose conditions or prescribe treatments based on the given information. However, I can provide you with an explanation for the answer provided.

The current bar clasp design used in removable partial dentures (RPDs) refers to the way the clasp arm is positioned relative to the adjacent teeth. The options are:

A) Lingual
B) Labial
C) Mesial or distal depending on the situation

Answer C, ""Mesial or distal depending on the situation,"" indicates that the bar clasp design can be either mesial (towards the front of the mouth) or distal (towards the back of the mouth), depending on the specific needs and anatomy of each patient's oral cavity. This flexibility allows for optimal aesthetics, function, and comfort in RPDs.

No medication or treatment is required for this answer; it simply describes a design feature of removable partial dentures."
All of the following are true regarding Class-II inlay gingival margins preparation except?,C,A,False,0.67,True,"A) Removal of weak enamel rods

This statement is incorrect regarding Class-II inlay gingival margin preparation. In fact, strong enamel rods should be preserved during the preparation process to ensure adequate retention for the restoration.

The correct answer would be B) Leaving a 90-degree internal line angle at the gingival floor. This is not recommended as it can lead to stress concentration and potential fracture of the restoration.

In Class-II inlay preparations, the gingival margin should be prepared with a rounded internal line angle (around 30-40 degrees) to facilitate easy finishing and polishing while also reducing stress concentrations that could lead to restoration failure."
Breakdown of periodontal fibres in periodontitis is due to bacterial enzyme: (OR) Which of the following bacterial products have been implicated in initiation of inflammatory periodontal disease?,A,A,True,1.0,False,"The breakdown of periodontal fibers in periodontitis is due to bacterial enzyme collagenase (A). This enzyme is produced by certain bacteria, such as Porphyromonas gingivalis and Aggregatibacter actinomycetemcomitans, which are key pathogens involved in the development of periodontal disease. Collagenase degrades the collagenous fibers that provide structural support to the periodontium, leading to attachment loss and tooth mobility.

The initiation of inflammatory periodontal disease is also associated with bacterial products such as lipopolysaccharides (LPS) and other pro-inflammatory molecules released by bacteria like Porphyromonas gingivalis. These bacterial products stimulate an immune response in the host, leading to inflammation and tissue destruction.

Treatment for periodontitis typically involves non-surgical scaling and root planing to remove plaque biofilm and smooth out the roots of teeth. In more advanced cases or when there is significant bone loss, surgical interventions may be necessary. Additionally, antibiotics may be prescribed if there is a high risk of systemic infection or if the patient has a compromised immune system.

In summary, collagenase produced by certain bacteria plays a key role in breaking down periodontal fibers and contributing"
"In a study, two groups of newborns are checked for their weights based on whether their mothers received food supplements or not. The appropriate test which can be used for comparing the data is:",B,D,False,0.5,True,"The appropriate test to compare the data in this study would indeed be the Fisher's Exact Test (D). This non-parametric statistical test is used when comparing proportions between two independent groups, such as newborns whose mothers received food supplements versus those who did not. It is particularly useful for small sample sizes and categorical outcomes like weight.

Fisher's Exact Test is preferred over other tests like Chi-square because it provides a more accurate p-value in situations with sparse data or low expected frequencies. This test helps determine whether there is a statistically significant difference between the two groups' weights, indicating if maternal food supplementation has an impact on newborns' birth weights.

No specific medication or treatment is required for this study as it focuses on comparing outcomes (newborn weights) based on maternal nutrition intervention. However, the results of such studies can inform recommendations for pregnant women regarding dietary supplements to support fetal growth and development."
Which vitamin is required for glycogen Phosphorylase?,A,B,False,0.83,False,"The correct answer is indeed Vitamin B1 (Thiamine Pyrophosphate, TPP). Thiamine plays a crucial role in carbohydrate metabolism by acting as a coenzyme for enzymes involved in glycolysis and glycogenolysis.

Glycogen phosphorylase is an enzyme that catalyzes the breakdown of glycogen into glucose-1-phosphate. This process requires thiamine pyrophosphate (TPP) as a cofactor, which helps stabilize the transition state during the reaction. Without sufficient TPP, glycogen phosphorylase activity would be impaired, leading to decreased glycogenolysis and potentially causing hypoglycemia.

There is no specific medication required for this condition, but ensuring adequate dietary intake of thiamine can prevent deficiency-related complications. In severe cases or when there's a suspected underlying thiamine deficiency, supplementation with thiamine may be necessary."
"A child's behaviour is traced to have dental difficulties
from	his	mother.	The	most	satisfactory	method	of
handling the situation is to:",A,B,False,1.0,False,"The given scenario describes a child exhibiting behavioral issues potentially linked to dental difficulties inherited from their mother. The most satisfactory method of handling such a situation would be to modify his fear by familiarization (Answer B).

Familiarization involves gradually exposing the child to the dental environment, equipment, and procedures in a non-threatening manner. This can include allowing the child to observe other children receiving dental care, playing with toothbrushes or dental models, or even having a parent or dentist model simple oral hygiene routines.

This approach aims to reduce anxiety and fear associated with dental visits, making it easier for the child to cooperate during treatment. It does not necessarily require specific medication or treatment at this stage but may lead to more effective management of dental issues once the child becomes comfortable in the dental setting.

It is important to note that a thorough evaluation by a pediatric dentist or orthodontist would be necessary to confirm any inherited dental difficulties and determine an appropriate treatment plan."
Which of the following is the only complete cailage ring in the respiratory tree?,A,A,True,1.0,False,"Answer: A) Cricoid cartilage

Explanation: The cricoid cartilage is the only complete ring of hyaline cartilage in the respiratory tree. It forms a complete semi-lunar shape at the level of the sixth cervical vertebra and serves as an anchor for the vocal folds. This anatomical structure allows for precise control over airflow during speech.

No specific medication or treatment is required for this anatomical feature, as it functions normally without any known pathologies. However, abnormalities in cricoid cartilage can lead to voice disorders or respiratory issues such as subglottic stenosis, which may require medical intervention."
Steps of intubation - arrange in sequence:- a. Head extension and flexion of neck b. Introduction of laryngoscope c. Inflation of cuff d. Check breath sounds with stethoscope e. fixation of the tube to prevent dislodgement,A,A,True,1.0,False,"A) ABCDE is the correct sequence for steps in intubation:

A - Head extension and flexion of neck: This step helps to align the oral, pharyngeal, and laryngeal axes, making it easier to visualize the glottis during intubation.

B - Introduction of laryngoscope: The laryngoscope is used to illuminate and visualize the vocal cords for proper tube placement.

C - Inflation of cuff: After correct positioning of the endotracheal tube (ETT), the cuff should be inflated to ensure a secure seal in the trachea, preventing air leaks and ensuring adequate ventilation.

D - Check breath sounds with stethoscope: This step confirms that the ETT is correctly placed in the trachea by auscultating for bilateral breath sounds. If unilateral or no breath sounds are detected, repositioning of the tube may be necessary.

E - Fixation of the tube to prevent dislodgement: Securing the ETT with tape or a fixation device prevents accidental removal and ensures proper ventilation during the procedure.

No specific medication or treatment is required for this sequence. However, sedatives and analgesics might be administered as part of the anesthesia protocol if"
In Erythroblastosis fetalis not involved is –,C,D,False,1.0,False,"Erythroblastosis fetalis, also known as hemolytic disease of the newborn (HDN), occurs when there's an incompatibility between the blood types of a mother and her fetus. It primarily involves antibodies against ABO blood group antigens (A or B) or RhD antigen.

The selected answer, D) Anti-Lewis, is not involved in erythroblastosis fetalis because Lewis antibodies do not cause significant hemolysis in the newborn. The Lewis system consists of multiple antigens (Lea, Leb, and LeX), which are not typically associated with severe HDN.

Treatment for erythroblastosis fetalis depends on the severity of the condition. Mild cases may require close monitoring, while more severe cases might necessitate intrauterine transfusions or early delivery to prevent complications such as anemia, jaundice, and even death in extreme cases. In some instances, Rh immune globulin (RhoGAM) injections can be administered to the mother during pregnancy to help prevent sensitization to RhD antigen.

It's important to note that any specific medication or treatment for erythroblastosis fetalis would depend on individual circumstances and should be determined by a healthcare professional."
"A dentist suffered from Hepatitis B infection 3 months back. His laboratory tests are normal, but he is not allowed by the medical board to do surgical practice. He is:",B,C,False,1.0,False,"The selected answer is indeed C) Convalescent carrier.

A convalescent carrier refers to an individual who has recovered from an infectious disease but continues to harbor the pathogen in their body, often in a latent form, without showing symptoms themselves. In this case, the dentist has recovered from Hepatitis B infection as evidenced by normal laboratory tests, yet he is not allowed to perform surgical practice due to the risk of transmitting the virus to patients.

As for treatment or medication, there isn't any specific requirement for convalescent carriers since they are no longer symptomatic. However, it's crucial for them to take precautions against infecting others and follow guidelines set by medical boards or regulatory agencies. In this case, the dentist should avoid performing surgical procedures until cleared by the medical board.

It is important to note that Hepatitis B can persist in a carrier state indefinitely if not treated properly. Therefore, the dentist may need to undergo regular monitoring for viral load and liver function tests to ensure they remain non-infectious. Additionally, vaccination of his patients against Hepatitis B should be considered as an extra precautionary measure.

In summary, the diagnosis is convalescent carrier, and while there isn't specific treatment required, it's essential for"
A pediatrician in a district hospital with specialization neonatal care unit calls an ophthalmologist for consultation for which of the following?,A,B,False,1.0,False,"Answer: B) A baby born at 28 weeks of gestation

Explanation: The pediatrician in a district hospital with specialization in neonatal care unit calls an ophthalmologist for consultation because the baby born at 28 weeks of gestation likely has retinopathy of prematurity (ROP). ROP is a condition that affects premature infants, causing abnormal blood vessel growth in the retina. This can lead to blindness if left untreated.

Specific treatment: The management of ROP involves regular ophthalmologic examinations and laser photocoagulation or cryotherapy for severe cases. There are no specific medications required for this condition, but close monitoring by an ophthalmologist is essential to prevent vision loss."
"In a child with active liver failure, the most important prognosis factor for death is –",C,C,True,1.0,False,"In a child with active liver failure, the most important prognostic factor for death is indeed an increasing prothrombin time (PT). This is because PT reflects the liver's ability to synthesize clotting factors, which are essential for hemostasis and preventing life-threatening bleeding complications.

As liver function deteriorates in acute liver failure, the synthesis of these clotting factors decreases, leading to a prolonged PT. A significantly elevated PT indicates severe liver dysfunction and an increased risk of hemorrhage, which can be fatal if not managed promptly.

Treatment for active liver failure typically involves supportive care, such as fluid management, electrolyte balance, and nutritional support. In addition, medications like vitamin K may be administered to help correct coagulopathy by enhancing clotting factor synthesis. However, the primary focus should always be on identifying and addressing the underlying cause of liver failure, whether it is an acute viral infection or a metabolic disorder.

In severe cases where liver transplantation is indicated, timely referral to a pediatric transplant center is crucial for optimal outcomes."
"A patient went into shock immediately after normal delivery, likely cause:",B,A,False,1.0,False,"Amniotic fluid embolism (AFE) is a rare but life-threatening obstetric emergency that can occur during labor, delivery, or postpartum period. It occurs when amniotic fluid enters the maternal bloodstream through a tear in the placental membranes or uterine wall, causing an allergic-like reaction and potentially leading to shock.

In this case, the patient went into shock immediately after normal delivery, making AFE a likely cause. The rapid onset of symptoms suggests that the event was acute rather than gradual, as seen with other causes of postpartum hemorrhage or infection.

Treatment for amniotic fluid embolism is primarily supportive and focused on stabilizing the patient's hemodynamic status. This includes administering oxygen, fluids, and vasopressors as needed to maintain blood pressure and perfusion of vital organs. In severe cases, mechanical ventilation may be necessary. There are no specific medications that can reverse AFE; however, antihistamines or corticosteroids might be considered for symptom relief.

It is essential to recognize the signs and symptoms of amniotic fluid embolism promptly and initiate appropriate management to improve patient outcomes."
"A patient presented with flat topped violaceous papules, thinning of nails and onycholysis. What is the microscopic finding observed in this patient?",B,B,True,1.0,False,"The patient's presentation with flat-topped violaceous papules, thinning of nails, and onycholysis suggests a diagnosis of lichen planus. The microscopic finding observed in this case would be suprabasal split (B), which refers to the characteristic band-like dermal infiltrate seen in lichen planus under a microscope.

Lichen planus is an autoimmune disease that affects both the skin and mucous membranes, causing inflammation and damage to these tissues. The exact cause of lichen planus remains unknown, but it may be triggered by genetic predisposition, environmental factors, or certain medications (such as antihypertensives or angiotensin-converting enzyme inhibitors).

Treatment for lichen planus typically involves managing symptoms and preventing complications. Topical corticosteroids are often used to reduce inflammation in mild cases, while systemic corticosteroids may be prescribed for more severe cases or when the condition affects mucous membranes. In addition, phototherapy with ultraviolet B (UVB) or narrowband UVB can help alleviate symptoms.

It is important to note that lichen planus can recur even after successful treatment, and ongoing monitoring by a dermatologist is necessary to manage this chronic condition effectively."
Which of the following is not. true regarding myelopathy?,A,B,False,0.83,False,"B) Brisk jaw jerk is not a characteristic feature of myelopathy.

Myelopathy refers to damage or disease affecting the spinal cord, leading to neurological deficits in the limbs, trunk, and sometimes autonomic functions. The clinical presentation can vary depending on the location and extent of spinal cord involvement.

A brisk jaw jerk (also known as masseter reflex) is a normal finding in cranial nerve V (trigeminal nerve) examination. It indicates intact proprioception and motor function in the muscles of mastication, which are not directly affected by myelopathy.

Myelopathies can be caused by various conditions such as trauma, tumors, infections, or degenerative diseases like multiple sclerosis or spinal stenosis. Treatment depends on the underlying cause and severity of symptoms. In general, management may include pain relief medications, physical therapy, and sometimes surgery if indicated."
Which of the following committees has recommended a 3-year bachelor degree in medical education for rural health service?,A,C,False,0.67,True,"Answer: C) Srivastava Committee

Explanation: The Srivastava Committee, established by the Government of India in 1975, recommended a three-year Bachelor's degree program for rural health service to address the shortage of healthcare professionals in rural areas. This recommendation aimed at providing basic medical education and training to individuals who would serve as primary healthcare providers in rural communities.

No specific medication or treatment is required for this answer, as it pertains to a committee's recommendation rather than a clinical diagnosis or treatment plan."
Sequential arrangement of fetal scans -,C,C,True,0.67,True,"The correct sequence for fetal scans is not ""Anomalous Scan"" followed by ""NT (Nuchal Translucency) scan."" The appropriate order of prenatal ultrasound scans is:

1. First-trimester screening: This includes the combined test (beta-hCG and PAPP-A) along with an NT measurement between 11-14 weeks.
2. Anomalous Scan or detailed anatomy scan: This is performed between 18-22 weeks to assess fetal structure and detect any potential anomalies.
3. Growth Scan: Performed between 24-28 weeks to monitor fetal growth and development.

The given answer, ""Anomalous Scan"" followed by ""NT scan,"" does not accurately represent the sequential arrangement of prenatal ultrasound scans. The NT measurement is part of the first-trimester screening, while the anomalous scan occurs later in pregnancy (18-22 weeks).

No specific medication or treatment is required based on this sequence alone. However, if any fetal anomalies are detected during the detailed anatomy scan, further evaluation and management will be necessary depending on the nature of the anomaly."
Which one of the following is a muscle splitting incision?,C,D,False,1.0,False,"Lanz incision (D) is a muscle-splitting incision, which means it involves separating rather than cutting through muscles to minimize damage and promote faster healing.

In contrast, other options such as midline vertical incision (A), paramedian incision (B), and transverse incision (C) involve cutting through the entire thickness of the abdominal wall muscles. These types of incisions can lead to more significant muscle trauma and longer recovery times compared to muscle-splitting techniques.

No specific medication or treatment is required for a Lanz incision beyond routine postoperative care, such as pain management with analgesics like acetaminophen or ibuprofen, and antibiotics if there's an increased risk of infection."
Multiple canals in mandibular premolars are seen in?,A,A,True,1.0,False,"The given answer ""Africas"" does not make sense in the context of dental anatomy or pathology. The correct answer should be ""African populations."" Multiple canals in mandibular premolars are more commonly seen in African populations due to genetic variations.

In some African populations, there is a higher incidence of morphological variations in teeth, including multiple root canals in mandibular premolars. This variation may lead to challenges during endodontic treatment and requires careful diagnosis and management by an experienced dentist or endodontist.

No specific medication is required for this condition; however, appropriate dental care and treatment are essential to manage any complications that might arise due to the anatomical variations."
Which of the following blade angle is appropriate for scaling and root planing,A,B,False,0.67,True,"The correct answer is indeed B) 45 degrees.

Scaling and root planning are periodontal procedures that involve removing plaque, calculus, and biofilm from the tooth surface while also smoothing the roots to prevent further inflammation and infection. The appropriate blade angle for scaling and root planing is 45 degrees, as this allows for effective removal of deposits while minimizing damage to the surrounding tissues.

A 45-degree angle enables the clinician to access the sulcus (the shallow crevice between the tooth and the gingiva) at an optimal position, allowing for efficient removal of plaque and calculus. This angle also helps in maintaining a smooth root surface after planing, which is essential for preventing future inflammation and infection.

No specific medication or treatment is required beyond routine periodontal maintenance following scaling and root planning. However, if there are signs of active periodontitis (such as bleeding on probing, deep pockets, or significant attachment loss), additional treatments like antibiotics or surgical interventions might be necessary to manage the disease effectively."
Which pa of brachial plexus do not give branches,A,B,False,0.5,True,"The correct answer is indeed ""B) Division"". 

In the brachial plexus, division refers to the segment between the roots (C5-T1) and trunks (superior, middle, and inferior). This part does not give off any branches; instead, it serves as a transitional zone where the roots merge to form the trunks. The trunks then divide into anterior and posterior divisions before forming cords.

There is no specific medication or treatment required for this segment of the brachial plexus since it's an anatomical structure rather than a pathological condition. However, understanding the anatomy of the brachial plexus can be crucial in diagnosing and managing various nerve injuries or conditions affecting the upper limb."
"If the Rb gene phosphorylation is defective, which of the following will happen?",A,B,False,0.83,False,"Answer: B) Cell cycle will stop at G2 phase

Explanation: The Rb gene encodes for Retinoblastoma protein (pRb), a tumor suppressor that plays a crucial role in regulating the cell cycle by controlling progression from the G1 to S phase and from G2 to M phase. Phosphorylation of pRb by cyclin-dependent kinases (CDKs) leads to its inactivation, allowing cells to progress through the cell cycle. If Rb gene phosphorylation is defective, pRb remains unphosphorylated and active, preventing CDKs from driving the cell cycle forward. As a result, the cell cycle will arrest at the G2 phase.

Treatment for this condition depends on the underlying cause of the Rb gene mutation. In cases where it's inherited as an autosomal dominant trait (e.g., familial retinoblastoma), genetic counseling and regular screening are essential. For sporadic tumors or those with a complex karyotype, surgical resection, chemotherapy, and/or radiation therapy may be necessary.

It is important to note that this answer refers specifically to the Rb gene phosphorylation defect in cancer cells. In normal cells, pRb"
Cumulative index is:,B,B,True,0.67,True,"The cumulative index refers to a scoring system used in dentistry to assess the overall periodontal health of an individual. The Ramfjord's periodontal index (RPI) is one such index that evaluates the extent of gingivitis and periodontitis based on clinical parameters like plaque, calculus, gingival bleeding, pocket depth, and attachment loss.

The selected answer, B) Ramfjord's periodontal index, is an appropriate cumulative index for assessing periodontal health. This index provides a comprehensive evaluation of the patient's oral hygiene status and helps identify areas that require improvement or treatment.

Treatment for periodontal disease typically involves non-surgical therapy such as scaling and root planing to remove plaque and tartar, followed by regular maintenance cleanings. In severe cases, surgical intervention may be necessary. Additionally, patients are advised to maintain good oral hygiene practices through regular brushing and flossing, along with professional dental cleanings every six months.

No specific medication is required for periodontal disease unless there are secondary infections or complications such as abscesses. Antibiotics might be prescribed in these cases."
The cells which will proliferate from top to bottom of villi are:,B,C,False,1.0,False,"The correct answer is indeed C) Paneth cells.

Paneth cells are specialized epithelial cells located at the base of intestinal villi in the small intestine. They play a crucial role in maintaining gut homeostasis by producing antimicrobial peptides, such as defensins and cryptdins, which help protect against bacterial overgrowth and maintain a healthy gut microbiota. These cells also secrete lysozyme, an enzyme that breaks down bacterial cell walls.

As Paneth cells proliferate from the base to the top of villi, they contribute to the maintenance of the intestinal epithelial barrier function by replenishing damaged or apoptotic cells at the apical surface. This process ensures a continuous supply of healthy cells for the villus tip and maintains the integrity of the gut lining.

No specific medication or treatment is required for Paneth cell proliferation as it is an essential physiological process in maintaining gut health. However, if there are any abnormalities in Paneth cell function or number, such as those seen in Crohn's disease or other inflammatory bowel diseases, appropriate medical management should be considered based on the individual patient's condition and clinical presentation.

In summary, Paneth cells proliferate from the base to the top of intestinal villi, contributing"
What is the usual weight of rabbit used in ophthalmological experiments?,A,A,True,1.0,False,"The usual weight of rabbits used in ophthalmological experiments is indeed around 0.5 to 1 kg (A). This size range allows for easy handling and restraint during procedures while still providing a sufficient amount of ocular tissue for experimentation.

Rabbits are commonly used as animal models in ophthalmology due to their anatomical similarities to humans, particularly in the structure of the eye. They also have relatively short life spans compared to other mammals, making them more suitable for time-sensitive research studies.

No specific medication or treatment is required for this answer, as it pertains only to the weight range typically used in ophthalmological experiments involving rabbits. However, proper care and handling of these animals are essential to ensure their welfare and minimize any potential discomfort during experimentation."
"In plasmodium vivax malaria, relapse is caused by:September 2012",B,C,False,1.0,False,"In Plasmodium vivax malaria, relapse is indeed caused by hypnozoites (C). These dormant liver stages can remain in the host for months to years after initial infection, leading to reactivation and subsequent parasitemia.

The diagnosis of P. vivax malaria involves microscopic examination of peripheral blood smears or rapid diagnostic tests (RDTs) for Plasmodium antigens. Treatment typically consists of a combination of chloroquine and primaquine. Chloroquine targets the erythrocytic stages, while primaquine is effective against hypnozoites in the liver. It's essential to administer both drugs simultaneously to prevent relapses.

In some cases, especially when primaquine cannot be used due to contraindications or patient intolerance, radical cure can be achieved with tafenoquine (Krintafel) or sulfalene-pyrimethamine (SP). These alternative regimens are also effective against hypnozoites and should be considered in specific situations.

It's important for healthcare providers to recognize the potential for relapse in P. vivax malaria and ensure adequate treatment of both acute infection and hypnozoite stages to prevent recurrence."
Retraction of mandible is achieved by:,A,A,True,1.0,False,"Retraction of the mandible (lower jawbone) is primarily achieved by the lateral pterygoid muscle. This muscle is one of four muscles that make up the temporomandibular joint (TMJ), which connects the mandible to the skull.

The lateral pterygoid muscle plays a crucial role in jaw movements, particularly retrusion (backward movement) and protraction (forward movement). During these actions, it contracts unilaterally or bilaterally, depending on the specific movement required. The medial pterygoid muscle assists in elevation and protrusion of the mandible.

There is no specific medication required for retraction of the mandible as this is a normal physiological function. However, if there are issues with jaw movements due to temporomandibular joint disorders (TMD), treatment may involve physical therapy exercises or splint therapy to alleviate pain and improve jaw function. In severe cases, surgery might be necessary.

In summary, retraction of the mandible is primarily achieved by the lateral pterygoid muscle, which plays a vital role in various jaw movements. No specific medication is required for normal jaw function; however, treatment may be needed if TMD develops."
How is modified shock index represented as?,A,A,True,1.0,False,"Modified Shock Index (MSI) is represented as:

A) HR/SBP

Explanation:
Modified Shock Index is a clinical tool used to assess the risk of shock in trauma patients. It is calculated by dividing heart rate (HR) by systolic blood pressure (SBP), unlike traditional Shock Index, which uses mean arterial pressure (MAP). The use of SBP instead of MAP makes MSI more easily obtainable at the bedside and provides a better correlation with hypovolemic shock.

The answer provided, HR/MAP, is incorrect because it represents the traditional Shock Index rather than Modified Shock Index. To calculate MSI correctly, one should divide heart rate by systolic blood pressure (HR/SBP).

No specific medication or treatment is required based solely on the calculation of MSI. However, if a patient has an elevated MSI indicating potential shock, immediate assessment and management for hypovolemic shock should be initiated, including fluid resuscitation and other necessary interventions as determined by the clinical context.

It's important to note that while MSI can help identify patients at risk for shock, it is not a definitive diagnostic tool. Clinical judgment and additional assessments are always necessary in determining the appropriate course of action for each patient."
"A 3 week neonate with ambiguous genitalia presented with Na+ 127 meq/L, K+ 7.2 meq/L wit BP 52/24 mm Hg and he was managed with IV fluids. What is the next step of management?",A,B,False,0.67,True,"The given scenario describes a 3-week-old neonate presenting with ambiguous genitalia, hyponatremia (low sodium level), hyperkalemia (high potassium level), and hypotension (low blood pressure). The management provided so far includes IV fluids.

Considering the clinical presentation, the most likely diagnosis is Congenital Adrenal Hyperplasia (CAH) due to 21-hydroxylase deficiency. This genetic disorder affects adrenal steroidogenesis, leading to an overproduction of androgens, which causes virilization in females and ambiguous genitalia in both sexes.

The next step in management would be hydrocortisone administration (Answer B). Hydrocortisone is a glucocorticoid that replaces the deficient cortisol hormone. It helps regulate electrolyte balance by reducing potassium levels and increasing sodium reabsorption, thus addressing the hyperkalemia and hyponatremia seen in this case. Additionally, hydrocortisone will help manage hypotension by improving vascular tone.

Other specific medications or treatments that may be required include fludrocortisone (mineralocorticoid) for salt retention and management of dehydration, as well as surgical intervention to correct the ambiguous genital"
Base pairs in DNA,B,C,False,1.0,False,"The given answer, ""C) 3.2 billion,"" refers to the approximate number of base pairs present in the human genome, not a medical diagnosis or treatment. Base pairs are the building blocks of DNA, with adenine (A) pairing with thymine (T), and guanine (G) pairing with cytosine (C). The human genome consists of approximately 3.2 billion base pairs that encode our genetic information.

No specific medication or treatment is required for this answer as it is a biological fact rather than a medical diagnosis or intervention."
Which of the following is a solid solution?,B,B,True,0.83,False,"Cobalt-chromium (Co-Cr) alloys are known as solid solutions because they consist of two or more metals that have mixed together at an atomic level to form a single phase material with uniform composition throughout. In this case, cobalt and chromium combine to create a strong, corrosion-resistant alloy used in medical implants such as hip and knee replacements.

No specific medication or treatment is required for Co-Cr alloys themselves; however, the patient receiving these implantable devices may need post-operative care and monitoring to ensure proper healing and function."
Tracheal secretions should be suctioned for:,A,C,False,0.83,False,"Tracheal secretions should be suctioned when they are thick, tenacious, or causing respiratory distress. The recommended duration for suctioning tracheal secretions is typically around 10-15 seconds, not 30 seconds as mentioned in the question.

Suctioning tracheal secretions helps to clear the airway and prevent complications such as atelectasis or pneumonia. It should be performed gently and with caution to avoid trauma to the trachea or mucosal damage. The frequency of suctioning depends on factors like the patient's condition, type of ventilation, and presence of any underlying respiratory diseases.

No specific medication is required for suctioning tracheal secretions; however, if there are signs of infection or inflammation in the airway, antibiotics may be prescribed by a healthcare provider. Additionally, if the patient has difficulty managing secretions due to muscle weakness or other conditions, medications like bronchodilators might be necessary to facilitate secretion clearance.

In summary, suctioning tracheal secretions should be performed when they are thick or causing respiratory distress, and the recommended duration is 10-15 seconds. The frequency of suctioning depends on individual patient factors, and specific medications may be prescribed if there are signs of"
"A patient presents with carcinoma of the larynx involving the left false cords, left arytenoid and the left aryepiglottic folds with bilateral mobile true cords. Treatment of choice is -",A,B,False,1.0,False,"The correct answer is B) Horizontal partial hemilaryngectomy.

This patient presents with carcinoma of the larynx involving the left false cords, left arytenoid, and left aryepiglottic folds with bilateral mobile true cords. The tumor appears to be confined to one side (left) of the larynx, which makes a horizontal partial hemilaryngectomy an appropriate treatment option.

Horizontal partial hemilaryngectomy is a surgical procedure that involves removing the affected portion of the larynx while preserving the contralateral mobile true vocal cords. This approach aims to maintain the patient's voice and swallowing function as much as possible, which is essential for their quality of life.

No specific medication is required for this treatment option; however, postoperative care may include antibiotics to prevent infection, pain management with analgesics, and supportive care such as nutrition and hydration. Regular follow-up appointments will be necessary to monitor the patient's recovery and detect any recurrence of cancer."
Which of the following lipoproteins does not move towards charged end in electrophoresis?,C,C,True,1.0,False,"Answer: C) HDL (High-Density Lipoprotein)

Explanation: In electrophoresis, lipoproteins migrate based on their charge and size. Chylomicrons have a negative charge due to the presence of apolipoprotein B-48 and phospholipids, causing them to move towards the anode (positive electrode). Very Low-Density Lipoproteins (VLDL) also carry a negative charge from apolipoprotein B-100 and migrate towards the anode. Low-Density Lipoproteins (LDL) have a slightly positive charge due to the presence of lysine residues on apolipoprotein B-100, causing them to move towards the cathode (negative electrode). High-Density Lipoproteins (HDL), being rich in positively charged proteins like apolipoprotein A-I and C, migrate towards the anode. Therefore, HDL is the lipoprotein that does not move towards the charged end in electrophoresis.

No specific medication or treatment is required for this observation as it is a normal physiological characteristic of HDL. However, if there's concern about abnormal lipid profiles, appropriate dietary modifications and lifestyle changes should be recommended to manage"
"A 60 years old male presented with fever, chills and dysuria. Patient was hospitalized in emergency for 5 days. PSA level was 7.4. Next best step in this patient:",C,C,True,1.0,False,"The selected answer is C) TRUS-guided biopsy.

Explanation: The patient's presentation with fever, chills, dysuria, and elevated PSA level (7.4 ng/mL) suggests a possible urinary tract infection (UTI), possibly complicated by prostatitis or prostate cancer. Given the age of the patient and the presence of systemic symptoms like fever and chills, it is important to rule out serious underlying conditions such as acute bacterial prostatitis or prostate cancer.

TRUS-guided biopsy is the next best step in this case because it allows for targeted sampling of the prostate tissue to assess for any malignancy. This procedure can help determine if the elevated PSA level is due to benign prostatic hyperplasia (BPH), prostatitis, or prostate cancer.

Treatment will depend on the biopsy results and may include antibiotics for UTI or prostatitis, alpha-blockers for BPH symptoms, or hormonal therapy and/or radiation therapy for prostate cancer."
Name the structure marked with arrow,B,C,False,1.0,False,"In the given image, the structure marked with an arrow appears to be secretory vesicles in a neuron.

Secretory vesicles are small membrane-bound organelles that store neurotransmitters and hormones for release into the synaptic cleft upon neuronal stimulation. They play a crucial role in transmitting signals between neurons and other cells.

No specific medication or treatment is required for secretory vesicles themselves, as they are normal components of healthy neurons. However, dysfunction or abnormalities in these structures can contribute to neurological disorders such as Parkinson's disease, Alzheimer's disease, or autonomic nervous system dysfunctions. In those cases, appropriate medical interventions would be necessary based on the underlying condition and its symptoms.

In summary, secretory vesicles are essential for normal neuronal function, but their dysfunction may indicate an underlying pathology requiring specific treatment."
"A patient from,nqh-eastern states was diagnosed to have infection with P. falciparum malaria. What is the most appropriate drug for this patient?",A,A,True,1.0,False,"The most appropriate drug for treating P. falciparum malaria in a patient from the eastern states would be artemether plus lumefantrine (Aemether plus Lumefantrine). This combination therapy is recommended by the World Health Organization (WHO) as first-line treatment for uncomplicated P. falciparum malaria in many regions, including the United States.

Artemether-lumefantrine is a fixed-dose combination of two antimalarial drugs: artemether, an artemisinin derivative, and lumefantrine, an aminoalcohol. Artemether works by inhibiting parasite growth, while lumefantrine enhances its activity and reduces the risk of resistance development.

This treatment choice is based on several factors:

1. Efficacy: The combination has high cure rates (above 90%) against P. falciparum malaria.
2. Safety: It generally has a favorable safety profile, with few serious adverse events reported.
3. Resistance: Artemether-lumefantrine is less likely to induce resistance compared to monotherapy with artemisinin derivatives due to its dual-action mechanism.

It's essential to note that the choice of treatment may vary depending"
"Iron is present in all, EXCEPT",C,D,False,1.0,False,"Iron is not directly present in pyruvate kinase as it is an enzyme involved in glycolysis, converting phosphoenolpyruvate (PEP) to pyruvate. Iron is a cofactor for enzymes like cytochromes and hemoglobin, but not for pyruvate kinase.

No specific medication or treatment is required for this answer, as it's simply an explanation of the absence of iron in pyruvate kinase. However, if there were any confusion regarding iron deficiency or anemia, appropriate medical interventions would be necessary based on clinical presentation and diagnostic tests."
The most common bone tumor that occurs in children is:,A,A,True,1.0,False,"The correct answer is indeed osteosarcoma.

Osteosarcoma is the most common primary bone tumor in children, accounting for approximately 2% of all childhood cancers. It typically affects children between the ages of 10 to 25 years old, with a peak incidence around puberty. The tumor arises from primitive mesenchymal cells and usually develops in the metaphysis (the growing end) of long bones, particularly the distal femur or proximal tibia.

Treatment for osteosarcoma generally involves a combination of surgery, chemotherapy, and sometimes radiation therapy. Preoperative chemotherapy is administered to shrink the tumor before surgical resection, which aims to remove as much of the cancerous tissue as possible while preserving the affected limb's function. Postoperative chemotherapy continues after surgery to eliminate any remaining microscopic cancer cells.

In some cases where amputation would be necessary for complete removal of the tumor, limb-sparing procedures like rotationplasty or prosthetic replacement may be considered. Additionally, radiation therapy might be used in specific situations, such as when there is a high risk of local recurrence or metastasis.

It's important to note that early diagnosis and treatment are crucial for improving outcomes in pediatric osteosarcoma patients. Regular monitoring"
"In a couple for treatment of infeility from the last four years, female paner is normal. Male paner has 0.8 ml semen volume per ejaculate on two repeated samples and absent fructose, with no sperms on examination under microscope. What is the next line of management?",C,A,False,1.0,False,"The selected answer is A) Per-rectal examination to check for ejaculatory duct obstruction.

Explanation:
Given the patient's history of infertility with a normal female partner, the male partner has low semen volume (0.8 ml), absent fructose, and no sperm on microscopic examination. These findings suggest obstructive azoospermia, which is likely due to an ejaculatory duct obstruction. The next line of management would be a per-rectal examination to assess for any anatomical abnormalities or blockages in the ejaculatory ducts.

Specific treatment:
If an ejaculatory duct obstruction is confirmed during the per-rectal examination, surgical intervention may be necessary to relieve the obstruction and potentially improve fertility. This could involve transurethral resection of the prostate (TURP) if benign prostatic hyperplasia (BPH) is present or other surgical procedures depending on the nature of the obstruction.

It's important to note that even after successful correction of an ejaculatory duct obstruction, sperm quality and quantity may not necessarily improve. Additional fertility treatments such as intrauterine insemination (IUI) or in vitro fertilization (IVF) might still be necessary for the couple to achieve pregnancy."
The zygomatic bone does not articulate with:,B,C,False,1.0,False,"The correct answer is indeed C) Nasal bone.

Explanation: The zygomatic bone forms part of the orbit (eye socket), the cheekbone, and the prominence of the face just below each eye. It articulates with several bones including the maxilla, frontal, palatine, sphenoid, temporal, and lacrimal bones. However, it does not articulate with the nasal bone.

The nasal bone is a thin, paired structure that forms the bridge of the nose. It articulates with the frontal bone above and the maxilla below. There is no direct connection between the zygomatic bone and the nasal bone.

No specific medication or treatment is required for this anatomical fact. The information provided pertains to the skeletal anatomy of the face, which does not involve any medical intervention."
Which of the following statements is true regarding medical aboion?,C,B,False,1.0,False,"Answer: B) If the patient has an IUCD (intrauterine contraceptive device) in-situ, it doesn't need to be removed.

Explanation: In medical abortion, also known as non-surgical abortion, medications are used to terminate a pregnancy up to 49 days gestation. The most commonly used regimen is mifepristone followed by misoprostol. Mifepristone blocks the action of progesterone, which is essential for maintaining pregnancy, while misoprostol causes uterine contractions leading to expulsion of the fetus.

In cases where a patient has an IUCD in-situ (i.e., still present inside the uterus), it does not need to be removed before administering medical abortion medications. The IUCD can remain in place during the abortion process, as its presence will not interfere with the effectiveness of the medication regimen. However, if the IUCD is expelled along with the fetus, it should be retained for identification purposes and disposed of according to local guidelines.

No specific medication or treatment is required for an existing IUCD during medical abortion; however, it's essential to ensure that the patient understands the procedure and potential complications, including incomplete abortion, infection,"
Calcium ions triggers muscle contraction by binding to:,B,A,False,1.0,False,"The correct answer is A) Actin.

Calcium ions trigger muscle contraction by binding to troponin and tropomyosin complex on the actin filament in skeletal muscles. This binding causes a conformational change that exposes the myosin binding site, allowing myosin heads to bind and generate force for muscle contraction.

No specific medication or treatment is required for this physiological process as it is an essential mechanism of normal muscle function. However, if there's any issue with calcium ion regulation (e.g., hypocalcemia), supplementation may be necessary."
"SD plasma destroys lipid enveloped virus. On SD plasma transfusion, which of the following infection is the likely possibility?",A,C,False,1.0,False,"Answer: C) HBV (Hepatitis B Virus)

Explanation: SD plasma refers to serum-derived plasma, which contains antibodies against various pathogens, including lipid-enveloped viruses such as Hepatitis B Virus (HBV). When SD plasma is transfused into a patient, the pre-existing antibodies in the donor plasma can neutralize and destroy HBV particles circulating in the recipient's bloodstream. This reduces the risk of HBV transmission through blood products.

As for treatment or medication requirements, recipients of SD plasma transfusions should be monitored for any signs of HBV infection, such as jaundice, fatigue, or abdominal pain. If an HBV infection is confirmed, antiviral medications like entecavir or tenofovir may be prescribed to manage the infection and prevent further transmission.

It's important to note that SD plasma transfusions are not a substitute for vaccination against HBV. Recipients should still receive the appropriate vaccinations according to their medical history and risk factors."
"According to the intelligence quotient classification, a score of 90-110 is:",A,B,False,1.0,False,"According to the intelligence quotient (IQ) classification system developed by psychologist David Wechsler, an IQ score ranging from 90 to 110 falls within the ""average"" range. This classification indicates that individuals in this range possess typical cognitive abilities for their age group and are not significantly above or below average.

There is no specific medication or treatment required for someone with an average IQ score, as it does not indicate any underlying medical condition or developmental disorder. Instead, this classification simply reflects the individual's position within the normal distribution of intelligence scores in the general population."
"Due to which of the following enzyme deficiency, vitamin C cannot be synthesised in humans?",B,C,False,1.0,False,"The correct answer is indeed C) L-Gulonolactone oxidase.

L-Gulonolactone oxidase is an enzyme essential for the final step of vitamin C (ascorbic acid) synthesis in humans. In individuals with a deficiency of this enzyme, ascorbic acid cannot be produced endogenously, leading to a condition known as hereditary scurvy or rare genetic disorder called ""aromatic L-gulonolactone oxidase deficiency.""

This rare autosomal recessive disorder is characterized by an inability to synthesize vitamin C due to the lack of functional L-Gulonolactone oxidase. As a result, affected individuals are unable to maintain adequate levels of ascorbic acid in their bodies.

There is no specific medication required for this condition; instead, lifelong supplementation with oral ascorbic acid is necessary to prevent and treat symptoms related to vitamin C deficiency. Regular monitoring of blood ascorbate levels should be performed to ensure adequate supplementation."
In a patient of heart disease antibiotic prophylaxis for dental extraction is:,A,A,True,1.0,False,"In patients with heart disease, antibiotic prophylaxis for dental extraction is recommended to prevent infective endocarditis (IE), a serious infection of the heart valves. The American Heart Association (AHA) guidelines recommend amoxicillin as the preferred antibiotic for prophylaxis in this population.

Amoxicillin is chosen because it effectively covers common oral flora, such as Streptococcus viridans and other alpha-hemolytic streptococci, which are responsible for IE. Additionally, amoxicillin has a good safety profile and is well-tolerated by most patients.

It's important to note that antibiotic prophylaxis should only be prescribed when the patient has a high risk of developing IE based on their heart condition (e.g., prosthetic valves, previous IE, certain congenital heart defects). For low-risk patients or those with mitral valve prolapse without other cardiac conditions, antibiotic prophylaxis is no longer recommended by AHA guidelines.

In summary, amoxicillin is the preferred antibiotic for prophylaxis in patients with heart disease undergoing dental extraction to prevent infective endocarditis. However, it's essential to assess each patient's individual risk factors and follow current guidelines before prescribing prophylactic antibiotics."
"Which of the following type of failure may occur, if the coefficient of thermal expansion of ceramic is much lower than that of metal?",A,B,False,1.0,False,"Answer: B) Adhesive failure of metal ceramic bond

Explanation: When the coefficient of thermal expansion of ceramic is much lower than that of metal, it can lead to differences in dimensional changes during temperature fluctuations. This mismatch causes stress at the interface between the two materials, resulting in adhesive failure of the metal-ceramic bond.

No specific medication or treatment is required for this type of failure. Instead, the dentist may need to consider using a different ceramic material with a more compatible coefficient of thermal expansion or employing additional bonding techniques to strengthen the interface between the metal and ceramic components."
Anti monsoon curve seen in :,C,B,False,0.83,False,"Anti-monsoon curve refers to a specific pattern observed on an X-ray of the maxillary sinus during the monsoon season (wet season). It appears as a concave upward curve in the sinus floor due to increased mucosal thickening caused by excessive humidity and moisture.

The selected answer is B) Molar, because the anti-monsoon curve is typically seen in the maxillary sinus adjacent to the first molar tooth. This location is significant because it allows for easy identification of this pattern on dental X-rays, which are often used as a diagnostic tool for sinusitis or other sinus-related conditions.

No specific medication or treatment is required solely based on the presence of an anti-monsoon curve. However, if sinusitis or another underlying condition is suspected due to this radiographic finding, appropriate management may include antibiotics, nasal decongestants, and/or corticosteroid sprays, depending on the severity and type of infection. It's essential for a healthcare professional to evaluate the patient's symptoms and medical history before initiating any treatment plan."
"A 10 years old child has lytic lesions in upper femur, the differential diagnosis can be all except :",A,A,True,1.0,False,"A) Plasmacytoma is not a likely diagnosis for lytic lesions in an 10-year-old child's upper femur.

Plasmacytoma is a rare tumor of plasma cells that typically affects adults over the age of 50, making it less likely to occur in children. Additionally, plasmacytomas are more commonly associated with multiple myeloma, which is also more prevalent in older individuals.

The differential diagnosis for lytic lesions in an upper femur of a 10-year-old child could include:

1) Osteosarcoma: A malignant bone tumor that can occur in children and adolescents.
2) Ewing's sarcoma: Another malignant bone tumor that commonly affects children and young adults.
3) Langerhans cell histiocytosis (LCH): A rare disease characterized by the proliferation of abnormal Langerhans cells, which can cause lytic lesions in bones.

Treatment for these conditions typically involves a multidisciplinary approach including surgery, chemotherapy, and/or radiation therapy. The specific treatment plan will depend on the type and stage of the tumor, as well as the child's overall health status."
During periradicular surgery bone is removed with?,A,A,True,0.83,False,"During periradicular surgery, which involves treating root canal infections by accessing the apical region of a tooth through an incision in the gum tissue, bone removal is typically performed using a round burr. This type of burr has a rounded tip that allows for precise and controlled removal of bone tissue while minimizing damage to surrounding structures.

The use of a round burr during periradicular surgery is essential because it enables the surgeon to carefully remove infected or damaged bone, as well as any granulation tissue, to promote healing and prevent recurrence of infection. No specific medication or treatment is required for using a round burr in this procedure; however, proper sterilization and handling techniques must be followed to ensure patient safety.

It's important to note that the choice of burr may vary depending on individual cases and surgeon preference. Other types of burs, such as flat or tapered burs, might also be used for specific purposes during periradicular surgery."
The primary function of the dental pulp is:,A,A,True,1.0,False,"The primary function of the dental pulp is indeed nutritive (A). The dental pulp is a soft tissue found inside the tooth, consisting of blood vessels, nerves, and connective tissue. Its main role is to provide nutrients and oxygen to the tooth structure, ensuring its growth and maintenance throughout life.

No specific medication or treatment is required for this function as it is an inherent biological process. However, if there's damage to the pulp due to injury, decay, or infection, a dentist may need to perform root canal therapy to remove infected tissue and seal the tooth to prevent further complications."
Which of the following increases callus formation:,A,B,False,1.0,False,"Answer: B) Movement at fracture site

Explanation: Callus formation is a natural process of bone healing that occurs when there is a fracture in the bone. A callus is a mass of granulation tissue that forms over the fracture site, eventually hardening into new bone and bridging the gap to restore structural integrity.

Movement at the fracture site (option B) can interfere with this healing process by causing micro-movements or displacement of the bone fragments, which may lead to delayed union or non-union. This is because movement disrupts the formation of a stable callus, preventing the new bone from properly bridging the gap and potentially leading to chronic pain, instability, or even further fracture.

To prevent complications due to movement at the fracture site, immobilization with casts, splints, or internal fixation devices (such as plates, screws, or rods) is necessary. In some cases, medications like analgesics for pain management and antibiotics to prevent infection may also be required. However, it's important to note that immobilization should not be excessive, as prolonged immobilization can lead to stiffness, muscle atrophy, and other complications.

In summary, movement at the fracture site increases callus formation complications by disrupting bone healing"
Child of Vasanthi was weaned from breast milk on the 5th day and was given sugarcane juice the child developed hypoglycemia and hepatomegaly biochemical examination showed hypophosphatemia and enzyme deficiencies–reducing substances in urine. The child is probably suffering from which of the following enzyme deficiencies –,A,B,False,1.0,False,"The child is likely suffering from Hereditary Fructose Intolerance (HFI), caused by a deficiency of aldolase B enzyme. This diagnosis is supported by the following clinical findings:

1. Early weaning from breast milk and introduction of sugarcane juice, which contains fructose, led to hypoglycemia.
2. Hepatomegaly indicates liver involvement, as aldolase B is primarily expressed in the liver.
3. Hypophosphatemia suggests impaired phosphate reabsorption due to altered glucose metabolism.
4. The presence of reducing substances (fructose) in urine confirms fructosuria.

Aldolase B deficiency prevents the breakdown of fructose into glyceraldehyde and dihydroxyacetone, leading to an accumulation of toxic metabolites that cause cellular damage. This condition is inherited as an autosomal recessive trait.

Treatment for HFI involves strict avoidance of dietary fructose and sucrose, replacing them with glucose-based products. In severe cases or when hypoglycemia persists despite dietary management, cornstarch therapy may be necessary to maintain blood glucose levels. Regular monitoring of liver function tests is essential due to the risk of progressive liver disease.

In summary, the diagnosis is Her"
Skeletal muscles,B,B,True,1.0,False,"Answer: B) Contracts when actin and myosin filaments shorten

Explanation: Skeletal muscles contract due to the sliding filament theory, which states that contraction occurs as a result of the shortening of actin and myosin filaments within the muscle fiber. When an electrical signal (action potential) reaches the muscle fiber, calcium ions are released from the sarcoplasmic reticulum, binding to troponin and tropomyosin, allowing the myosin heads to bind to actin and generate force through a cyclical process called the power stroke.

No specific medication or treatment is required for this normal physiological process. However, if muscle weakness or paralysis occurs due to neuromuscular disorders (e.g., muscular dystrophy) or other conditions affecting skeletal muscles, appropriate medical management should be initiated based on the underlying cause."
Which of the following is most effective for gluconeogenesis in starvation?,A,A,True,1.0,False,"Answer: A) Acetyl Co-A stimulation of pyruvate carboxylase

Explanation: During starvation, gluconeogenesis is an essential metabolic pathway to maintain blood glucose levels for energy production in the brain and other vital organs. Pyruvate carboxylase catalyzes the conversion of pyruvate to oxaloacetate, a crucial step in gluconeogenesis. Acetyl Co-A stimulates pyruvate carboxylase by binding to its allosteric site, increasing enzyme activity and promoting gluconeogenesis.

No specific medication or treatment is required for this metabolic adaptation during starvation. However, if the individual is malnourished or has underlying medical conditions, nutritional support and appropriate management of these conditions may be necessary."
Which is not involved in iron metabolism?,A,A,True,1.0,False,"Transthyretin (TTR) is a protein primarily involved in transporting thyroxine (T4) and retinol-binding protein (RBP) in the blood. It has no direct role in iron metabolism.

Iron metabolism involves various proteins such as transferrin, ferritin, ferroportin, and hemoglobin. These proteins are responsible for iron transport, storage, and utilization within the body.

No specific medication or treatment is required for this answer, as it simply clarifies that transthyretin is not involved in iron metabolism. However, if there's an underlying issue with iron levels (e.g., iron deficiency anemia), appropriate treatments such as iron supplements may be necessary."
A 14 year girl presented with absent thelarche.On examination uterus was present. Investigations showed high FSH. karyotype is XY.What is the probable diagnosis?,A,C,False,1.0,False,"The correct answer is indeed Androgen Insensitivity Syndrome (AIS).

Androgen Insensitivity Syndrome is a condition where an individual with a 46,XY karyotype (i.e., genetically male) fails to respond appropriately to androgens due to mutations in the androgen receptor gene. This results in incomplete virilization of the external genitalia and internal reproductive organs.

In this case, the 14-year-old girl presents with absent breast development (absent thelarche), which is consistent with AIS as she has a Y chromosome but lacks typical male secondary sexual characteristics due to her inability to respond to androgens. The presence of a uterus on examination also supports this diagnosis, as it indicates that Müllerian ducts have developed, unlike in classical 46,XY DSD (Disorder of Sex Development) where the uterus is absent.

High FSH levels are expected in AIS because the body tries to stimulate testicular production of androgens through negative feedback. However, due to the receptor defect, these efforts are futile, leading to elevated FSH levels.

Treatment for AIS typically involves hormone replacement therapy (HRT) with estrogens and progesterone to promote feminization. Psychological support is also crucial as"
Reciprocal arm taper in,A,B,False,0.5,True,"The question appears to be related to radiology and imaging rather than a medical diagnosis or treatment plan.

However, I can provide an explanation for the given answer:

A reciprocal arm taper refers to a technique used in 2D (two-dimensional) angiography to visualize blood vessels. In this method, the X-ray beam is angled so that it converges on the area of interest, creating a tapered appearance. This allows for better visualization and measurement of vessel dimensions.

The selected answer, B) 2 dimension, refers to the fact that reciprocal arm tapering is used in 2D angiography rather than 3D (three-dimensional) imaging techniques like CT or MRI angiography.

No specific medication or treatment is required for this technique; it's an imaging method used by radiologists to visualize and diagnose vascular conditions."
Bluegrass appliance is used to treat:,B,C,False,1.0,False,"Bluegrass appliance is used to treat both Class II division 1 malocclusion (overjet) and Class III malocclusion (underjet). This functional orthodontic appliance helps in correcting these types of malocclusions by guiding the growth and development of the jaw and teeth through controlled forces. It works by stimulating the mandible to grow downward and forward, thus reducing overjet in Class II cases or promoting growth upward and backward for underjet correction in Class III cases.

No specific medication is required with Bluegrass appliance treatment; however, regular orthodontic adjustments may be necessary to monitor progress and fine-tune the appliance's effects."
On a primary 2nd molar caries occur most commonly on,A,A,True,0.67,True,"Answer: A) Occlusal pit and fissures

Explanation: Caries in primary 2nd molars most commonly occur on occlusal surfaces due to the deep pits and fissures present. These anatomical features create a protected environment for bacteria, allowing them to thrive and contribute to tooth decay. The proximity of these areas to the gingival margin also increases the risk of carious lesions.

Treatment: Regular oral hygiene practices, including proper brushing techniques focusing on occlusal surfaces, are essential in preventing caries. Fluoride varnish application can be beneficial for children at high risk of caries. If caries do develop, restorative treatments such as fillings or extractions may be necessary depending on the extent and severity of the lesions."
Waldeyer's lymphatic chain is formed by all except,C,D,False,1.0,False,"Waldeyer's lymphatic ring, also known as the cervical lymphatic ring, consists of a series of lymph nodes located in the neck region. It includes the following nodes:

A) Submandibular nodes
B) Supraclavicular (Lugol's) nodes
C) Anterior and posterior cervical nodes

The selected answer, D) Post auricular nodes, is not part of Waldeyer's lymphatic ring because postauricular nodes are located behind the ear and drain the scalp and temporal region. They do not form a part of this specific lymphatic chain.

No medication or treatment is required for this diagnosis as it simply identifies which nodes are included in Waldeyer's lymphatic ring versus those that are not. However, if there were any pathologies detected in the postauricular nodes (e.g., infection or malignancy), appropriate management would be necessary based on the specific condition and its severity."
"Polydactyly, craniosynostosis, Late closure of fontanelles is a feature of:",A,A,True,1.0,False,"Apert's syndrome is the correct diagnosis for the combination of polydactyly (extra fingers), craniosynostosis (premature fusion of skull bones), and late closure of fontanelles (soft spots on a newborn's skull). This genetic disorder, caused by mutations in the FGFR2 gene, affects the development of both the skeleton and the brain. 

Treatment for Apert's syndrome typically involves a multidisciplinary approach involving craniofacial surgery to correct craniosynostosis and other skeletal abnormalities, as well as orthodontic treatment for dental issues. Physical therapy may also be necessary to address developmental delays or motor skill impairments. There is no specific medication required for this condition, but management of associated complications such as respiratory infections or vision problems may involve antibiotics or eye drops, respectively."
Physiological changes seen in laparoscopy include all except:,C,D,False,1.0,False,"The correct answer is D) Increased pH.

Explanation: During laparoscopic surgery, carbon dioxide (CO2) is insufflated into the abdominal cavity to create space for visualization and manipulation of internal organs. This leads to a decrease in intrabdominal pH due to CO2-induced acidosis. The physiological changes seen during laparoscopy include increased intra-abdominal pressure, hypercarbia, and acidosis.

No specific medication or treatment is required for this change as it is a temporary effect related to the surgical procedure itself. However, close monitoring of vital signs and arterial blood gases may be necessary to ensure adequate ventilation and prevent complications such as respiratory acidosis."
Which of the following nerve fibre types is least susceptible to LA blockade?,A,C,False,0.67,True,"Answer: C) B fibers

Explanation: Among the different types of nerve fibers (Aα, Aβ, Aγ, Aδ, and C), B fibers are least susceptible to local anesthetic (LA) blockade. This is because B fibers have a relatively slow conduction velocity compared to other fiber types, which makes them less responsive to LA-induced blockade.

No specific medication or treatment is required for this condition, as it is simply a characteristic of B fibers' physiology. However, if you are referring to the management of nerve blocks during anesthesia or pain control procedures, the choice and dosage of local anesthetics should be carefully considered based on the type of nerve fibers involved in the procedure.

In general, LA blockade can affect both sensory and motor functions depending on the specific nerve fibers targeted. For example, Aα and Aδ fibers are primarily responsible for proprioception and pain transmission, respectively, while B fibers contribute to autonomic functions such as vasodilation and sweating. Therefore, careful selection of local anesthetics is necessary to avoid unintended consequences in clinical practice.

It's important to note that the susceptibility of nerve fibers to LA blockade can also be influenced by factors such as pH, temperature, and concentration of the local an"
"A child born with multiple congenital defect including cleft palate, neural tube defect, atrial septal defect and microcephaly which of the following drug is used by mother during pregnancy:",A,B,False,1.0,False,"The correct answer is B) Isotretinoin.

Isotretinoin is a medication used to treat severe acne in adults. However, it has teratogenic effects when taken during pregnancy, leading to multiple congenital defects such as those mentioned (cleft palate, neural tube defect, atrial septal defect, and microcephaly). The child's condition strongly suggests that the mother took isotretinoin during pregnancy.

It is essential for women of childbearing age who are prescribed isotretinoin or any other teratogenic medication to use effective contraception and avoid becoming pregnant. If a woman becomes pregnant while taking isotretinoin, she should immediately inform her healthcare provider to discuss termination options or alternative treatments."
Incorporation of peripheral seal in an impression is necessary to obtain;,A,B,False,1.0,False,"Incorporation of a peripheral seal in an impression is necessary to obtain a functionally molded periphery (Answer B). This means that the impression should capture the gingival sulcus and surrounding tissues adequately, ensuring accurate reproduction of the tooth preparation's shape and contours.

A well-formed peripheral seal ensures proper retention for dental restorations such as crowns or bridges. Without an adequate peripheral seal, the restoration may not fit snugly against the prepared tooth, leading to potential leakage and compromised longevity.

No specific medication is required for this procedure; however, careful impression-taking techniques are essential to achieve a well-formed peripheral seal. If issues arise due to inadequate impressions, adjustments or remakes might be necessary."
Increase in height of mandible with increase in interdental spaces in elderly man,A,D,False,1.0,False,"Hyperparathyroidism (D) is the most likely diagnosis for an elderly man presenting with increased height of the mandible and widening of interdental spaces.

Explanation:
In hyperparathyroidism, there is an overproduction of parathyroid hormone (PTH), which leads to an increase in serum calcium levels. This can cause resorption of bone tissue, including the alveolar ridge and surrounding jawbone, resulting in increased height of the mandible and widening of interdental spaces.

Specific medication or treatment:
Treatment for hyperparathyroidism typically involves surgical removal of the affected parathyroid gland(s). In some cases, medications such as cinacalcet may be used to manage calcium levels before surgery. Regular monitoring of serum calcium levels and PTH is essential to ensure effective management and prevent complications like osteoporosis or kidney stones.

It's important to note that other conditions, such as periodontal disease or denture-related changes, can also cause widening of interdental spaces in elderly individuals. A thorough clinical examination and imaging studies (e.g., panoramic radiograph) are necessary for accurate diagnosis and management."
A patient has seasonal allergic rhinitis and is on terfenadine. He develops cardiac arrhythmias after a course of antibiotics. Which of the following antibiotic could have been given:,B,C,False,1.0,False,"Erythromycin (C) is the most likely antibiotic responsible for inducing cardiac arrhythmias in a patient taking terfenadine. This is because erythromycin inhibits the cytochrome P450 3A4 enzyme, which normally metabolizes terfenadine. As a result, terfenadine levels increase and can lead to QT prolongation and torsades de pointes, a type of cardiac arrhythmia.

To manage this situation, it is essential to discontinue both erythromycin and terfenadine immediately. The patient should be monitored for any ongoing arrhythmic events and may require hospitalization if symptoms persist or worsen. In some cases, intravenous magnesium sulfate or lidocaine might be necessary to treat torsades de pointes. Additionally, the patient's healthcare provider should consider prescribing an alternative antibiotic that does not interact with terfenadine.

It is crucial for patients taking medications with narrow therapeutic indices (like terfenadine) to inform their healthcare providers about all prescribed and over-the-counter drugs, as well as any supplements or herbal remedies, to avoid potential drug interactions."
Modulus of elasticity means:,A,A,True,1.0,False,"Modulus of elasticity refers to the measure of a material's ability to resist deformation under stress, specifically its stiffness. It represents how much strain (deformation) occurs in response to an applied load. In medical contexts, this concept can be applied to tissues and organs.

The selected answer, A) Rigidity or stiffness of the material, is accurate because modulus of elasticity quantifies these properties. When a tissue has high modulus of elasticity, it means that it resists deformation more effectively, indicating greater rigidity or stiffness.

No specific medication or treatment is required for this concept as it describes a mechanical property rather than a medical condition. However, understanding the modulus of elasticity can be crucial in diagnosing and managing certain conditions, such as tissue injuries or diseases affecting tissue strength (e.g., osteoporosis). In these cases, treatments may aim to improve tissue stiffness or rigidity, such as through physical therapy or medication for bone density improvement."
Vwf factor is produced by:,A,A,True,1.0,False,"Von Willebrand factor (VWF) is indeed produced primarily by platelets, as well as endothelial cells in blood vessels. VWF plays a crucial role in hemostasis by facilitating platelet adhesion to the injured vessel wall and promoting clot formation.

The selected answer, A) Platelets, is correct because platelets store and release VWF from their alpha-granules during thrombus formation. Endothelial cells also produce VWF, which is released into the circulation as a soluble protein upon injury or inflammation of blood vessels.

There are no specific medications required for normal individuals with adequate VWF levels. However, in cases of von Willebrand disease (VWD), where there is a deficiency or dysfunction of VWF, treatment may involve desmopressin (DDAVP) to stimulate the release of stored VWF from platelets and endothelial cells, as well as factor VIII concentrates for patients with type I VWD. For more severe cases or types II and III VWD, cryoprecipitate or recombinant VWF may be necessary.

In summary, platelets are the primary producers of VWF, which is essential for hemostasis. Treatment for von Willebrand disease"
Which of the following statement is false statement about snake-bites?,C,A,False,1.0,False,"The given statement ""Anti-venom is not effective in hump-nosed pit viper bite"" is false.

Hump-nosed vipers (Hypnale spp.) are a genus of venomous snakes found in Sri Lanka and India. Anti-venom for these snakes is available, and it has been shown to be effective in treating envenoming caused by Hypnale bites. The anti-venom neutralizes the toxins present in the snake's venom, thereby reducing the severity of symptoms and preventing complications.

There are no specific medications or treatments required beyond administering the appropriate anti-venom for hump-nosed pit viper bites. Standard first aid measures such as immobilization of the affected limb, keeping the patient calm, and monitoring vital signs should be followed until medical help arrives."
A prosthetic appliance given to cover the palatal defect in patients with cleft palate is called,A,B,False,1.0,False,"The correct answer is indeed B) Obturator.

An obturator is a prosthetic appliance designed to cover palatal defects in patients with cleft palate. It serves as a functional and cosmetic solution for individuals born with this congenital deformity, which affects the development of the lip and/or palate. The obturator helps restore normal speech patterns, mastication (chewing), and swallowing by filling the gap between the two sides of the palate.

No specific medication is required for an obturator; however, regular dental check-ups are essential to ensure proper fit and function. Additionally, speech therapy may be necessary to help patients adapt to using the device effectively."
Biofilm forming bacteria causes antimicrobial resist-ance by all of the following except:,C,B,False,1.0,False,"The correct answer is B) Increased excretion of antibiotics.

Biofilm-forming bacteria cause antimicrobial resistance primarily through mechanisms such as:

A) Reduced penetration of antimicrobials: The biofilm matrix can limit the diffusion of antimicrobials, making it difficult for them to reach their target sites within bacterial cells.
C) Induction of efflux pumps: Bacteria in biofilms may upregulate efflux pumps that actively transport antimicrobials out of the cell, reducing their effectiveness.

Increased excretion of antibiotics (option B) is not a primary mechanism by which biofilm-forming bacteria cause antimicrobial resistance. Instead, it refers to the elimination of drugs from the body through normal physiological processes such as urine or feces and does not directly contribute to bacterial resistance.

Treatment for biofilm-related infections often involves prolonged courses of antibiotics due to reduced penetration and increased efflux pump activity. In some cases, surgical removal of infected devices (e.g., catheters) may be necessary."
Which of these drugs is an antidote for fibrinolytic therapy?,A,A,True,1.0,False,"Epsilon aminocaproic acid (EACA) is an antidote for fibrinolytic therapy because it inhibits plasminogen activators, thereby preventing the breakdown of blood clots. This drug is used to treat bleeding complications associated with fibrinolytic agents such as streptokinase or tissue plasminogen activator (tPA), which are commonly employed in thrombolytic therapy for acute myocardial infarction or pulmonary embolism.

In cases where excessive bleeding occurs due to fibrinolytic therapy, EACA can be administered intravenously to counteract the effects of these agents. It is essential to monitor the patient closely and adjust the dosage as needed based on their response to treatment. In some instances, other medications like tranexamic acid may also be considered for managing bleeding complications related to fibrinolytic therapy.

It's important to note that EACA should only be used under the guidance of a healthcare professional due to potential side effects such as nausea, vomiting, and allergic reactions."
Which facial bone is most prone to fracture?,A,B,False,1.0,False,"The nasal bone (B) is indeed the most common facial bone to fracture due to its thin structure and prominence in the face. Fractures of the nasal bone can result from trauma such as a direct blow to the nose or indirect force transmitted through the orbit.

Treatment for nasal fractures typically involves reduction of the bone, which may be performed under local anesthesia or sedation depending on the severity of the fracture and patient's overall health status. In some cases, closed reduction with manual manipulation might suffice; however, open reduction surgery is sometimes necessary when there is significant displacement or comminution (breaking into multiple pieces) of the nasal bone.

Post-reduction, a splint may be applied to stabilize the nose for several weeks. Pain management and antibiotics are often prescribed as needed to manage discomfort and prevent infection. Follow-up appointments with an ENT specialist or plastic surgeon are essential to monitor healing and address any complications that might arise."
"To check objective pain response, which is best used method",A,A,True,1.0,False,"The selected answer is indeed the facial pain scale (FPS), also known as the Wong-Baker Faces Pain Rating Scale.

This method is best used for checking objective pain response because it provides a visual representation of pain intensity through facial expressions depicted in a series of numbered images, ranging from 0 (no hurt) to 5 (hurting very much). This makes it easy for both patients and healthcare providers to understand and communicate about the patient's pain level. The FPS is particularly useful for pediatric populations, non-verbal individuals, or those with cognitive impairments.

No specific medication or treatment is required as a part of this method; rather, it serves as an assessment tool to evaluate pain levels and monitor changes over time. However, based on the results obtained from the facial pain scale, appropriate analgesic interventions can be prescribed by healthcare providers to manage the patient's pain effectively."
"A one year old child, who is earlier normal, is suffering from copious nasal discharge, coarse facial features, large tongue, bulging head and flattened nose. He is also having enlarged spleen and liver. What may be the cause?",C,D,False,1.0,False,"Hurler syndrome (Mucopolysaccharidosis type I) is a genetic disorder caused by the deficiency of the enzyme alpha-L-iduronidase, which leads to the accumulation of glycosaminoglycans in various tissues and organs.

The symptoms described in this case, such as copious nasal discharge, coarse facial features (coarse face, large tongue), bulging head, flattened nose, enlarged spleen, and liver, are consistent with Hurler syndrome. These findings are due to the accumulation of glycosaminoglycans in connective tissue, leading to progressive damage and organ dysfunction.

There is no specific medication for Hurler syndrome; however, enzyme replacement therapy (ERT) has been shown to improve symptoms and slow disease progression. Bone marrow transplantation may also be considered as a curative option for some patients. Symptomatic management of the various complications associated with this condition is essential, such as managing respiratory infections due to nasal discharge.

In summary, Hurler syndrome is the most likely diagnosis given the clinical presentation, and ERT or bone marrow transplantation should be considered in consultation with a specialist. Symptomatic management for specific complications is also necessary."
The resolution of IOPA is about:,A,B,False,1.0,False,"The resolution of an Intraoral Periapical (IOPA) radiograph is approximately 16 line pairs per millimeter (Lp/mm). This refers to the ability of the X-ray machine to distinguish between two adjacent lines as a measure of image sharpness.

This high resolution allows for better visualization and diagnosis of dental structures, including teeth, roots, and surrounding bone. It also enables dentists to detect early signs of caries, periodontal disease, and other oral pathologies more accurately.

No specific medication or treatment is required for this resolution; it is a characteristic of the imaging modality itself. However, proper technique and exposure settings are essential for obtaining high-quality IOPA radiographs that can aid in accurate diagnosis and treatment planning."
A patient diagnosed with carcinoma of lung presented with a serum calcium level of 16.4 mmol/L. What will be the first step in management?,A,A,True,0.67,True,"The patient's presentation with a serum calcium level of 16.4 mmol/L (normal range: 2.1-2.6 mmol/L) indicates hypercalcemia, which can be caused by various factors including malignancy-associated hypercalcemia in cases of lung carcinoma.

The first step in management would be A) IV fluids and furosemide. This is because hypercalcemia due to malignancy often requires aggressive hydration with isotonic saline (IV fluids) to enhance calcium excretion through the kidneys, as well as loop diuretics like furosemide to further increase urinary calcium output. 

It's important to note that this initial management should be followed by addressing the underlying carcinoma, which may involve chemotherapy, radiation therapy, or surgery depending on the stage and extent of disease. Additionally, bisphosphonates (e.g., zoledronic acid) can be used as an adjunctive treatment for hypercalcemia associated with malignancy to inhibit bone resorption and reduce calcium levels more effectively."
The following test may be abnormal in disseminated intravascular coagulation except:,C,C,True,1.0,False,"Disseminated intravascular coagulation (DIC) is a condition characterized by widespread activation of the coagulation cascade, leading to both thrombosis and hemorrhage due to depletion of clotting factors and platelets.

The given options are:

A) Fibrin degradation products (FDPs)
B) Antithrombin III levels
C) D-dimer levels

In DIC, all three parameters can be abnormal. However, the correct answer is C) D-dimer levels because they may not always be elevated in this condition.

D-dimer levels are typically increased due to the breakdown of fibrin clots during DIC. However, if the coagulation process is severely impaired, D-dimer levels might remain low or normal as there would be insufficient clot formation for degradation.

Fibrin degradation products (A) will always be elevated in DIC because they result from the breakdown of fibrin clots. Antithrombin III levels (B) may also be decreased due to consumption during the coagulation process, leading to unopposed thrombin activity and further exacerbating clot formation.

Treatment for DIC includes addressing the underlying cause, such as sepsis or trauma, and providing supportive care with blood"
In Xerostomia the salivary pH is:,A,B,False,1.0,False,"In xerostomia (dry mouth), the salivary pH tends to be low due to a decrease in saliva production and an increase in bacterial activity. This leads to an accumulation of acidic byproducts from bacterial metabolism, resulting in a lower salivary pH.

Treatment for xerostomia may include:

1. Identifying and managing underlying causes such as Sjögren's syndrome or medication side effects.
2. Encouraging saliva production through sugar-free gum chewing or sucking on ice chips.
3. Using artificial saliva substitutes or oral rinses to help maintain a healthy oral environment.
4. Regular dental cleanings and monitoring for any signs of tooth decay or periodontal disease.

It is essential to consult with a healthcare professional, such as a dentist or physician, for proper diagnosis and treatment planning."
Which of the following is not true about stamp cusp?,B,A,False,0.83,False,"The statement ""Maintain vertical height of face"" is not true about a stamp cusp.

A stamp cusp refers to an abnormality in tooth morphology, specifically a small, rounded projection on the lingual surface (towards the tongue) of an anterior maxillary incisor. It does not have any relation to maintaining vertical height of the face.

There is no specific medication or treatment required for a stamp cusp as it is a benign anatomical variation and does not affect oral function or overall health."
Sugar restricted to diet was beneficial in presence of unfavorable hygiene was from which study?,A,C,False,1.0,False,"The answer is indeed C) Vipeholm.

The Vipeholm study (1959-1963), conducted in Sweden, investigated the effects of sugar restriction on dental caries in children living in an area with poor oral hygiene. The results showed that limiting sugar intake significantly reduced tooth decay and other oral health issues despite the unfavorable hygiene conditions. This study demonstrated that dietary modifications can have a substantial impact on oral health outcomes.

No specific medication or treatment is required for this answer, as it pertains to dietary management rather than pharmacological intervention."
"Alginate at 20 degrees, the gel is formed in",A,A,True,0.83,False,"Alginate impression material forms a gel when it comes into contact with water at room temperature (around 20°C). The gelation process typically takes around 3-4 minutes for alginate materials.

The selected answer, A) 3-4 mins., accurately represents the time frame for gel formation in this context. Alginate is commonly used as an impression material in dentistry to create molds of teeth and surrounding tissues. It does not require any specific medication or treatment beyond following proper handling and storage guidelines to ensure optimal performance.

It's important to note that alginate should be stored in a cool, dry place away from direct sunlight to maintain its properties. Additionally, the working time may vary slightly depending on factors such as humidity and temperature variations within the clinical environment."
Most common tumor of lacrimal gland:,C,A,False,1.0,False,"The provided answer ""Trans-scaphoid perilunate fracture"" is not correct for the question about the most common tumor of the lacrimal gland.

The most common tumor of the lacrimal gland is a benign epithelial tumor called pleomorphic adenoma (also known as a benign mixed tumor). This type of tumor arises from the glandular tissue and can cause swelling or bulging in the eye socket. Treatment for pleomorphic adenoma typically involves surgical removal of the tumor, followed by observation to ensure no recurrence.

The answer ""Trans-scaphoid perilunate fracture"" refers to an orthopedic injury involving a wrist fracture, not related to lacrimal gland tumors."
Percentage of carbon in carbon steel hand instruments is,A,C,False,1.0,False,"The given answer, C) 0.6 to 0.8%, represents the typical carbon content in carbon steel hand instruments used in dentistry.

Carbon steel alloys are widely employed for dental hand instruments due to their excellent combination of strength, hardness, and affordability. The carbon content in these alloys ranges from 0.5% to 1.2%. Within this range, a carbon content of 0.6 to 0.8% is considered optimal for achieving the desired balance between hardness and ductility.

This specific carbon content allows for instruments with high hardness (resistance to wear) while still maintaining sufficient ductility (ability to bend without breaking). This ensures that dental hand instruments can effectively perform their intended functions, such as cutting, shaping, or polishing, without becoming brittle or prone to breakage.

No medication or treatment is required in this context. The answer provided pertains to the composition of carbon steel alloys used for manufacturing dental hand instruments and does not involve any medical diagnosis or therapy."
"Topical administration of I% Pilocarpine failed to produce pupillary constriction in a patient who had a large, dilated pupil What should be the most probable reason?",B,A,False,1.0,False,"Adie's tonic pupil is the most probable reason for the failure of 1% pilocarpine to produce pupillary constriction in a patient with a large, dilated pupil.

Explanation: Adie's syndrome, also known as Holmes-Adie syndrome, is characterized by a combination of features including a tonic pupil (large and dilated), absent deep tendon reflexes, and sometimes autonomic dysfunction. The tonic pupil is unresponsive to the usual parasympathomimetic agents like pilocarpine due to denervation supersensitivity in the affected iris sphincter muscle.

Treatment: There is no specific medication required for Adie's syndrome. However, symptomatic treatment may be necessary for associated conditions such as autonomic dysfunction or dry eye. Regular monitoring of intraocular pressure and visual acuity is recommended due to an increased risk of developing open-angle glaucoma in affected individuals."
Pregnancy gingivitis is caused by:,A,C,False,0.83,False,"Pregnancy gingivitis is caused by an overgrowth of certain bacteria in the oral cavity, particularly Streptococcus sanguis (C). This condition occurs due to hormonal changes during pregnancy, which lead to increased blood flow and inflammation in the gums.

Streptococcus sanguis is a normal inhabitant of the oral flora but can become pathogenic when the host's immune response is altered. In pregnant women, this bacterium contributes to the development of gingivitis by adhering to tooth surfaces and causing inflammation of the surrounding tissues.

Treatment for pregnancy gingivitis typically involves good oral hygiene practices such as regular brushing with a fluoride toothpaste, flossing daily, and professional cleanings every 3-4 months. In addition, pregnant women should avoid smoking and consume a balanced diet rich in calcium and vitamin D to support healthy teeth and gums. If necessary, antibiotics may be prescribed for severe cases of gingivitis.

It is essential for pregnant women to maintain good oral health as periodontal diseases have been linked to preterm labor and low birth weight. Regular dental check-ups are recommended throughout pregnancy to monitor the condition of the teeth and gums."
Artery palpable at the anterior border of the masseter is :,A,B,False,1.0,False,"Answer: B) Facial artery

Explanation: The facial artery is palpable at the anterior border of the masseter muscle due to its superficial course in this region. It arises from the external carotid artery and supplies blood to the face, scalp, and nasal cavity.

No specific medication or treatment is required for this finding as it is a normal anatomical variation. However, if there were any signs of inflammation, infection, or swelling around the facial artery, appropriate management would be necessary based on the clinical presentation."
In DIC following are seen except,B,C,False,1.0,False,"In Disseminated Intravascular Coagulation (DIC), one of the characteristic laboratory findings is an abnormal Activated Partial Thromboplastin Time (APTT). APTT measures the intrinsic pathway of coagulation, which becomes activated in DIC due to the release of thromboplastic factors from damaged tissues and platelets. As a result, the clotting cascade accelerates, leading to consumption of both procoagulant and anticoagulant factors.

Therefore, an ""abnormal APTT"" is expected in DIC, not a ""normal APTT."" The selected answer, C) Normal APTT, would be incorrect as it does not reflect the typical coagulation abnormalities seen in DIC.

Treatment for DIC typically involves addressing the underlying cause (e.g., sepsis, trauma), providing supportive care (e.g., fluid resuscitation, oxygenation), and administering anticoagulants or thrombolytics as needed to manage bleeding or prevent thrombotic complications. Specific medications may include heparin, low-molecular-weight heparins, or direct oral anticoagulants (DOACs) depending on the clinical context and patient factors."
Absorption of which of the following drugs is increased after a fatty meal?,A,B,False,1.0,False,"The correct answer is indeed B) Griseofulvin.

Griseofulvin, an antifungal medication used to treat fungal infections such as ringworm, is known to have increased absorption when taken with a fatty meal. This is because griseofulvin is lipophilic (fat-loving), meaning it dissolves more easily in fats than in water. As a result, the presence of fat in the stomach enhances its solubility and bioavailability.

No specific medication or treatment is required for this phenomenon; simply taking griseofulvin with food, preferably a meal containing fat, can enhance its absorption. However, it's essential to follow the prescribed dosage and administration guidelines provided by healthcare professionals."
What is the basis of behavior shaping:,A,A,True,1.0,False,"The correct answer is indeed A) Stimulus Response Theory.

Stimulus Response Theory (SRT) forms the basis of behavior shaping because it explains how environmental stimuli influence an individual's behavioral responses. According to SRT, behaviors are learned through associations between stimuli and their consequences (rewards or punishments). By manipulating these stimuli and their outcomes, one can modify an individual's behavior over time.

Behavior shaping is a technique used in various fields such as psychology, education, and animal training. It involves presenting specific stimuli that elicit desired responses and reinforcing those behaviors with rewards to encourage repetition. Conversely, undesired behaviors are discouraged by associating them with aversive consequences or withholding rewards.

In terms of treatment or medication requirements, behavior shaping is a non-pharmacological intervention. There are no specific medications required for this approach as it focuses on environmental manipulation rather than chemical alteration. Instead, the emphasis lies in identifying and utilizing effective stimuli to elicit desired behaviors while discouraging undesired ones through consequence management."
Shortest root of maxillary 1st molar,A,B,False,0.5,True,"The shortest root of a maxillary first molar is indeed the mesiobuccal root (option B). This can be confirmed through radiographic examination such as a panoramic X-ray or CBCT scan.

The mesiobuccal root is shorter because it arises from the mesial aspect of the crown and merges with the buccal root, forming a single root that occupies less space in the alveolar ridge compared to the distal root. This anatomical variation can be important for dental surgeons during extractions or implant placements.

No specific medication or treatment is required for this diagnosis as it is an anatomical characteristic rather than a pathological condition. However, awareness of this variation may help dentists and oral surgeons in their clinical decision-making process when dealing with maxillary first molars."
Malaria relapse common with which type plasmodium species?,B,C,False,1.0,False,"Malaria relapse is more common with Plasmodium vivax and ovale due to their ability to form hypnozoites in the liver. Hypnozoites are dormant stages of the parasite that can reactivate months or even years after initial infection, leading to recurrent episodes of malaria.

Treatment for P. vivax and P. ovale infections typically involves a combination of antimalarial drugs such as chloroquine (for acute attacks) and primaquine (to eliminate hypnozoites). Primaquine is essential in preventing relapses because it targets the liver stages, whereas chloroquine only treats the blood stages.

It's important to note that P. falciparum does not form hypnozoites and therefore does not cause relapses. However, it can lead to severe and life-threatening complications if left untreated or inadequately treated."
"Which of the following constituents is common in occlusal sealants, bonding agents, composite resins?",A,A,True,1.0,False,"Answer: A) Bisphenol A Glycidyl Methacrylate (BIS-GMA)

Explanation: BIS-GMA is a common constituent in occlusal sealants, bonding agents, and composite resins due to its excellent mechanical properties, such as high strength, low shrinkage, and good wear resistance. It also polymerizes well under visible light curing systems, making it an ideal monomer for dental restorative materials.

No specific medication or treatment is required for BIS-GMA itself, but there has been some concern regarding the potential toxicity of Bisphenol A (BPA), a component of BIS-GMA. However, the amount of BPA released from these dental materials is generally considered to be low and not clinically significant. As an alternative, some manufacturers have introduced BPA-free versions of BIS-GMA or other monomers like Urethane Dimethacrylate (UDMA) or TEGDMA.

It's important for dentists and patients to discuss any concerns regarding the use of these materials with their dental professional."
Which primary tooth resemble premolar,A,C,False,0.5,True,"The correct answer is indeed C) Upper 2nd Molar.

Upper 2nd molars in children resemble premolars due to their single root structure and smaller size compared to permanent molars. This resemblance is because the upper 2nd molar is a transitional tooth, bridging the characteristics of primary teeth (which have multiple roots) and permanent teeth (with larger size and more complex root systems).

No specific medication or treatment is required for this observation; it's simply an anatomical characteristic of these particular teeth. However, if there are concerns about dental health or development, a pediatric dentist should be consulted for proper evaluation and care."
"According to Transplantation of Human Organs Act, which of the following doctors is/are not authorized to declare brainstem death?",C,D,False,1.0,False,"According to the Transplantation of Human Organs Act in India, a surgeon performing a liver transplant (option D) is not authorized to declare brainstem death. This is because declaring brainstem death requires specialized training and expertise in neurology or neuroscience, which surgeons may not possess.

The declaration of brainstem death is typically done by a neurologist or a neurosurgeon who has received appropriate training in this area. These specialists assess the patient's neurological function using specific criteria, such as the absence of pupillary reflexes, corneal reflexes, and oculovestibular responses.

No specific medication or treatment is required for declaring brainstem death; rather, it is a clinical assessment based on observation and examination of the patient. The declaration of brainstem death is essential to ensure that organ donation can proceed ethically and legally."
Which of the following types of lipase is controlled by glucagon?,A,B,False,1.0,False,"The correct answer is indeed B) Hormone-sensitive lipase.

Hormone-sensitive lipase (HSL) is an enzyme that catalyzes the breakdown of triglycerides into free fatty acids and glycerol in adipose tissue. Glucagon, a hormone released by the pancreas during fasting or when blood glucose levels are low, stimulates HSL activity to increase lipolysis and release energy substrates (fatty acids) for use by other tissues such as the liver and brain.

The reason why glucagon controls HSL is that it helps maintain blood glucose homeostasis. During periods of fasting or low glucose intake, glucagon signals adipose tissue to break down triglycerides into free fatty acids, which can then be transported to the liver for conversion into ketones (alternative energy source) and released into circulation.

No specific medication or treatment is required for this physiological process as it is a normal response to fasting or low blood glucose levels. However, in cases of hyperlipidemia or obesity, medications such as orlistat may be prescribed to inhibit lipase activity and reduce fat absorption from the diet."
In dentistry which sedatives are generally used:,A,A,True,1.0,False,"In dentistry, benzodiazepines are commonly used as sedatives for anxious patients undergoing dental procedures. This choice of sedative is due to their anxiolytic properties, which help reduce anxiety and promote relaxation during dental treatments.

Benzodiazepines work by enhancing the activity of the neurotransmitter GABA (gamma-aminobutyric acid), leading to a calming effect on the central nervous system. Examples of benzodiazepines used in dentistry include midazolam, diazepam, and alprazolam.

It is important to note that benzodiazepines should be administered under close medical supervision due to their potential for abuse, dependence, and respiratory depression. Additionally, patients with a history of substance abuse or respiratory issues may not be suitable candidates for benzodiazepine sedation.

In summary, benzodiazepines are the preferred sedatives in dentistry due to their anxiolytic properties and ability to promote relaxation during dental procedures. However, careful consideration should be given to patient selection and medical history before administering these medications."
In case of Fracture of mandible; alveolar border experiences which force,A,B,False,1.0,False,"In a fracture of the mandible (lower jawbone), the alveolar border typically experiences compression forces. This occurs because the teeth on either side of the fracture can exert pressure against each other as the patient attempts to close their mouth, leading to compression of the bone at the fracture site.

Diagnosis is usually made through clinical examination and imaging studies such as X-rays or CT scans. Treatment options may include surgical intervention for complex fractures or those with significant displacement, or conservative management with immobilization using a mandibular splint or braces if the fracture is simple and well-aligned. Pain relief medications like ibuprofen or acetaminophen might be prescribed to manage discomfort. In some cases, antibiotics may also be necessary to prevent infection.

It's important to note that treatment decisions should be made in consultation with an oral surgeon or a maxillofacial specialist due to the complexity of mandibular fractures and their potential impact on dental function and aesthetics."
The hormone having the maximum effect on granulation wound healing is:,A,A,True,1.0,False,"The correct answer is not A) Thyroxine. Thyroxine (T4) is a hormone produced by the thyroid gland that plays a crucial role in regulating metabolism but does not have a significant impact on wound healing.

The hormone having the maximum effect on granulation tissue formation and wound healing is actually Growth Hormone (GH). GH stimulates the proliferation of fibroblasts, which are essential for collagen synthesis and deposition. It also promotes angiogenesis by stimulating the production of vascular endothelial growth factor (VEGF) and enhances the migration of keratinocytes to form an epithelial layer.

No specific medication or treatment is required for this answer as it refers to a natural hormone produced by the pituitary gland. However, in cases where GH deficiency is suspected, recombinant human growth hormone (rhGH) may be prescribed under medical supervision."
The clot formed is not stable unless extensive cross-linking occurs. This extensive cross-linking of blood clot is done by:,C,D,False,1.0,False,"The correct answer is D) Factor XIII.

Factor XIII (FXIII), also known as fibrin-stabilizing factor, plays a crucial role in stabilizing blood clots by forming covalent bonds between adjacent fibrin molecules through transglutaminase activity. This extensive cross-linking ensures the clot's stability and resistance to degradation by plasmin, an enzyme involved in fibrinolysis.

No specific medication or treatment is required for Factor XIII as it is a naturally occurring protein produced by the liver. However, individuals with FXIII deficiency may require replacement therapy using factor XIII concentrates or cryoprecipitate to prevent excessive bleeding and manage hemorrhagic events."
Pre-carve burnishing is useful for all except:,A,A,True,1.0,False,"The given answer ""A) Bring further excess mercury to surface"" does not make sense in the context of pre-carve burnishing, which refers to a dental procedure used to prepare tooth surfaces for restorative materials like amalgam fillings.

Pre-carve burnishing involves using a specialized instrument to compress and shape the dentin beneath the enamel layer before placing an amalgam restoration. This process helps create a more stable foundation for the filling and reduces the risk of post-operative sensitivity.

The statement ""Bring further excess mercury to surface"" is not relevant or accurate in describing pre-carve burnishing, as it does not address any dental procedure or treatment. Therefore, this answer cannot be considered correct in relation to pre-carve burnishing.

A more appropriate answer might be: Pre-carve burnishing is useful for all except amalgam restorations that require minimal tooth preparation (e.g., Class V cavities). In such cases, the limited depth of the cavity may not necessitate pre-carve burnishing."
"A neonate is being investigated for jaundice. A liver biopsy shows features of a ""Giant Cell/Neonatal hepatitis"". Which one of the following conditions usually results in this case –",B,C,False,1.0,False,"The correct answer is C) Alpha-1-antitrypsin deficiency.

Explanation:
Giant cell hepatitis in neonates is a rare condition characterized by the presence of multinucleated giant cells within hepatocytes. It is often associated with alpha-1-antitrypsin (AAT) deficiency, an autosomal recessive disorder caused by mutations in the SERPINA1 gene. AAT is a protease inhibitor that protects lung and liver tissues from damage by neutrophil elastase. In individuals with AAT deficiency, the abnormal protein accumulates within hepatocytes, leading to cellular injury and giant cell formation.

Treatment for alpha-1-antitrypsin deficiency typically involves supportive care for jaundice and other symptoms, such as phototherapy for hyperbilirubinemia. There is no specific medication or treatment that can reverse the underlying genetic defect; however, liver transplantation may be considered in severe cases with progressive liver disease.

It's important to note that not all cases of giant cell hepatitis in neonates are due to AAT deficiency, and other causes should also be investigated, such as infections (e.g., TORCH infections) or metabolic disorders."
Ammonia from brain is removed as:,C,D,False,1.0,False,"Ammonia in the brain is primarily detoxified by conversion to glutamine through the action of the enzyme glutamine synthetase. This process occurs mainly in astrocytes, which are specialized glial cells that support neuronal function.

Glutamine serves as a storage form of ammonia, allowing it to be safely transported out of the central nervous system (CNS) and into the bloodstream for excretion by the kidneys. In conditions such as hyperammonemia (elevated blood ammonia levels), which can occur in urea cycle disorders or liver failure, supplementation with L-carnitine may help facilitate glutamine synthesis and ammonia detoxification.

However, it is important to note that treatment of hyperammonemia typically involves addressing the underlying cause, such as dietary management for urea cycle disorders or liver transplantation for end-stage liver disease. Medications like sodium benzoate, l-arginine, and phenylbutyrate may also be used in specific cases.

In summary, glutamine is responsible for removing ammonia from the brain by converting it through glutamine synthetase. Treatment of hyperammonemia depends on the underlying cause and may involve dietary management or medications such as sodium benzoate, l-arginine"
Use of lithium during pregnancy increases the risk of development of which of the following malformations in the baby?,A,B,False,1.0,False,"Lithium use during pregnancy has been associated with an increased risk of cardiac defects in the developing fetus. Specifically, Ebstein's anomaly, a rare congenital heart defect characterized by abnormal development of the tricuspid valve, has been linked to maternal lithium exposure.

The exact mechanism underlying this association is not fully understood, but it is thought that lithium may interfere with normal embryonic development and differentiation during critical periods in fetal cardiac formation. As a result, women who are pregnant or planning to become pregnant should avoid using lithium unless the potential benefits outweigh the risks, as determined by their healthcare provider.

In cases where lithium use cannot be avoided due to severe mental health conditions such as bipolar disorder, close monitoring of both maternal and fetal health is essential. This may include regular prenatal ultrasounds to detect any cardiac abnormalities early on, as well as careful management of medication dosages to minimize potential harm to the developing fetus.

It should also be noted that alternative treatments for bipolar disorder exist, such as mood stabilizers like valproate or lamotrigine, which have been associated with fewer adverse fetal effects. However, these medications may still pose risks and should be used under careful medical supervision."
Most common presentation of abdominal desmoids tumor is?,A,B,False,1.0,False,"The most common presentation of abdominal desmoid tumors is indeed an abdominal mass (option B). Desmoid tumors are rare, locally aggressive fibromatous neoplasms that can arise in various locations within the body, including the abdomen. They typically present as a painless, firm, and non-tender mass.

Desmoid tumors do not metastasize but can recur locally if not completely resected. Treatment usually involves surgical excision of the tumor with wide margins to minimize recurrence risk. In cases where complete resection is not possible due to proximity to vital structures or other constraints, adjuvant therapy such as radiation or hormonal manipulation (e.g., anti-estrogenic agents) may be considered.

It's important to note that desmoid tumors can be associated with familial adenomatous polyposis (FAP), a genetic disorder characterized by the development of multiple colorectal polyps. Patients diagnosed with abdominal desmoid tumors should undergo screening for FAP and other related conditions, such as Gardner syndrome."
Noise induced hearing toss inosto affects:,A,B,False,1.0,False,"Noise-induced hearing loss primarily affects the outer hair cells of the cochlea. These specialized sensory cells are responsible for converting sound vibrations into electrical signals that are transmitted to the auditory nerve for processing in the brain.

The damage caused by loud noises can lead to a disruption in the normal functioning of these outer hair cells, resulting in permanent sensorineural hearing loss. This type of hearing loss is irreversible and cannot be treated with medication alone. However, some treatments may help manage symptoms and prevent further deterioration:

1. Ear protection: Wearing earplugs or earmuffs when exposed to loud noises can significantly reduce the risk of noise-induced hearing loss.
2. Sound therapy: Customized sound therapy programs can help improve communication skills in individuals with hearing loss by providing auditory stimulation tailored to their specific needs.
3. Cochlear implants: In severe cases, cochlear implants may be considered as a surgical option for individuals who have experienced significant hearing loss due to noise exposure.

It is essential to note that prevention is the best approach when it comes to noise-induced hearing loss. Avoiding prolonged or repeated exposure to loud noises and wearing appropriate ear protection can significantly reduce the risk of developing this condition."
Replacing amino acid will not change its functions,A,D,False,1.0,False,"The statement ""Replacing an amino acid will not change its functions"" is incorrect. Amino acids are the building blocks of proteins, and each has a unique function due to its chemical properties and interactions with other molecules in the body. Replacing one amino acid with another can alter protein structure and function, leading to potential consequences for cellular processes or overall health.

Therefore, the correct answer is not D) None of these; rather, it should be A) False, as replacing an amino acid may indeed change its functions due to altered protein properties and interactions. No specific medication or treatment is required for this statement alone, but understanding the implications of amino acid substitutions in proteins can help with diagnosing and managing certain genetic disorders or diseases.

For example, cystic fibrosis results from a mutation that replaces one amino acid (phenylalanine) with another (tyrosine) in the CFTR protein. This substitution disrupts chloride transport across epithelial cells, leading to thick mucus buildup and respiratory complications. In this case, understanding the effects of amino acid substitutions can guide treatment strategies for cystic fibrosis patients.

In summary, replacing an amino acid may change its functions due to altered protein structure and interactions, making A) False the correct"
"A 75 year old chronic smoker who is diabetic and edentulous for the last 30 years has a bilateral body fracture, best treatment modality is",A,A,True,1.0,False,"The selected answer, A) ORIF (Open Reduction Internal Fixation) with reconstruction plate, is appropriate for a 75-year-old chronic smoker who is diabetic and edentulous due to the nature of their injuries and comorbidities.

This patient has bilateral body fractures, which require stabilization to prevent complications such as infection or non-union. Given their advanced age, smoking history, diabetes, and edentulism, they are at higher risk for delayed healing and increased risk of surgical site infections. ORIF with a reconstruction plate provides structural support while allowing for some flexibility in the affected area, which is important due to the patient's age and comorbidities.

In addition to surgical intervention, this patient should receive appropriate medical management for their diabetes and smoking cessation counseling. Antibiotics may be prescribed prophylactically to prevent infection, and pain management should be addressed with appropriate analgesics. Regular follow-up appointments will be necessary to monitor healing and manage any complications that arise."
"Which of the following is used as, surface hardener in Impression material?",A,A,True,1.0,False,"The correct answer is A) 2% potassium sulfate.

Potassium sulfate (K2SO4) is used as a surface hardener in impression materials like alginate. It helps to accelerate the setting reaction of these materials by increasing the availability of water for the reaction, thereby improving their mechanical properties and reducing shrinkage. This results in more accurate impressions with better detail reproduction.

No specific medication or treatment is required for this answer; it's a component used in dental impression materials."
A 59-year-old female presents with gingival condition punched out crater-like depression covered with membrane which can be pulled off painlessly?,B,A,False,1.0,False,"The selected answer is: A) Diphtheritic lesion.

Explanation:
A punched-out crater-like depression covered with a painless membrane in a 59-year-old female suggests a diphtheritic lesion. This condition is caused by Corynebacterium diphtheriae, which can lead to the formation of pseudomembranes in the oral cavity, including the gingiva.

Treatment:
The primary treatment for diphtheritic lesions involves antibiotics such as penicillin or erythromycin to eradicate the bacterial infection. Additionally, supportive care may include pain management and maintaining good oral hygiene practices. In severe cases, antitoxin administration might be necessary to neutralize the toxin produced by C. diphtheriae.

It is essential to note that diphtheritic lesions can also occur in other parts of the body such as the pharynx or larynx, so a thorough examination and appropriate testing should be performed to confirm the diagnosis."
Visual cortex is present in the:,A,A,True,1.0,False,"The correct answer is indeed A) Occipital lobe.

Explanation: The visual cortex is a region of the brain responsible for processing visual information from the eyes. It is primarily located in the occipital lobe, which is situated at the back of the skull and contains the primary visual cortex (V1), as well as other secondary visual areas (V2-V5). These regions work together to interpret and process visual stimuli.

No specific medication or treatment is required for the presence of the visual cortex in the occipital lobe, as it is a normal anatomical structure. However, if there are any issues with vision or visual processing due to neurological disorders or injuries affecting this area, appropriate medical interventions may be necessary. These could include medications for managing symptoms related to conditions such as epilepsy or migraines, or rehabilitation therapies like occupational therapy or vision training for individuals with visual impairments."
Bartholins duct is the name of :,B,C,False,0.5,True,"The correct answer is A) Glandular duct.

Bartholin's duct is a glandular duct that drains mucus from Bartholin's glands, which are located in the vulva near the vaginal opening. These glands produce lubrication to help with sexual intercourse and protect against infection.

The selected answer, C) Sublingual duct, refers to the ducts of sublingual salivary glands, which are located under the tongue. This is not related to Bartholin's duct.

No specific medication or treatment is required for Bartholin's duct unless there is an associated pathology such as Bartholin's cyst or abscess. In these cases, antibiotics and drainage may be necessary."
Which of the following exists as yeast at 37deg and hyphae at 25deg?,A,A,True,1.0,False,"Histoplasma capsulatum is a dimorphic fungus that exists as yeast at 37°C (body temperature) and hyphae at 25°C (environmental temperature). This characteristic allows it to adapt to its host environment and soil, respectively.

Histoplasmosis, the disease caused by H. capsulatum, can manifest in various forms depending on the immune status of the patient. Mild infections may resolve spontaneously, while severe cases require antifungal treatment with medications such as amphotericin B or itraconazole. In immunocompromised individuals, such as those with HIV/AIDS or undergoing chemotherapy, prophylactic antifungal therapy is often recommended to prevent opportunistic infections.

In summary, Histoplasma capsulatum is the correct answer because of its dimorphic nature and ability to exist as yeast at body temperature and hyphae in environmental conditions. Treatment depends on the severity and immune status of the patient, with antifungals such as amphotericin B or itraconazole being commonly used for severe cases."
Pulsatile varicose veins in lower limbs is seen in –,A,A,True,1.0,False,"Pulsatile varicose veins in the lower limbs are a characteristic feature of Klippel-Trenaunay syndrome (KTS). KTS is a rare congenital disorder characterized by the combination of vascular malformations, soft tissue hypertrophy, and skeletal abnormalities. The pulsatility in these varicose veins results from arteriovenous fistulas or shunts that bypass normal capillary beds, leading to increased blood flow and pressure within the affected veins.

Treatment for KTS typically involves a multidisciplinary approach, including vascular surgery, dermatology, orthopedics, and physical therapy. The primary goal is to manage symptoms and prevent complications such as bleeding, pain, or ulceration. Treatment options may include sclerotherapy, endovenous laser ablation, or surgical ligation of affected veins. In addition, compression stockings can be used to alleviate venous hypertension and reduce the risk of complications.

It's important to note that KTS is a lifelong condition requiring ongoing management and surveillance for potential complications. Regular follow-up appointments with a multidisciplinary team are essential to monitor disease progression and adjust treatment plans as needed."
"The number of dental caries cases reported during last 10 years are given below 250, 320, 190, 300, 5000, 100, 260, 350, 320 and 160. The epidemiologist wants to find out average number of caries cases reported in that town for last 10 yrs. The most appropriate average per this data will be",B,C,False,1.0,False,"The correct answer is indeed C) Median.

Explanation:
Given that there are outliers in the dataset (5000), which significantly skew the mean value, it becomes difficult to accurately represent the central tendency of dental caries cases reported over the last 10 years using the mean. The median, on the other hand, is a more robust measure of central tendency as it is less affected by extreme values and better represents the typical case in this dataset.

No specific medication or treatment is required for this question, as it pertains to statistical analysis rather than clinical management."
The most common bone cancer is:,A,A,True,1.0,False,"The correct answer is indeed A) Osteosarcoma.

Osteosarcoma is the most common primary bone cancer in children and adolescents, accounting for approximately 2% of all childhood cancers. It typically develops during periods of rapid bone growth, such as adolescence. The majority of osteosarcomas arise in the long bones, particularly around the knee joint (distal femur or proximal tibia).

Treatment for osteosarcoma usually involves a combination of surgery and chemotherapy. Preoperative chemotherapy is administered to shrink the tumor before surgical removal. Postoperatively, additional chemotherapy is given to eliminate any remaining cancer cells. In some cases, radiation therapy may also be used.

It's important to note that early diagnosis and treatment are crucial for better outcomes in osteosarcoma patients. Regular monitoring of children during periods of rapid growth can help detect the disease at an earlier stage, when it is more treatable."
Which is the ligand for receptors present in liver for uptake of LDL?,A,A,True,1.0,False,"The correct answer is indeed A) Apo B-100.

Apo B-100 (apolipoprotein B-100) is a ligand for low-density lipoprotein (LDL) receptors in the liver. LDL carries cholesterol from peripheral tissues to the liver for excretion or reutilization, and Apo B-100 serves as its primary recognition marker by binding to specific LDL receptors on hepatocytes.

This process is crucial for maintaining normal lipid metabolism and preventing excessive accumulation of cholesterol in the bloodstream, which can lead to atherosclerosis. Therefore, any dysfunction in this pathway may result in hypercholesterolemia or familial hypercholesterolemia, both characterized by elevated levels of LDL cholesterol and increased risk of cardiovascular disease.

Treatment options for these conditions typically involve lifestyle modifications (dietary changes, exercise) and pharmacological interventions such as statins to lower LDL cholesterol levels. In severe cases, LDL apheresis may be necessary to remove excess LDL particles from the circulation."
Amyloid protein in Hemodialysis associated with amyloidosis is-,B,C,False,1.0,False,"The correct answer is indeed C) β-2 microglobulin.

β-2 microglobulin (B2M) is a protein component of major histocompatibility complex class I molecules that is normally eliminated by the kidneys. In hemodialysis-associated amyloidosis, B2M accumulates in tissues due to inadequate clearance during dialysis sessions. This leads to its deposition as amyloid fibrils, causing joint pain and stiffness, carpal tunnel syndrome, and other systemic manifestations.

There is no specific medication required for this condition; however, the primary treatment involves optimizing hemodialysis parameters to improve B2M clearance. This includes increasing dialysis duration, frequency, or blood flow rate, using high-flux membranes, and performing more frequent dialysis sessions if necessary. In advanced cases, kidney transplantation may be considered as a definitive treatment option.

It is important to note that the risk of hemodialysis-associated amyloidosis can be minimized by maintaining adequate dialysis parameters and monitoring B2M levels periodically during long-term hemodialysis therapy."
Teeth that erupt in 30 days of birth,A,B,False,0.83,False,"Natal teeth are a rare condition where one or more teeth emerge through the gums during infancy, typically within the first 30 days of life. This phenomenon occurs in about 1 in every 2,000 to 3,000 live births.

The primary reason for considering natal teeth as the diagnosis in this case is that they erupt significantly earlier than normal teeth, which typically begin emerging between six months and three years old. Natal teeth can be either primary (baby) or permanent teeth, but most cases involve primary teeth.

There are no specific medications required for natal teeth. However, treatment may be necessary to prevent complications such as choking hazards due to the loose attachment of these teeth to the surrounding gums. In some instances, extraction might be recommended if the tooth interferes with feeding or speech development. Additionally, regular dental check-ups should be scheduled to monitor the eruption and development of other teeth.

It is important to note that natal teeth are not necessarily a cause for concern unless they pose an immediate risk to the infant's health. In most cases, these teeth will eventually fall out naturally as part of normal tooth development."
Arrange the following in the sequence of closure :,C,C,True,1.0,False,"As a medical AI, I cannot provide personalized advice or recommendations for individual patients. However, I can give you general information about the closure sequence of fetal blood vessels.

The selected answer, C) Ductus venosus and Foramen ovale, refers to the closure sequence of two important fetal blood vessels after birth:

1. Ductus venosus: This vessel connects the umbilical vein to the inferior vena cava, allowing oxygenated blood from the placenta to bypass the liver and directly enter the heart. After birth, it usually closes within 10-14 days due to decreased oxygen demand and increased systemic vascular resistance.

2. Foramen ovale: This is a hole in the septum between the right and left atria that allows oxygen-rich blood from the placenta to bypass the lungs and flow directly into the left atrium. After birth, it usually closes within 1-3 months due to increased pressure in the left atrium and decreased pressure in the right atrium.

The closure of these fetal vessels is a normal physiological process after birth. No specific medication or treatment is required for this process; however, if there are any abnormalities detected during prenatal ultrasound or postnatal echocardiography,"
"Drug adveisement letter is a necessary component of each drug formulation and contains various information about the drug like drug dosing, frequency and half-life. Which of the following information need not be given in the drug adveisement letter?",A,A,True,1.0,False,"The selected answer is: A) Research papers and other articles proving efficacy of the drug.

Explanation: A drug advertisement letter does not need to include research papers or articles as evidence for a drug's efficacy. This information would typically be found in peer-reviewed scientific journals, clinical trial reports, or FDA approval documents. The purpose of a drug advertisement letter is to provide essential information about the drug, such as dosing, frequency, and half-life, to healthcare professionals for prescribing purposes. Research papers and articles are not necessary components of this document.

No specific medication or treatment is required for this answer, as it addresses the content of a drug advertisement letter rather than any particular drug or therapy."
"In a patient with fresh blow out fracture of the orbit, best immediate management is",A,A,True,1.0,False,"The selected answer is A) Wait & Watch.

Explanation:
In a patient with a fresh blowout fracture of the orbit, immediate management involves observation and monitoring for complications rather than aggressive intervention. This approach is based on the understanding that most blowout fractures will heal spontaneously without surgical intervention. The primary concern in these cases is to ensure adequate hydration and manage any associated pain or discomfort with analgesics such as acetaminophen or ibuprofen.

Surgical intervention may be considered if there are signs of orbital compartment syndrome, such as proptosis (bulging eye), ophthalmoplegia (eye movement restriction), or decreased visual acuity. However, these complications typically develop within the first few days after injury and would necessitate immediate surgical attention.

In summary, for a patient with a fresh blowout fracture of the orbit, ""wait and watch"" is an appropriate initial management strategy, as most cases will resolve without surgical intervention. Monitoring for signs of orbital compartment syndrome and managing pain are essential components of care during this period."
Which of the following drugs can be stopped abruptly without any withdrawal symptoms?,A,A,True,1.0,False,"The correct answer is A) Escitalopram.

Escitalopram is a selective serotonin reuptake inhibitor (SSRI), commonly used as an antidepressant. Unlike other antidepressants like tricyclic antidepressants (TCAs) and monoamine oxidase inhibitors (MAOIs), SSRIs can generally be stopped abruptly without causing withdrawal symptoms in most patients. This is because they do not have a significant dependence potential or cause physical dependence, unlike TCAs and MAOIs.

However, it's essential to note that individual patient responses may vary, and some people might still experience mild withdrawal symptoms when stopping escitalopram abruptly. In such cases, tapering the dose over several weeks is recommended for better management of discontinuation symptoms."
Keyhole-shaped visual field defect is seen in lesion involving which of the following regions?,B,A,False,1.0,False,"The keyhole-shaped visual field defect is typically associated with a lesion affecting the inferior nasal region of the optic nerve, not the optic disk itself. The optic disk is the area where the optic nerve meets the retina and does not have a distinct visual field representation.

A keyhole-shaped visual field defect results from damage to the inferior nasal fibers of the optic nerve, which are responsible for central vision. This type of defect can be caused by various conditions such as glaucoma, optic neuritis, or tumors affecting the optic nerve.

Treatment depends on the underlying cause and may include medications like acetazolamide (Diamox) for glaucoma, corticosteroids for optic neuritis, or surgical removal of a tumor. Regular monitoring and follow-up with an ophthalmologist are essential to manage these conditions effectively."
The soft tissue tooth interface that forms after flap surgery in a previously denuded area is,A,A,True,0.67,True,"The correct answer is A) Long junctional epithelium.

Explanation:
After flap surgery in a previously denuded area (i.e., an area where the tooth's natural attachment has been lost due to periodontal disease), the soft tissue tooth interface that forms is characterized by long junctional epithelium. This occurs because the epithelial cells migrate apically and form a longer junctional epithelium, which can lead to inflammation and potential complications such as pocket formation.

Treatment:
To address this issue, it's essential to maintain good oral hygiene practices, including regular brushing and flossing. Additionally, professional cleanings should be performed regularly by a dental hygienist or dentist. If the long junctional epithelium persists despite these measures, surgical repositioning of the epithelial attachment may be necessary.

No specific medication is required for this condition; however, antibiotics might be prescribed if there's an active infection present."
The test done for a statistically significant change in cholesterol values in a group of patients following an interventional programme is:,A,B,False,1.0,False,"The correct answer is indeed B) Paired ""t"" test.

A paired t-test is used to compare means of a continuous variable (in this case, cholesterol values) between two related groups, such as before and after an intervention. It takes into account the correlation between measurements from the same subjects, providing more accurate results than an unpaired t-test in this scenario.

In this context, the paired t-test would be used to determine if there is a statistically significant change in cholesterol levels for a group of patients following an interventional programme (e.g., dietary changes or medication). If the test reveals a significant difference between pre- and post-intervention measurements, it suggests that the intervention has had a measurable impact on cholesterol levels.

Regarding specific medication or treatment requirements, this would depend on the results of the paired t-test. If the test shows a statistically significant decrease in cholesterol values following the interventional programme, then lifestyle modifications (dietary changes) might be sufficient for managing cholesterol levels. However, if the decrease is not deemed adequate or if there are other cardiovascular risk factors present, medication such as statins may be prescribed to further lower cholesterol levels and reduce the risk of heart disease.

It's important to note that any treatment decisions should"
Mw vaccine is prepared from:,A,B,False,0.67,True,"Mw vaccine is prepared from Mycobacterium indicus pranii (B). This strain of non-tuberculous mycobacteria has been found to be safe and immunogenic in humans, making it suitable for use as a vaccine against leprosy.

The Mw vaccine induces both humoral and cellular immune responses, providing protection against leprosy. It is currently being tested in clinical trials to assess its efficacy and safety profile compared to the existing BCG vaccine (which has shown limited protective effect against leprosy).

No specific medication or treatment is required for individuals who have received the Mw vaccine, as it serves as a preventive measure against leprosy infection. However, if an individual develops symptoms of leprosy after vaccination, standard antimicrobial therapy would be necessary to treat the disease.

In summary, the Mw vaccine is prepared from Mycobacterium indicus pranii and has shown promise in providing protection against leprosy. It does not require specific treatment post-vaccination unless leprosy symptoms develop, at which point standard antimicrobial therapy should be initiated."
Guiding planes are:,A,B,False,1.0,False,"Guiding planes in dentistry refer to the areas of bone prepared for placement of dental implants. The guiding plane should be located far anterior to the edentulous area (B) because it allows for better access during implant surgery and minimizes interference with adjacent anatomical structures.

There is no specific medication required for guiding planes, as they are a surgical preparation rather than a medical treatment. However, antibiotics may be prescribed preoperatively to prevent infection, and pain management medications might be necessary postoperatively if needed."
Reflex which never disappear:,C,C,True,0.67,True,"The parachute reflex, also known as the ""emergent stepping reflex,"" is a primitive reflex that persists in infants up to around 12 months of age. It is characterized by the infant's legs extending when their feet touch a firm surface, mimicking the action of a parachutist's legs spreading out upon landing.

This reflex never disappears completely because it serves as an essential mechanism for balance and posture control during early development. As infants grow and develop more advanced motor skills, this reflex becomes less prominent but does not entirely disappear. Instead, it evolves into more complex movements like walking and running.

No specific medication or treatment is required for the parachute reflex since it is a normal part of infant development. However, if there are concerns about an infant's motor development or balance issues, consultation with a pediatrician or physical therapist may be necessary to address any underlying conditions that could impact gross motor skills."
Vitamin D toxicity is treated with,B,D,False,1.0,False,"Vitamin D toxicity, also known as hypervitaminosis D, occurs when excessive amounts of vitamin D are ingested or synthesized in the body due to prolonged sun exposure or supplementation. This can lead to hypercalcemia (elevated calcium levels) and other complications.

The selected answer, Ketoconazole (D), is an antifungal medication that also has a secondary effect on inhibiting steroidogenesis, including vitamin D synthesis. By reducing the production of active vitamin D in the body, ketoconazole can help manage hypercalcemia associated with vitamin D toxicity. However, it should be noted that ketoconazole is not specifically approved for this indication and its use as an off-label treatment should be carefully considered.

Other treatments for vitamin D toxicity may include hydration to flush out excess calcium, diuretics (such as furosemide) to increase urinary excretion of calcium, and bisphosphonates (e.g., pamidronate) to inhibit bone resorption. In severe cases or when complications arise, hospitalization might be necessary for close monitoring and supportive care.

It is essential to address the underlying cause of vitamin D toxicity by discontinuing excessive supplementation or sun exposure and ensuring adequate hydration."
Which of the following is not the component of qSOFA?,C,D,False,1.0,False,"The correct answer is indeed D) Unequally dilated pupils.

qSOFA (quick Sequential Organ Failure Assessment) score is a simplified version of SOFA score used for identifying sepsis in emergency department settings. It consists of three components: altered mental status, respiratory rate ≥22 breaths/min, and systolic blood pressure ≤100 mmHg.

Unequally dilated pupils are not part of the qSOFA criteria. This is because pupil size is not a reliable indicator for organ dysfunction or sepsis in this scoring system. Instead, it may be more indicative of neurological issues such as cranial nerve palsies or local anesthetic toxicity.

No specific medication or treatment is required based on this answer alone; however, if the patient has sepsis, appropriate antibiotic therapy and supportive care should be initiated according to current guidelines."
How much hone can be stretched at a time before it fractures:,A,C,False,1.0,False,"The question appears to be misphrased as it refers to ""hone,"" which is not a biological tissue but rather a polished surface on metal tools. Therefore, there's no concept of stretching hone before it fractures.

However, if the question intends to refer to human bone, the answer provided (C) 6% seems incorrect. Bone strength and fracture risk are influenced by various factors such as age, sex, genetics, and lifestyle habits. There is no specific percentage value that can be applied universally to predict when a bone will fracture.

In general, if you're referring to bone stress fractures, they occur due to repetitive loading or overuse of muscles and bones beyond their capacity for adaptation. Treatment typically involves rest, pain management, and gradual return to activity under the guidance of a healthcare professional. No specific medication is required for this diagnosis unless there's an underlying condition contributing to it.

To clarify, please provide more context or correct any misinterpretation in your question."
Tonsils developed from:,A,C,False,1.0,False,"Tonsils develop from the dorsal part of the second pharyngeal pouch. This is because during embryonic development, the pharyngeal arches give rise to various structures in the head and neck region, including lymphoid organs such as tonsils.

The correct answer is C) Dorsal part of 2nd pouch.

No specific medication or treatment is required for this anatomical fact. However, if you are referring to tonsillitis (inflammation of the tonsils), antibiotics may be prescribed depending on the causative organism and severity of symptoms. In cases where chronic tonsillar hypertrophy or recurrent infections occur, surgical removal of the tonsils (tonsillectomy) might be considered.

It's important to note that this answer refers to embryological development rather than a medical diagnosis or treatment plan."
Gutta Percha can effectively be sterilized by?,A,C,False,0.67,True,"Gutta Percha, a material used in root canal obturation, can indeed be effectively sterilized through autoclaving (C). This method involves subjecting the Gutta Percha to high-pressure steam at 121°C for 15 minutes, which ensures complete elimination of any microorganisms present. Autoclaving is an effective sterilization technique because it uses saturated steam to denature proteins and disrupt cell membranes, ultimately leading to microbial death.

No specific medication or treatment is required post-autoclaving as the primary goal is to ensure sterility. However, it's important to note that proper handling and storage of Gutta Percha after autoclaving are crucial to maintain its quality and effectiveness in root canal therapy."
Which of these conditions  does not require SABE prophylaxis,C,B,False,1.0,False,"ASD (Atrial Septal Defect) is a congenital heart defect characterized by an abnormal opening between the atria of the heart. SABE prophylaxis refers to antibiotic prophylaxis for preventing infective endocarditis, which is not necessary for patients with ASD unless they have other risk factors or underlying conditions.

The American Heart Association (AHA) guidelines no longer recommend routine antibiotic prophylaxis for most cases of congenital heart disease, including ASD. However, if an individual has undergone any cardiac surgery or intervention, or if there are additional risk factors such as a history of infective endocarditis, prosthetic material, or certain types of valvular heart disease, then SABE prophylaxis may still be recommended.

In summary, ASD does not require routine SABE prophylaxis unless specific risk factors are present. No specific medication or treatment is required for patients with isolated ASD without additional risk factors, but regular follow-up and monitoring by a cardiologist are essential to manage any potential complications."
Motor supply of infrahyoid muscle is:,A,A,True,1.0,False,"The motor supply of infrahyoid muscles comes from branches of the cervical plexus (C1-C3). These muscles include sternohyoid, sternothyroid, omohyoid, and thyrohyoid.

The diagnosis/answer is accurate because these muscles are innervated by the anterior rami of C1-C3 spinal nerves, which form the branches of the cervical plexus. This nerve supply allows for coordinated movement of the hyoid bone and larynx during swallowing and speech.

No specific medication or treatment is required for this anatomical fact. However, if there were any dysfunction in these muscles due to neurological disorders or injury, appropriate medical management would be necessary based on the underlying condition."
This direction of force can cause:,B,A,False,0.5,True,"A) Reduce overbite

This direction of force refers to orthodontic forces applied during orthodontic treatment. An overbite occurs when there's an excessive vertical overlap between the maxillary and mandibular incisors. By applying forces in a way that reduces this overlap, it is possible to correct an overbite.

The diagnosis/answer is based on the principle of orthodontics, which involves moving teeth into their desired positions using controlled forces. In this case, the direction of force would be designed to reduce the vertical overlap between the maxillary and mandibular incisors, thus correcting an overbite.

No specific medication is required for this treatment; however, it may involve the use of orthodontic appliances such as braces or aligners to apply the necessary forces. The patient should consult with an orthodontist for personalized treatment planning and monitoring during the course of therapy."
Cystinuria is characterised by –,C,D,False,0.5,True,"Cystinuria is characterized by recurrent urinary calculi (caliculi), which are stones formed in the kidneys or bladder due to an inherited disorder affecting the transport of cystine in the renal tubules. This leads to increased concentrations of cystine in urine, promoting stone formation.

The selected answer, D) Recurrent urinary caliculi, is accurate because cystinuria primarily manifests as recurrent kidney and/or bladder stones caused by the inability to reabsorb cystine in the kidneys. These stones can cause severe pain, infection, and obstruction if left untreated.

Treatment for cystinuria typically involves a combination of medications and lifestyle modifications:

1. Medications: Alkalinizing agents like potassium citrate or sodium citrate help increase urine pH, reducing cystine solubility and preventing stone formation. Thiol drugs such as tiopronin (captopril) can also be used to bind with cystine in the urine, making it less likely to form stones.

2. Lifestyle modifications: Increasing fluid intake to dilute the concentration of cystine in urine, avoiding foods high in animal protein, and following a low-sodium diet are essential components of managing cystinuria.

Regular monitoring for recurrent stone formation is necessary,"
"Patient with PPF transfusion complaint of breathing difficulty, tachycardic, tachypnia, Had Batwing sign present in X-ray. What will be the possible reason?",A,A,True,1.0,False,"The patient's symptoms of breathing difficulty, tachycardia, and tachypnea, along with the presence of Batwing sign on X-ray, strongly suggest Transfusion-Related Acute Lung Injury (TRALI). This condition occurs when certain antibodies in donated blood react with the recipient's white blood cells, causing inflammation in the lungs.

There is no specific medication for TRALI. Treatment primarily focuses on supportive care, including oxygen therapy and mechanical ventilation if necessary. The transfusion should be discontinued immediately to prevent further injury. In some cases, corticosteroids may be considered as an adjunctive treatment to reduce inflammation. It's essential to identify the causative blood product and avoid using it in future transfusions.

The patient should also receive close monitoring for any signs of worsening respiratory status or other complications."
Which of these is not a theory of TMJ ankylosis?,A,B,False,0.5,True,"The given option ""B) Synovial fluid attracting calcium ions"" is not a recognized theory of TMJ ankylosis.

TMJ (temporomandibular joint) ankylosis refers to the fusion of the mandible and temporal bone, leading to limited jaw mobility. Theories explaining this condition include:

1. Trauma: A history of facial trauma can lead to inflammation and subsequent fibrous union between the bones.
2. Infection: Bacterial or viral infections may cause inflammation and subsequent ankylosis.
3. Genetic predisposition: Some individuals may have a genetic tendency towards joint fusion due to abnormal development.

The option ""B) Synovial fluid attracting calcium ions"" is not a recognized theory of TMJ ankylosis. This statement might be related to the process of osteoarthritis, where synovial fluid can contribute to calcium deposition in cartilage and bone, leading to joint degeneration. However, it does not explain TMJ ankylosis.

Treatment for TMJ ankylosis typically involves surgical intervention to release the fused joint and reconstruct the mandible if necessary. In some cases, orthodontic treatment may be required to manage dental alignment issues resulting from"
Fingerprinting (FINDER) involves recording prints of 8 fingers. Which finger pair is excluded?,B,D,False,0.83,False,"The correct answer is D) Middle finger.

Fingerprinting (FINDER) involves recording prints of 8 fingers by capturing both index and ring fingers on each hand. The middle fingers are excluded from this process because they do not provide sufficient uniqueness for identification purposes when compared to the other available options. There is no specific medication or treatment required for this answer, as it pertains to a procedure in forensic science rather than medical diagnosis or therapy."
Impression compound is characterized by all the following except:,A,B,False,1.0,False,"Impression compound is characterized as an elastomeric impression material that is used for making dental impressions. It is a thermoplastic material, not a thermoset material.

Thermoplastics can be softened by heat and reformed when cooled, whereas thermosets undergo chemical cross-linking upon curing and cannot be re-molded once set. Impression compound's ability to be re-heated and re-shaped makes it ideal for dental impressions as it allows for corrections or adjustments if needed.

No specific medication or treatment is required for this characteristic; rather, it is an important property of impression compound in dentistry."
"In Galactorrhoea--amenorrhea syndromes, which is the investigation you should advise (apa from serum prolactin)?",A,A,True,1.0,False,"In Galactorrhoea-amenorrhea syndromes, the investigation to consider after serum prolactin (PRL) is thyroid-stimulating hormone (TSH). This is because hyperprolactinemia can be caused by hypothyroidism, and TSH levels will help identify any underlying thyroid dysfunction.

If TSH levels are elevated, it indicates primary hypothyroidism. Treatment for this condition involves thyroid hormone replacement therapy with levothyroxine or liothyronine, depending on the specific type of hypothyroidism diagnosed (e.g., Hashimoto's thyroiditis).

In cases where TSH levels are normal, other causes of hyperprolactinemia should be investigated, such as pituitary tumors, medications, or idiopathic hyperprolactinemia. Treatment for these conditions may involve dopamine agonists like cabergoline or bromocriptine to reduce PRL levels and alleviate symptoms.

It is essential to note that any treatment plan should be individualized based on the specific clinical context and patient needs."
What is common in class I cavity preparation for amalgam and gold inlay?,A,D,False,0.5,True,"Class I cavity preparations for amalgam and gold inlays typically involve removing decayed tooth structure while preserving as much healthy enamel as possible. The common features among these preparations include:

1. Occlusal convergence: This refers to the gradual increase in angle of preparation walls towards the occlusal surface, allowing for easy condensation of amalgam or placement of a gold inlay.

2. Parallel walls: Preparation walls should be parallel to each other and perpendicular to the occlusal surface, ensuring even distribution of restorative material and preventing stress concentration within the tooth.

3. Retention form: A slight divergence (around 10-15 degrees) between the proximal preparation wall and the occlusal convergence is necessary for amalgam retention, while gold inlays require a more pronounced divergence (around 20-30 degrees).

4. Finish line: The finish line should be slightly rounded or beveled to facilitate easy insertion of the restoration without damaging surrounding tooth structure.

5. Depth control: Preparation depth should not extend beyond the enamel-dentin junction to prevent weakening of the tooth and potential fracture.

No specific medication is required for Class I cavity preparations, as these are restorative procedures aimed at preserving tooth structure and preventing further decay. However,"
Periodontal surgery is best performed,A,A,True,1.0,False,"Periodontal surgery is best performed approximately 4 weeks after completing the hygienic phase because this allows for optimal healing and inflammation resolution following scaling and root planing (SRP). This time frame ensures that the patient's periodontal condition has stabilized, making it easier to assess the extent of bone loss and plan surgical interventions accurately. Additionally, waiting for 4 weeks post-hygiene phase reduces the risk of surgical complications such as bleeding or infection.

No specific medication is required before surgery; however, patients should maintain good oral hygiene practices and may be advised to avoid smoking and other harmful habits that can negatively impact healing. Postoperatively, antibiotics might be prescribed if there's a high risk of infection or if the patient has a compromised immune system. Pain management medications such as ibuprofen or acetaminophen are typically recommended for discomfort relief during the recovery period."
Endocrine glands that are not influenced by the pituitary gland include the:,A,A,True,1.0,False,"The correct answer is indeed A) Thyroid gland, testes, and adrenal medulla.

These endocrine glands are not influenced by the pituitary gland because they have their own intrinsic mechanisms for hormone production and regulation. Here's a brief explanation:

1. Thyroid Gland: The thyroid-stimulating hormone (TSH) produced by the anterior pituitary gland regulates the secretion of thyroid hormones in most cases. However, some cells within the thyroid gland, such as C-cells, produce calcitonin independently of TSH and respond to calcium levels instead.

2. Testes: Leydig cells in the testes secrete testosterone under the influence of luteinizing hormone (LH) from the anterior pituitary gland. However, Sertoli cells within the seminiferous tubules produce inhibin, which helps regulate FSH production and is not directly influenced by the pituitary gland.

3. Adrenal Medulla: The adrenal medulla produces catecholamines (epinephrine and norepinephrine) in response to sympathetic stimulation from the autonomic nervous system rather than through direct pituitary control.

No specific medication or treatment is required for these glands, as they"
Rooting reflex also known as search reflex disappears:,B,B,True,1.0,False,"The rooting reflex, also known as the search reflex, typically disappears by around three months of age in healthy infants. This reflex causes an infant to turn their head towards a stimulus applied to their cheek, such as a finger, which helps them find the nipple for feeding.

The disappearance of this reflex is a normal developmental milestone and does not require any specific medication or treatment. It indicates that the infant's neurological development is progressing normally, and they are becoming more self-regulated in finding food sources independently. If an infant continues to exhibit this reflex beyond three months, it may be a sign of an underlying neurological issue, which would necessitate further evaluation by a pediatrician.

In summary, the disappearance of the rooting reflex around three months of age is a normal developmental milestone and does not require any specific medication or treatment."
Migratory motor complexes in the gut reappear after intervals of:,A,C,False,0.83,False,"Migratory motor complexes (MMCs) are periodic contractions that occur in the gastrointestinal tract, particularly in the small intestine. They play a role in clearing residual food particles and bacteria from the intestinal lumen.

The selected answer, C) 120 minutes, refers to the approximate interval at which MMCs reappear after their cessation. This is based on studies showing that MMCs typically last for about 90-120 minutes before subsiding, followed by another cycle of contractions (1).

There are no specific medications or treatments required for MMCs as they are a normal physiological process. However, if MMCs become abnormally frequent or prolonged, it may indicate underlying gastrointestinal disorders such as irritable bowel syndrome (IBS) or small intestine bacterial overgrowth (SIBO). In these cases, treatment would focus on managing the underlying condition rather than targeting MMCs directly.

References:
1. Sibaev A, et al. ""Migrating motor complex: Physiology and implications for health and disease."" American Journal of Physiology-Gastrointestinal and Liver Physiology 2017;313(3):G221-G233."
IV ultrashort acting barbiturate:,B,C,False,1.0,False,"Thiopentone (C) is an ultrashort-acting barbiturate commonly used as an induction agent in anesthesia. It has a rapid onset of action and short duration of effect, making it suitable for IV administration during surgical procedures.

The reason why thiopentone is the correct answer is that it meets all the criteria specified in the question: it's administered intravenously (IV), it's an ultrashort-acting barbiturate, and it's used as an induction agent. Other options like methohexital (A) and propofol (B) are also suitable for IV use but have longer durations of action compared to thiopentone.

No specific medication or treatment is required beyond the administration of thiopentone according to standard anesthesia protocols, as it's a well-established drug in this context. However, close monitoring of vital signs and airway management should be performed by anesthesiologists during induction and throughout the procedure."
The component that sensitizes bacteria and virus to UV irradiation,C,D,False,1.0,False,"The correct answer is indeed D) Nucleic acids.

Nucleic acids (DNA and RNA) are responsible for sensitizing bacteria and viruses to ultraviolet (UV) irradiation. This is because these molecules absorb UV light, which leads to the formation of covalent bonds between adjacent bases in DNA or RNA strands. These cross-links cause damage to the genetic material, ultimately leading to cell death or inhibition of replication.

No specific medication or treatment is required for this condition, as it refers to a natural biological response rather than an infection or disease. However, understanding how nucleic acids respond to UV irradiation can be crucial in developing strategies for disinfection and sterilization, particularly in medical settings where the risk of contamination is high."
"All these are Included In active tissue engineering, except",C,C,True,1.0,False,"The correct answer is C) Enamel matrix derivative.

Active tissue engineering involves the use of living cells to regenerate or replace damaged tissues. It includes techniques such as cell seeding, scaffold fabrication, and growth factor delivery to promote cellular differentiation and tissue regeneration. Enamel matrix derivatives are proteins found in tooth enamel that play a role in dentinogenesis during tooth development. They do not fit into active tissue engineering because they are not living cells or biomaterials used for regenerative medicine.

No specific medication or treatment is required for this answer, as it is an exclusion criterion rather than a diagnosis or treatment recommendation."
For which of the following is PPV-23 is most beneficial:,A,D,False,1.0,False,"PPV-23 (Pneumococcal Polysaccharide Vaccine) is most beneficial for children less than 2 years old because it protects against Streptococcus pneumoniae infections, which can lead to serious diseases such as meningitis and otitis media. Younger children have a higher risk of developing these infections due to their immature immune systems.

The vaccine provides protection against the 23 serotypes most commonly associated with invasive pneumococcal disease. It is recommended by the Centers for Disease Control and Prevention (CDC) that all children receive this vaccine at 2, 4, and 6 months of age, followed by a booster dose at 12-15 months.

No specific medication or treatment is required beyond administering the vaccine as per the CDC's guidelines. However, if a child develops symptoms suggestive of pneumococcal infection (such as fever, headache, stiff neck, or ear pain), they should be evaluated promptly by their healthcare provider for appropriate management and potential antibiotic therapy."
Characteristic histopathological feature of basal cell car cinoma is,A,A,True,1.0,False,"The characteristic histopathological feature of basal cell carcinoma (BCC) is nuclear palisading, which refers to the arrangement of tumor cells in a palisade-like pattern with nuclei aligned perpendicular to the basement membrane. This distinctive feature helps pathologists distinguish BCC from other skin cancers.

Nuclear palisading is due to the tumor cells' tendency to form rosette-like structures around blood vessels or other central elements within the tumor, giving them an appearance of stacked nuclei. This arrangement is a hallmark of BCC and can be seen in both superficial and invasive forms of the disease.

Treatment for basal cell carcinoma typically involves surgical excision with adequate margins to ensure complete removal of the tumor. In some cases, Mohs micrographic surgery may be recommended due to the tumor's location or aggressive nature. Other treatment options include topical imiquimod cream, photodynamic therapy, and radiation therapy for inoperable tumors.

No specific medication is required as a primary treatment for BCC; however, postoperative antibiotics might be prescribed to prevent infection, and pain management medications may be necessary depending on the size and location of the tumor. Regular follow-up appointments with a dermatologist are essential to monitor for recurrence or new lesions."
Most common mediastinal tumor:,A,A,True,1.0,False,"A neurogenic tumor is the most common type of mediastinal tumor, accounting for approximately 20% of all mediastinal masses. These tumors arise from nerve tissue in the thoracic cavity and can be benign (e.g., schwannoma) or malignant (e.g., neurosarcoma). They are more prevalent in young adults.

The diagnosis is typically made using imaging studies such as CT scans, MRI, or PET scans, which reveal a well-circumscribed mass with characteristic signal intensity. Biopsy may be necessary for confirmation and to determine the tumor's histological type.

Treatment depends on the tumor's nature (benign vs. malignant) and extent of local invasion. Benign neurogenic tumors can often be managed conservatively with close observation, while malignant ones require surgical resection along with adjuvant radiation therapy or chemotherapy as needed."
All are the branches of ECA that supply nasal septum except:,A,C,False,1.0,False,"The correct answer is indeed C) Facial artery.

Explanation: The branches of the external carotid artery (ECA) that supply the nasal septum are superior labial artery, sphenopalatine artery, and anterior ethmoidal artery. The facial artery does not contribute to the blood supply of the nasal septum. Instead, it supplies the face, particularly the cheek, nose, and forehead.

No specific medication or treatment is required for this answer as it's an anatomical fact rather than a clinical diagnosis or management issue."
All of these are continuous variables except:,B,C,False,1.0,False,"The correct answer is C) Blood groups A, B, ABO.

Explanation: Blood groups (A, B, AB, and O) are categorical variables because they represent distinct, non-continuous categories of antigens present on red blood cells. These antigens determine an individual's blood type, which cannot be measured continuously but rather classified into one of these four discrete groups. Continuous variables, in contrast, can take any value within a range or interval.

No specific medication or treatment is required for this classification, as it is simply a way to categorize individuals based on their red blood cell antigens. However, knowing an individual's blood type may be important for certain medical procedures, such as blood transfusions, where compatibility between donor and recipient is crucial."
Which of the following type of tongue thrusting has the worst prognosis?,B,C,False,1.0,False,"Retained infantile swallow (RIS), also known as persistent primitive swallowing pattern, refers to an abnormal oral motor function characterized by tongue thrusting, where the tongue pushes food against the front teeth during mastication and swallowing. This pattern persists beyond normal developmental stages.

The worst prognosis among the options is RIS because it can lead to various complications such as malocclusion, dental wear, speech difficulties, and feeding problems. Moreover, RIS may persist into adulthood if left untreated, causing social and emotional distress due to its impact on self-esteem and oral function.

Treatment for RIS typically involves a multidisciplinary approach involving an orofacial myologist, orthodontist, speech-language pathologist, and sometimes a psychologist. The primary goal is to retrain the oral motor skills through exercises targeting tongue placement, jaw movement, and swallowing coordination. In some cases, biofeedback devices may be used to enhance treatment efficacy.

Medications are not typically required for RIS unless there are associated conditions such as anxiety or depression that need to be addressed concurrently with therapy. However, in severe cases where the patient experiences significant feeding difficulties, nutritional supplements might be prescribed to ensure adequate caloric intake."
CYP50 inhibition is least by:,A,B,False,0.83,False,"CYP50 refers to a cytochrome P450 enzyme family found in fungi, particularly in Candida species. Inhibition of CYP50 would be relevant in antifungal therapy.

Rabeprazole (option B) is a proton pump inhibitor used for the treatment of gastroesophageal reflux disease (GERD), peptic ulcers, and Zollinger-Ellison syndrome. It does not have any known effects on fungal cytochrome P450 enzymes like CYP50. Therefore, rabeprazole would be least likely to inhibit CYP50 among the given options.

No specific medication or treatment is required for this scenario as it pertains to a non-existent interaction between an antifungal enzyme and a proton pump inhibitor. However, if you are referring to treating fungal infections, appropriate antifungals such as azoles (e.g., fluconazole) or echinocandins (e.g., caspofungin) would be indicated based on the specific pathogen and clinical presentation."
Which of the following is a component of Pentalogy of Fallot –,A,A,True,1.0,False,"Atrial Septal Defect (ASD) is a component of Pentalogy of Fallot.

Pentalogy of Fallot is a rare congenital heart defect characterized by five anatomical abnormalities: Ventricular septal defect (VSD), Atrial septal defect (ASD), Pulmonary stenosis, Right ventricular hypertrophy, and an overriding aorta. The ASD component allows for some mixing of oxygenated and deoxygenated blood, which partially compensates for the reduced pulmonary blood flow due to pulmonary stenosis.

Treatment for Pentalogy of Fallot typically involves surgical correction, usually in infancy or early childhood. This may involve closing the VSD and relieving the pulmonary stenosis, as well as addressing any associated ASD if necessary. Medications are not a primary treatment for this condition but may be used to manage symptoms such as cyanosis (blue discoloration of the skin due to inadequate oxygenation) or heart failure."
The contractile element in a skeletal muscle is present in:,B,C,False,1.0,False,"The correct answer is indeed C) Myofibril.

Myofibrils are the contractile elements within skeletal muscle cells. They consist of sarcomeres, which contain actin and myosin filaments that interact to produce muscle contraction through a sliding filament mechanism. This process is regulated by calcium ions released from the sarcoplasmic reticulum upon neural stimulation.

No specific medication or treatment is required for this anatomical structure; however, if there's an underlying pathology affecting skeletal muscle function (such as muscular dystrophy), appropriate medical management and supportive care should be considered based on the individual case."
Cherry red spot and Hollenhorst plaque are seen in:,A,A,True,1.0,False,"Answer: A) CRAO (Central Retinal Artery Occlusion)

Explanation: Cherry red spot and Hollenhorst plaque are characteristic findings in Central Retinal Artery Occlusion (CRAO). The cherry red spot refers to the preserved foveal area, which appears as a bright red spot surrounded by a pale retina due to ischemia. Hollenhorst plaques are cholesterol emboli that appear as yellowish-white patches at the retinal artery bifurcation.

CRAO is typically caused by thrombosis or embolism of the central retinal artery, leading to sudden and severe vision loss in one eye. Treatment options include medical management with antiplatelet agents (e.g., aspirin) and anticoagulants (e.g., warfarin), as well as surgical interventions such as arteriovenous sheathotomy or retinal artery bypass surgery. However, the effectiveness of these treatments is variable, and prompt diagnosis followed by timely intervention is crucial for better visual outcomes.

It's important to note that CRAO can be a complication of systemic conditions like atrial fibrillation, carotid artery disease, or hypercoagulable states. Therefore, addressing any underlying systemic conditions may"
Optimal location for intra osseous anesthesia for mandibular second molars is,A,B,False,1.0,False,"The optimal location for intraosseous anesthesia (IO) for mandibular second molars is indeed mesial to the molar (option B). This site provides a more direct route to the inferior alveolar nerve, which innervates the mandibular teeth, including the second molars. By placing the IO needle mesial to the molar, you are closer to the nerve and can achieve better anesthesia with fewer complications.

No specific medication or treatment is required for this procedure; however, it's essential to follow proper aseptic technique and use appropriate local anesthetic agents (e.g., lidocaine) as per standard dental anesthesia protocols."
Which statements is true regarding VENTOUSE :,A,B,False,0.83,False,"B) Can be applied when fetal head is above the level of ischial spine.

Ventouse (also known as vacuum extraction) is a method used to assist in childbirth by applying suction to the baby's scalp through a soft cup attached to a handheld pump. This can help facilitate delivery, especially in situations where forceps may not be suitable or when there are concerns about fetal distress.

The statement ""Can be applied when foetal head is above the level of ischial spine"" is true because ventouse can be used during the second stage of labor, once the fetal head has descended into the pelvis and is visible at or above the perineum. This allows for effective application of suction to assist in delivery.

No specific medication is required for ventouse; however, local anesthesia may be administered to the mother's perineum to minimize discomfort during the procedure. If complications arise during ventouse use, such as fetal distress or maternal exhaustion, cesarean section might be considered as an alternative or additional intervention."
"After cleaning and pumicing the tooth surface, plaque formation takes place within",A,B,False,1.0,False,"Answer: B) 1/2 to 1 hour

Explanation: After cleaning and pumicing the tooth surface, plaque formation takes place within half an hour to one hour due to the presence of bacteria in the oral cavity. The process involves bacterial adhesion to the cleaned tooth surface, followed by the accumulation of extracellular polysaccharides that form a biofilm (plaque). This can lead to dental caries and periodontal diseases if not properly managed through regular brushing, flossing, and professional cleanings.

No specific medication is required for this process. However, maintaining good oral hygiene practices and regular dental check-ups are essential for preventing plaque formation and related complications. If necessary, a dentist may recommend an antibacterial mouthwash or prescribe antibiotics to treat existing infections."
Which of the following structure is not present on floor of third ventricle?,A,B,False,1.0,False,"The correct answer is indeed B) Third nerve.

Explanation:
The third ventricle is a part of the brain's ventricular system that contains cerebrospinal fluid (CSF). The floor of the third ventricle consists of several structures, including the optic chiasm, infundibulum, and hypothalamus. The oculomotor nerve (cranial nerve III or third nerve) is a cranial nerve responsible for eye movements, eyelid opening, and pupil constriction. It does not form part of the floor of the third ventricle.

No specific medication or treatment is required for this diagnosis as it is an anatomical distinction rather than a clinical condition. However, if there were any neurological symptoms related to cranial nerve III dysfunction (e.g., diplopia, ptosis), appropriate management would be necessary based on the underlying cause of the condition."
Speech problems in cleft palate patients are due to,A,B,False,1.0,False,"The selected answer is correct. Speech problems in cleft palate patients are primarily due to their inability to effectively close off the nasal cavity during speech production, allowing air to escape into the nasopharynx. This results in hypernasal resonance and articulation difficulties.

Treatment for speech disorders associated with cleft palate typically involves speech therapy, which focuses on improving oral-nasal separation, correct placement of the tongue and lips, and proper articulation of sounds. In some cases, surgery may be necessary to repair any residual anatomical defects that contribute to ongoing speech difficulties. No specific medication is required for this condition.

It's important to note that early intervention in speech therapy is crucial for optimal outcomes in cleft palate patients."
"According to the WHO definition of hearing loss, what is the value to classify as profound hearing loss?",A,C,False,0.83,False,"According to the World Health Organization (WHO), profound hearing loss is defined as a pure-tone average of 91 decibels (dB) or greater in the better ear for frequencies at 500 Hz, 1000 Hz, and 2000 Hz. This classification indicates severe impairment of auditory function, making it difficult or impossible to understand speech without amplification.

The diagnosis/answer C) >91 dB is based on the WHO's criteria for categorizing hearing loss into four degrees: mild (26-40 dB), moderate (41-55 dB), severe (56-70 dB), and profound (>91 dB). This classification system helps healthcare professionals to identify individuals who may benefit from hearing aids or cochlear implants.

No specific medication is required for profound hearing loss, as it is a sensorineural condition that cannot be treated with drugs. Instead, the primary treatment involves amplification through hearing aids or cochlear implants to improve communication and quality of life."
"What we will define it ""ratio of no. of death under 1 year of age to total live birth per 1000 live births per year""?",A,A,True,1.0,False,"The given definition describes ""Infant Mortality Rate (IMR)"" as the ratio of deaths under one year of age to total live births per 1000 live births per year.

This answer is correct because IMR measures the number of infant deaths within a population over a specific time period, in this case, one year. It's expressed as the number of deaths per 1000 live births, allowing for comparison between different populations or over time. This metric helps identify trends and disparities in infant health outcomes.

No specific medication or treatment is required for IMR as it is an epidemiological indicator rather than a clinical diagnosis or intervention. However, understanding IMR can inform public health strategies to address underlying causes of infant mortality, such as poverty, malnutrition, or lack of access to healthcare services."
"The necrotising pressure areas, undergoing bone resorption and endosteal bone formation",A,B,False,1.0,False,"Answer: B) Occlusal trauma

Explanation: Occlusal trauma refers to the damage caused by excessive biting forces due to malocclusion (abnormal bite), ill-fitting dentures, or other factors that lead to pressure on teeth and surrounding bone structures. This can result in necrotising pressure areas, resorption of alveolar bone, and subsequent endosteal bone formation.

Treatment: The primary treatment for occlusal trauma involves addressing the underlying cause by adjusting the occlusion (bite) through orthodontic treatment or fabricating new dentures that fit properly. In severe cases, extraction of affected teeth may be necessary to prevent further damage. Pain management with analgesics and antibiotics may also be required if there is associated infection or inflammation.

It's important to note that prevention is key in managing occlusal trauma. Regular dental check-ups can help identify potential issues early on, allowing for timely interventions to avoid complications such as bone resorption and endosteal bone formation."
CLED is better medium than MacConkey medium for processing of urine samples,C,D,False,1.0,False,"CLED (Cysteine-Lactose-Electrolyte-Deficient) medium is considered better than MacConkey medium for processing urine samples because it allows a broader range of bacteria to grow, including Staphylococcus, Streptococcus, and Candida. This is particularly important in urine cultures as these organisms can be pathogenic and may cause urinary tract infections (UTIs).

MacConkey agar is primarily used for the differentiation of Gram-negative rods based on their ability to ferment lactose. However, it does not support the growth of some important pathogens like Staphylococcus aureus or Streptococcus pneumoniae.

CLED medium, on the other hand, supports the growth of these organisms and also Candida species due to its composition that includes cysteine, which allows for the growth of anaerobic bacteria. This makes CLED a more inclusive medium for urine cultures, allowing for better detection of potential pathogens.

No specific medication or treatment is required based solely on this information. The diagnosis and management of UTIs depend on the identification of causative organisms and their antimicrobial susceptibility testing. Appropriate antibiotic therapy should be guided by these results rather than the choice of culture medium alone."
Pre-maturity in edge to edge position is relieved by reducing:,A,A,True,0.83,False,"The correct answer is A) Mandibular incisal edge.

Pre-maturity in an edge-to-edge position refers to a condition where the mandibular (lower) incisors are too prominent and interfere with the maxillary (upper) incisors, causing discomfort or pain during function. Reducing the mandibular incisal edge by grinding it down can alleviate this issue.

This diagnosis is typically addressed through dental treatment, specifically orthodontic adjustments or restorative procedures such as enameloplasty (reshaping of the tooth surface). No specific medication is required for this condition."
Most effective method of assessing breathing is by measuring:,C,A,False,0.5,True,"The most effective method of assessing breathing is by measuring tidal volume (TV). Tidal volume refers to the amount of air inhaled or exhaled during a single breath at rest. Measuring TV helps evaluate lung function, respiratory rate, and overall ventilation efficiency.

This answer is chosen because it provides an accurate assessment of the patient's respiratory status, allowing healthcare professionals to identify potential issues such as hypoventilation, hypercapnia, or hypoxemia. Tidal volume can be measured using spirometry, which is a non-invasive technique that records lung function parameters during breathing.

No specific medication or treatment is required based solely on tidal volume measurement; however, it may indicate the need for further evaluation and management of underlying respiratory conditions such as chronic obstructive pulmonary disease (COPD), asthma, or pneumonia."
Major aim of phase 1 clinical trials is:,B,A,False,1.0,False,"The major aim of Phase 1 clinical trials is indeed safety (Answer A). This stage primarily focuses on assessing the tolerability and potential side effects of a new drug or treatment in healthy volunteers or patients with specific conditions. The primary goal is to determine the maximum tolerated dose (MTD) and identify any adverse events that may occur at different doses.

No specific medication or treatment is required for this answer, as it refers to the general objective of Phase 1 clinical trials rather than a particular intervention."
The blood pressure data of 200 persons were collected. The first quaile BP of the data was 94 mm Hg and third quaile was 110 mm. How many patients have blood pressures between the 3rd and 4th quaile?,A,B,False,1.0,False,"To determine the number of patients with blood pressures between the 3rd and 4th quartiles, we need to calculate the interquartile range (IQR) first.

The IQR is the difference between the third quartile (Q3) and the second quartile (Q2), which represents the middle 50% of the data. In this case:

IQR = Q3 - Q2
IQR = 110 mm Hg - 94 mm Hg
IQR = 16 mm Hg

Since IQR represents the middle 50% of the data, half of it (8 mm Hg) would be the range between the 3rd and 4th quartiles. Therefore, we can calculate the number of patients with blood pressures within this range as follows:

Number of patients = Total sample size × (IQR between 3rd and 4th quartile / IQR for entire data)
Number of patients = 200 × (8 mm Hg / 16 mm Hg) 
Number of patients = 100

The selected answer, B) 50, is incorrect. The correct number of patients with blood pressures between the 3rd and 4th"
Which of the following defines the pressure in the vascular system in the absence of blood flow? (Asked twice),B,C,False,1.0,False,"Mean circulatory filling pressure (C) defines the pressure in the vascular system in the absence of blood flow. This concept was introduced by Guyton to describe the pressure that maintains blood volume within the circulation even when there is no net blood flow, such as during a brief period of apnea or cardiac arrest.

In this scenario, the heart stops pumping blood, and the arterial pressure drops to zero. However, due to the elastic properties of the vascular system, the veins continue to hold some blood volume, creating a reservoir effect. This results in a non-zero pressure that opposes further venous pooling, known as mean circulatory filling pressure.

Mean circulatory filling pressure is approximately 7 mmHg and ensures that there is always some blood flow returning to the heart even when it stops pumping. It plays an essential role in maintaining blood pressure during transient periods of cardiac arrest or apnea.

No specific medication or treatment is required for this condition, as it represents a normal physiological response to temporary cessation of blood flow. However, if prolonged, it may lead to hypotension and inadequate perfusion of vital organs, necessitating immediate resuscitation efforts such as cardiopulmonary resuscitation (CPR) and defibrillation if necessary"
Best parameter for ultrasound evaluation of IUGR is:,B,C,False,1.0,False,"The best parameter for ultrasound evaluation of Intrauterine Growth Restriction (IUGR) is indeed abdominal circumference (C). This is because it provides a more accurate assessment of fetal growth and development compared to other parameters like head circumference or femur length.

Abdominal circumference measures the thickness of the fetal abdomen, which reflects both the liver size and the amount of subcutaneous fat. It is less affected by fetal position than other biometric measurements and has been shown to be more reliable in predicting IUGR. A decrease in abdominal circumference below the 10th percentile for gestational age can indicate IUGR.

Regarding treatment, it depends on the severity of IUGR and the presence of any associated complications. Mild cases may not require specific medication or intervention, while severe cases might necessitate close monitoring, bed rest, and possibly corticosteroids to promote fetal lung maturity in preparation for early delivery. In some instances, intrauterine transfusions or growth-promoting medications like erythropoietin may be considered.

It is essential to note that the diagnosis of IUGR should always be made in conjunction with clinical evaluation and other diagnostic tools such as Doppler ultrasound assessment of umbilical artery flow and middle cerebral"
"According to WHO classiﬁcation of periapical pathology, sinus to oral cavity comes  under:",C,D,False,0.83,False,"According to the World Health Organization (WHO) classification of periapical pathology, a sinus communicating with the oral cavity is classified as K04.6.

K04.6 refers to an open-mouth sinus, which is a type of periapical lesion that communicates with the oral cavity through an opening in the bone. This diagnosis indicates that there is an inflammatory process associated with the apex of a tooth root, leading to the formation of a sinus tract that connects the periapical area to the oral cavity.

Treatment for an open-mouth sinus typically involves endodontic therapy, which may include root canal treatment and apicoectomy if necessary. Antibiotics might be prescribed in cases where there is evidence of infection or abscess formation. Regular follow-up appointments are essential to monitor healing and ensure that the lesion has resolved appropriately."
"In a child, surgery was done for biliary stricture with hepatojejunal anastomosis. Postoperative bilirubin level after 2 weeks was 6 mg/dL from a preoperative level 12mg/dL. The reason for this could be:",B,A,False,1.0,False,"The selected answer is: A) Normal lowering of bilirubin takes time.

Explanation: The postoperative bilirubin level has decreased from 12 mg/dL to 6 mg/dL after two weeks following surgery for biliary stricture with hepatojejunal anastomosis in a child. This decrease indicates improvement in bile flow and liver function, which is expected as part of the normal recovery process. The time required for bilirubin levels to normalize can vary among individuals, but generally takes several weeks or even months.

No specific medication or treatment is required at this point, as the observed decrease in bilirubin level suggests that the surgical intervention has been successful and the child's liver function is improving. Continued monitoring of liver enzymes and bilirubin levels will be necessary to ensure ongoing recovery and detect any potential complications early on."
"A 2 month old girl has failure to thrive, polyuria and medullary nephrocalcinosis affecting both kidneys. Investigations show blood pH 7.48, bicarbonate 25 mEq/l, potassium 2 mEq/l, sodium 126 mEq/l and chloride 88 mEq/l. The most likely diagnosis is -",B,A,False,0.67,True,"The most likely diagnosis for this 2-month-old girl with failure to thrive, polyuria, medullary nephrocalcinosis affecting both kidneys, and abnormal electrolyte levels (low potassium, normal sodium and chloride) is distal renal tubular acidosis (dRTA).

In dRTA, the distal tubules of the kidney are unable to secrete hydrogen ions properly, leading to metabolic alkalosis and hypokalemia. The polyuria suggests impaired concentrating ability due to the defect in the distal tubule.

The blood pH of 7.48 indicates mild metabolic alkalosis, while bicarbonate levels at 25 mEq/l are slightly elevated. Hypokalemia is evident with potassium levels at 2 mEq/l (normal range: 3.5-5.0 mEq/l). Sodium and chloride levels are within normal limits.

Treatment for dRTA typically involves alkali supplementation to correct metabolic alkalosis, as well as potassium replacement to address hypokalemia. In this case, oral potassium citrate or bicarbonate supplements may be prescribed. Additionally, monitoring kidney function and managing any associated complications (e.g., nephrocalcinosis) is crucial.

It's important to note"
Resin teeth:,C,A,False,1.0,False,"Resin teeth, also known as resin-bonded fixed partial dentures (RBFPDs), are dental restorations made of composite resin materials that bond to adjacent natural teeth through etching and cementation. They exhibit high compressive strength due to the strong bonding between the resin and tooth structure.

The diagnosis/answer ""A) Show a high compressive strength"" is accurate because resin teeth are designed to withstand chewing forces similar to those experienced by natural teeth, making them suitable for replacing missing anterior or posterior teeth in the dental arch. The high compressive strength of resin teeth ensures their durability and longevity as a restorative option.

No specific medication or treatment is required for resin teeth beyond routine oral hygiene practices and regular dental check-ups to monitor their condition and ensure proper function. If any issues arise, such as tooth sensitivity or wear, adjustments can be made by the dentist to optimize the fit and comfort of the restoration."
"In alpha-thalassemia trait,electrophoresis shows:March 2005",A,B,False,1.0,False,"In alpha-thalassemia trait, electrophoresis shows normal HbF (fetal hemoglobin) and normal HbA2 (adult hemoglobin). This is because alpha-thalassemia trait represents a carrier state for the condition, where there is a reduced production of alpha-globin chains but not absent. As a result, both fetal and adult hemoglobins are present in normal amounts.

No specific medication or treatment is required for individuals with alpha-thalassemia trait as they typically do not exhibit significant anemia or other complications. However, genetic counseling may be recommended to assess the risk of passing on the condition to offspring."
Zone of stimulation contains all except:,A,B,False,1.0,False,"The zone of stimulation in bone remodeling refers to the area surrounding an osteocyte that has been activated by mechanical stress or other stimuli, leading to increased production of signaling molecules such as RANKL (Receptor Activator of Nuclear Factor kappa B Ligand) and Sclerostin. This activation causes nearby osteoblasts to differentiate into osteoclasts, which then break down the bone matrix.

The given answer, B) Osteoclasts, is correct because osteoclasts are not part of the zone of stimulation itself but rather a downstream consequence of its signaling activity. The zone of stimulation primarily contains activated osteocytes and their surrounding cells (osteoblasts, lining cells, and mesenchymal stem cells), which respond to mechanical stress or other stimuli by producing growth factors and cytokines that regulate bone remodeling.

No specific medication or treatment is required for the zone of stimulation itself, as it is a normal physiological response to mechanical stress. However, if there are issues with bone remodeling (e.g., excessive resorption due to osteoporosis), medications such as bisphosphonates may be prescribed to inhibit osteoclast activity and promote bone formation.

In summary, the correct answer is B) O"
Minimum number of lobes require to form a tooth,A,C,False,0.5,True,"The question seems to be related to dental anatomy rather than medical diagnosis or treatment. However, I will provide an explanation based on dental anatomy.

A tooth consists of a crown (visible part) and root(s). The crown has four main structures: enamel, dentin, pulp, and cementum. Enamel is the hard outer layer; dentin forms the bulk of the tooth structure; pulp contains nerves and blood vessels; and cementum covers the root surface.

The roots can be single or multiple depending on the type of tooth (incisors, canines, premolars, or molars). Molars typically have three to four roots. The minimum number of lobes required to form a tooth is indeed three, as seen in the case of some premolars and most molars.

However, it's important to note that this information pertains to dental anatomy rather than medical diagnosis or treatment. No specific medication or treatment is required for this anatomical feature."
In the odontoblastic layer the following connections is/are found,C,B,False,1.0,False,"In the odontoblastic layer of teeth, gap junctions are found (option B). These specialized connections between adjacent cells allow for direct communication and exchange of ions, nutrients, and signaling molecules, which is essential for coordinated cellular activities such as dentinogenesis.

Gap junctions facilitate the synchronization of odontoblasts during dentin formation by enabling rapid transmission of calcium waves that trigger secretion of dentin matrix proteins. This ensures uniform deposition of dentin and maintains structural integrity of teeth.

No specific medication or treatment is required for gap junctions in the odontoblastic layer, as they are a normal anatomical feature essential for proper tooth development. However, if there's an issue with dentin formation or tooth structure, it may indicate underlying conditions such as dentinogenesis imperfecta or amelogenesis imperfecta, which would require appropriate medical management and dental care."
All are features of Neonatal Tetanus except –,B,C,False,1.0,False,"Neonatal tetanus typically does not occur within the first two days of life; it usually develops between the third to seventh day after birth. Therefore, option C (Usually occurs in 1st 2 days of life) is incorrect.

The correct answer would be A (Onset is gradual), B (Generalized muscle stiffness), and D (Difficulty feeding).

Neonatal tetanus is a severe form of tetanus that affects newborns, usually due to unhygienic delivery practices or umbilical cord care. The diagnosis is based on clinical presentation and supportive laboratory findings such as positive Clostridium tetani culture from the wound or neonate's stool.

Treatment for neonatal tetanus involves:

1. Wound care: Debridement of the umbilical stump, if necessary.
2. Muscle relaxants: To manage muscle stiffness and spasms (e.g., diazepam).
3. Antibiotics: Metronidazole or penicillin G benzathine to treat active infection.
4. Supportive care: Maintenance of adequate hydration, nutrition, and respiratory support as needed.

In severe cases, exchange transfusion may be considered to remove toxins from the circulation."
"In assessing infant deaths, Ploucquet's test involves:",B,A,False,0.67,True,"Ploucquet's test is a diagnostic tool used to assess infant deaths by determining whether the lungs have been inflated at birth. The test involves measuring the specific gravity (density) of the lungs. Normally, the specific gravity of an inflated lung is around 1.04-1.06 g/cm³, while that of a deflated lung is approximately 0.94-0.96 g/cm³.

If Ploucquet's test shows a change in specific gravity to a lower value (indicating deflation), it suggests that the infant did not receive adequate resuscitation at birth or had an underlying condition preventing proper inflation, such as congenital diaphragmatic hernia. This can be indicative of neonatal asphyxia or other conditions leading to infant death.

No specific medication is required for this test; rather, it serves as a diagnostic tool in post-mortem examinations. Treatment would depend on the underlying cause identified during the investigation and may involve supportive care or interventions aimed at addressing any congenital anomalies or complications that contributed to the infant's demise."
Scammon's growth curve. False is,B,B,True,0.67,True,"Scammon's growth curve describes the pattern of growth in various body systems during childhood and adolescence. It states that lymphoid tissues (such as tonsils and adenoids) grow rapidly until puberty, reaching approximately 200% of their adult size by age 13, then gradually regress.

The statement ""Lymphoid tissues — growth reaches 200% by age 13 and regresses afterwards"" is true according to Scammon's growth curve. Therefore, the answer marked as 'False' (option B) is incorrect.

No specific medication or treatment is required for this normal physiological process of lymphoid tissue growth and regression during childhood and adolescence. However, if there are concerns about enlarged tonsils or adenoids causing breathing difficulties or recurrent infections, surgical removal may be considered after consulting with a healthcare professional."
The transport of CO is diffusion limited because,A,A,True,1.0,False,"The selected answer is incorrect. The transport of carbon monoxide (CO) is diffusion-limited because it has a high affinity for hemoglobin (Hb), not because it binds avidly with Hb.

Carbon monoxide's high affinity for Hb leads to the formation of carboxyhemoglobin (COHb). This binding causes a leftward shift in the oxygen-hemoglobin dissociation curve, reducing the amount of oxygen available for delivery to tissues. As a result, CO transport is limited by diffusion due to its strong binding with Hb.

No specific medication or treatment is required for this condition as it is an inherent property of CO and hemoglobin interaction. However, in cases of carbon monoxide poisoning, administration of 100% oxygen can help displace CO from Hb and improve oxygen delivery to tissues."
Acetazolamide is given to a patient of angle closure glaucoma. It is a non-competitive inhibitor of carbonic anhydrase enzyme. Which of the following should be the effect of this drug?,A,B,False,0.5,True,"Acetazolamide is a carbonic anhydrase inhibitor used to treat angle-closure glaucoma by reducing aqueous humor production in the eye. As a non-competitive inhibitor of carbonic anhydrase enzyme, it does not change the Km (Michaelis constant) value for the substrate but instead reduces the Vmax (maximum reaction rate). This means that even at saturating substrate concentrations, the reaction rate is decreased due to the inhibition of the enzyme.

The correct answer is B) A.Decrease in Vmax. Acetazolamide decreases the maximum reaction rate of carbonic anhydrase, leading to a reduction in aqueous humor production and subsequent lowering of intraocular pressure in angle-closure glaucoma patients.

No specific medication or treatment is required for this diagnosis, as acetazolamide itself serves as both diagnostic and therapeutic intervention. However, if the patient does not respond adequately to acetazolamide or develops side effects, other medications such as beta-blockers (e.g., timolol) or prostaglandin analogs (e.g., latanoprost) may be considered in combination with surgical interventions like laser iridotomy if necessary."
All are true about rapid sequence induction done in a cardiac patient in emergency except:,C,D,False,0.67,True,"The correct answer is D) Induction should be done with thiopentone sodium and succinylcholine for muscle relaxation.

Explanation: Rapid sequence induction (RSI) in cardiac patients requires careful consideration of medications due to the potential risks associated with certain agents. Succinylcholine, a depolarizing neuromuscular blocker, can cause hyperkalemia and is generally avoided in cardiac patients, especially those with pre-existing arrhythmias or electrolyte imbalances.

Instead, RSI should be performed using non-depolarizing muscle relaxants like rocuronium or vecuronium for muscle relaxation. These agents are preferred because they do not increase potassium levels as much as succinylcholine does and provide more predictable onset and duration of action.

Thiopentone sodium remains a suitable choice for induction due to its rapid onset, short duration of action, and ability to reduce systemic vascular resistance, which can be beneficial in cardiac patients. However, other induction agents like propofol may also be considered depending on the patient's clinical status and preferences of the anesthesiologist.

In summary, RSI in cardiac patients should avoid succinylcholine due to its potential for hyperkalemia and"
"A 25-year-old lady presents with sudden severe bilateral loss of vision, more so on the right side, with no perception of light. Rest of the examination including pupillary reflexes, fundus and optokinetic nystagmus are normal. She was able to touch the tips of her fingers with her right eye closed but not with her left eye closed. The most like1 tgnosis is:",C,B,False,0.83,False,"The correct answer is A) Optic nerve compression.

Explanation:

This patient's presentation of sudden severe bilateral loss of vision, more pronounced on one side (right), with no perception of light suggests a compressive lesion affecting the optic nerves. The normal pupillary reflexes, fundus examination, and optokinetic nystagmus rule out other causes such as retinal or optic disc pathology.

The patient's ability to touch her fingers with her right eye closed but not with her left eye closed indicates that she has retained some visual function in the affected eye (right), which is consistent with a compressive lesion affecting one optic nerve more severely than the other. This finding also supports the diagnosis of optic nerve compression rather than anterior ischemic optic neuropathy, which typically presents with sudden painless vision loss and often affects both eyes equally.

Treatment for optic nerve compression depends on the underlying cause. If it is due to a tumor or vascular malformation, surgical intervention may be necessary. If it is caused by an inflammatory process such as sarcoidosis, corticosteroids may be used. In cases of benign growths like pituitary adenomas causing chiasmatic compression, medical therapy with dopamine agonists (e.g., caberg"
"A 60-year old male presents with painful, 141 oupet. vesicles over erythematous plaques in T3 dermatome region of trunk. Which of the following would be the most likely causative organism?",A,A,True,1.0,False,"The presentation described in the question - painful vesicles over erythematous plaques in a dermatomal distribution (T3 region of trunk) - strongly suggests herpes zoster, also known as shingles.

Herpes zoster is caused by reactivation of the varicella-zoster virus (VZV), which remains dormant in nerve ganglia after primary infection with chickenpox. The virus travels down the affected nerve and causes inflammation, leading to painful skin lesions that follow a dermatomal pattern.

The most likely causative organism in this case is indeed A) Varicella zoster.

Treatment for herpes zoster typically involves antiviral medications such as acyclovir or valacyclovir to reduce viral replication and alleviate symptoms. Pain management with analgesics like acetaminophen or opioids may also be necessary, depending on the severity of pain. Antihistamines can help relieve itching associated with the rash. In addition, keeping the affected area clean and dry is essential for preventing secondary bacterial infections.

Postherpetic neuralgia (PHN), a complication characterized by persistent pain after resolution of the rash, may occur in some patients. For PHN, treatment options include gabapentin or pregabalin"
"A patient is administered 200 mg of a drug. 75 mg of the drug is eliminated from the body in 90 minutes. If the drug follows first order kinetics, how much drug will remain after 6 hours?",B,A,False,0.67,True,"To determine the amount of drug remaining in the body after 6 hours, we need to calculate the elimination rate constant (k) first.

Given: 75 mg of the drug is eliminated from the body in 90 minutes.
Using the formula for first-order kinetics:
- log(Cf/Ci) = -kt
where Ci is the initial concentration (200 mg), Cf is the final concentration, k is the elimination rate constant, and t is time (90 minutes).

Rearranging to solve for k:
k = -1/t * log(Cf/Ci)
k ≈ 0.024/min

Now we can calculate the amount of drug remaining after 6 hours (360 minutes) using the formula:
Cf = Ci * e^(-kt)

Cf ≈ 200 mg * e^(-0.024*360)
Cf ≈ 12.5 mg

So, approximately 12.5 mg of the drug will remain in the body after 6 hours.

No specific medication or treatment is required for this calculation, as it's a theoretical exercise based on first-order kinetics. However, if you're referring to the patient who was administered 200 mg initially, monitoring and adjusting their dosage according"
The most common side effect of the oral administration of ampicillin is,A,B,False,1.0,False,"The correct answer is B) Diarrhea.

Ampicillin, a beta-lactam antibiotic, can cause gastrointestinal side effects due to its ability to alter the normal gut flora. The most common side effect of oral ampicillin administration is diarrhea, which occurs in up to 10% of patients. This is usually mild and self-limiting but may require treatment with anti-diarrheal medications such as loperamide if severe or persistent.

In rare cases, pseudomembranous colitis (Clostridioides difficile infection) can develop due to the disruption of normal gut flora by ampicillin. If this occurs, it is essential to discontinue ampicillin and initiate appropriate treatment with metronidazole or vancomycin, depending on local resistance patterns.

It's important to note that patients taking oral ampicillin should be advised to maintain good hygiene practices, such as washing hands frequently, especially after using the toilet. This can help prevent the spread of C. difficile infection within healthcare facilities and among close contacts."
Adverse effects of salbutamol are all except,B,C,False,1.0,False,"The correct answer is C) Hypoglycemia.

Salbutamol, a short-acting beta2-adrenergic receptor agonist (SABA), is primarily used for bronchospasm relief in asthma and chronic obstructive pulmonary disease (COPD). Adverse effects of salbutamol include tremors, palpitations, anxiety, muscle cramps, and hypokalemia due to potassium shift into cells. Hypoglycemia is not an adverse effect of salbutamol.

Hypoglycemia is a condition characterized by low blood glucose levels, typically associated with diabetes medications such as insulin or sulfonylureas. Salbutamol does not affect blood sugar levels directly and therefore would not cause hypoglycemia.

No specific medication or treatment is required for this answer, as it simply clarifies that hypoglycemia is not an adverse effect of salbutamol."
Most common extraradicular microorganism is/ are:,C,D,False,1.0,False,"The most common extraradicular microorganisms include Candida albicans, Aspergillus species, and Actinomyces israelii.

Candida albicans is a fungus that can cause infections in immunocompromised individuals or those with indwelling medical devices such as central venous catheters. It can lead to candidemia, which may result in septicemia and organ damage if not treated promptly.

Aspergillus species are also fungi that can infect immunocompromised patients or those with underlying lung disease. They can cause invasive aspergillosis, leading to pneumonia, sinusitis, or disseminated infection.

Actinomyces israelii is a bacterium that can form colonies resembling ""sulfur granules"" in infected tissues. It typically causes chronic infections such as cervicofacial actinomycosis, which may require surgical drainage and long-term antibiotic therapy.

The answer ""D) All of the above"" indicates that all three microorganisms (Candida albicans, Aspergillus species, and Actinomyces israelii) are common extraradicular pathogens. Treatment for these infections depends on the specific organism involved and the severity of infection. Ant"
Ludwig's angina is characterized by,A,C,False,1.0,False,"Ludwig's angina is a rare, life-threatening infection of the submandibular space in the neck. It is characterized by C) Trismus, which refers to painful limitation of mouth opening due to inflammation of the surrounding tissues.

The diagnosis/answer is based on clinical presentation and imaging studies such as CT scans or MRI. Treatment typically involves hospitalization for intravenous antibiotics and supportive care, including oxygen therapy, fluid management, and pain control. In severe cases, surgical drainage may be necessary. There are no specific medications required for Ludwig's angina; rather, the focus is on managing symptoms and preventing complications through appropriate antibiotic coverage and close monitoring of airway patency."
Least condensation pressure is required in:,A,C,False,0.67,True,"Least condensation pressure is required for admixed amalgam alloy with low copper content (option C). This is because these alloys have a more fluid consistency due to their lower copper content, which allows them to flow easily into the prepared cavity without requiring excessive force during condensation. Excessive condensation pressure can lead to internal voids and compromise the strength of the restoration.

No specific medication or treatment is required for this type of amalgam alloy; however, proper technique and adequate isolation are essential for successful placement."
Denominator in perinatal moality rate,A,B,False,1.0,False,"The denominator for the perinatal mortality rate (PNMR) is indeed ""total live births."" PNMR represents the number of stillbirths and deaths within seven days after birth per 1,000 total live births. This calculation helps assess the overall health outcomes for newborns during this critical period.

Total live births serve as the denominator because it provides a standardized basis for comparing perinatal mortality rates across different populations or time periods. By using live births instead of total births (which would include stillbirths), PNMR specifically focuses on neonatal survival and allows for meaningful comparisons between groups.

No specific medication or treatment is required to answer this question, as it pertains to epidemiological calculations rather than clinical management. However, understanding perinatal mortality rates can inform healthcare policies and interventions aimed at improving maternal and newborn health outcomes."
A child spends 8 years of life in a temperate climate where the drinking water had fluoride of 3 ppm. The teeth that are effected are:,A,C,False,0.83,False,"The correct answer is indeed C) Incisors, canines, premolars, and third molars.

This child has developed dental fluorosis due to excessive fluoride intake through drinking water with a high concentration of 3 ppm (parts per million). Dental fluorosis is a condition characterized by white or brown discoloration of the teeth as well as enamel hypoplasia (defective tooth formation).

The affected teeth are primarily those that have not yet fully erupted at the time of excessive fluoride exposure, which includes incisors, canines, premolars, and third molars. These teeth are still developing during childhood, making them more susceptible to fluorosis.

There is no specific medication required for dental fluorosis. Instead, treatment focuses on cosmetic improvement through professional tooth whitening or veneers. It's essential to address the underlying issue by switching to a lower-fluoride water source and ensuring good oral hygiene practices. Additionally, regular dental check-ups can help monitor any progression of the condition.

In severe cases where enamel hypoplasia is present, restorative treatments such as fillings or crowns may be necessary to protect the teeth from further damage. However, these interventions are not considered a primary treatment for fluorosis itself but rather"
The ideal instrument that is used to widen the canal is,A,D,False,0.83,False,"The ideal instrument used to widen the canal is a reamer (D). A reamer is specifically designed for enlarging and shaping root canals during endodontic therapy. It has multiple cutting surfaces that allow for efficient removal of dentin, enabling the dentist to create a smooth, tapered shape conducive to proper cleaning and disinfection.

No specific medication or treatment is required for this instrument; however, it's important to note that reamers should be used under sterile conditions and with appropriate hand instrumentation techniques to avoid any damage to surrounding tissues."
"According to instrument formula given by G.V. Black, primary cutting edge angle should be:",A,C,False,1.0,False,"According to G.V. Black's instrument formula, the primary cutting edge angle of a dental hand instrument should be less than 50 degrees. This design feature allows for efficient removal of tooth structure while minimizing the risk of enamel fracture or other damage to surrounding tissues.

The answer C) Less than 50 degree is correct because this angle enables the instrument to effectively engage with the tooth surface without applying excessive pressure, which could lead to unwanted consequences such as enamel chipping or root damage. The specific medication or treatment required in this context would be proper dental hygiene and preventive care to maintain oral health.

It's important to note that while the primary cutting edge angle is a crucial factor in instrument design, other factors like blade width, curvature, and handle ergonomics also contribute to optimal performance and patient safety."
Which of the following is not true for incubation period?,A,D,False,1.0,False,"The given statement ""To differentiate among secondary cases and co-primary cases"" is not true for incubation period.

Incubation period refers to the time between exposure to an infectious agent (such as a virus or bacteria) and the appearance of symptoms. It varies depending on factors like the type of pathogen, host immunity, and environmental conditions. The main purpose of understanding incubation periods is to estimate when infected individuals will become contagious and to inform quarantine policies.

The statement provided seems to be discussing case classification (secondary vs co-primary), which falls outside the scope of incubation period. Secondary cases occur after contact with an already-infected individual, while co-primary cases refer to simultaneous infections from multiple sources. These concepts are important for epidemiological investigations but not directly related to incubation periods.

No specific medication or treatment is required for this answer as it's a conceptual clarification rather than a medical diagnosis or intervention."
Treatment of ANUG utilizes all except:,C,D,False,1.0,False,"The correct answer is D) Topical steroid.

Treatment of Acute Necrotizing Ulcerative Gingivitis (ANUG) typically involves a combination of local debridement, systemic antibiotics, and pain management. Topical steroids are not recommended for ANUG because they can suppress the immune response and exacerbate the infection by reducing inflammation, which is necessary to fight off the bacterial pathogens causing the condition.

Instead, treatment may include:

1. Local debridement: Removing necrotic tissue from the affected area.
2. Systemic antibiotics: Administering broad-spectrum antibiotics such as amoxicillin-clavulanate or clindamycin to combat the infection.
3. Pain management: Providing analgesics like ibuprofen or acetaminophen for pain relief.
4. Good oral hygiene practices: Encouraging patients to maintain proper oral care, including regular brushing and flossing.

It is important to note that ANUG often requires close follow-up with a dental professional due to the risk of recurrence and potential complications such as abscess formation or spread of infection to other areas of the mouth."
Median rhomboid glossitis is associated with:,C,B,False,1.0,False,"Median rhomboid glossitis (MRG) is a benign condition characterized by an oval-shaped lesion on the dorsal surface of the tongue, typically in the midline. It is associated with fungal infection, specifically Candida albicans.

The diagnosis of MRG is based on clinical examination and may be confirmed by biopsy if necessary. Treatment involves antifungal medications such as fluconazole or itraconazole for 2-4 weeks to eradicate the underlying Candida infection. In addition, maintaining good oral hygiene practices, including regular brushing and flossing, can help prevent recurrence.

It is essential to note that MRG does not pose any significant health risks, but it may cause discomfort or aesthetic concerns for some patients."
A young male present with loose motions and intermittent abdominal pain over the past 1 year. Wet mount stool specimen showed the presence of multiple ova which are more than 100u in diameter. The causative organisms for the disease shall not include?,C,D,False,1.0,False,"The given information indicates that the patient has a parasitic infection with large ova (>100μm in diameter) detected in the stool specimen. Among the options provided (A) Fasciola hepatica, B) Clonorchis sinensis, C) Paragonimus westermani, and D) Opisthorchis viverrini, only Opisthorchis viverrini has ova smaller than 100μm in diameter.

Opisthorchis viverrini is a liver fluke that causes opisthorchiasis. Its eggs are approximately 12-16 μm by 30-40 μm in size. The presence of large ova (>100μm) rules out Opisthorchis viverrini as the causative organism.

The other options, Fasciola hepatica (liver fluke), Clonorchis sinensis (liver and bile duct fluke), and Paragonimus westermani (lung fluke), all have ova larger than 100μm in diameter. Therefore, these parasites are more likely to be the causative agents of this patient's symptoms.

Treatment for parasitic infections typically involves antiparasitic medications such as pr"
"Concentric teeth bite mark on forearm, what to do next?",B,D,False,0.5,True,"The given scenario describes a concentric teeth bite mark on the forearm, which suggests an injury resulting from human bites. The selected answer, ""Prepare cast using vinyl polysiloxane,"" refers to the process of creating an impression of the wound for documentation and potential forensic analysis.

In this case, preparing a cast with vinyl polysiloxane is essential for preserving evidence and aiding in identification if necessary. It does not directly address treatment or medication requirements. The primary concern would be wound care, including cleaning, debridement (if necessary), and appropriate antibiotic prophylaxis to prevent infection. Pain management may also be required.

It's important to note that human bites can carry a higher risk of infection due to the presence of saliva-borne bacteria. Therefore, it is crucial to consult with a healthcare professional for proper wound care and potential antibiotic therapy."
A patient believes he is the most impoant person in the world than anyone so his neighbors and family is trying to harm him as they are jealous of him. His wife says otherwise and says he behaves like this recently only before he was working as a school-teacher peacefully and brought to OPD. He is suffering from:,C,C,True,1.0,False,"The selected answer is indeed C) Delusion of grandiosity and persecution.

Delusion of grandiosity refers to an individual's belief that they possess exceptional abilities, importance, or power beyond what is objectively true. In this case, the patient believes he is the most important person in the world. Persecution delusions involve a belief that others are plotting against them due to jealousy. Here, his neighbors and family are perceived as trying to harm him.

This diagnosis can be explained by considering the patient's recent change in behavior after working as a school teacher peacefully. The sudden onset of grandiose and persecutory beliefs suggests an acute psychotic episode rather than a chronic personality disorder or mood disorder.

Treatment for delusions typically involves antipsychotic medications, such as risperidone or olanzapine, to manage symptoms of psychosis. In addition, psychotherapy can be helpful in addressing underlying issues and improving coping strategies. It is essential to involve the patient's wife in treatment planning and support sessions to ensure a comprehensive approach.

However, it should be noted that this diagnosis might not be definitive without further clinical evaluation and assessment by a qualified mental health professional."
Measuring variation between two different units is done through,B,C,False,1.0,False,"The correct answer is indeed C) Coefficient of variation.

The coefficient of variation (CV) is a statistical measure used to quantify the relative variability or dispersion in a dataset expressed as a proportion of its mean value. It allows for comparing the spread of two different units, such as measurements from distinct populations or experimental conditions, by normalizing the standard deviation by the mean. This makes it possible to compare datasets with varying scales.

For example, if we have two groups with different means but similar standard deviations, the CV will be lower in the group with a higher mean due to the normalization effect. Conversely, if both groups have similar means but one has a larger standard deviation, the CV will be higher for that group.

In terms of diagnosis or treatment, the coefficient of variation is not directly used as an indicator for any specific medication or intervention. However, it can serve as a valuable tool in research and clinical trials to evaluate the consistency and reliability of results across different populations or conditions."
Which of the following diseases is diagnosed with the help of the flowcytometry pattern?,B,C,False,1.0,False,"Flow cytometry is a laboratory technique used to analyze the characteristics of cells, including their surface markers and DNA content. In the context of immunodeficiency disorders, flow cytometry can help identify abnormalities in immune cell populations.

Hyper IgM syndrome (HIGM) is an X-linked recessive disorder characterized by normal or elevated levels of immunoglobulin M (IgM), but low or absent levels of other immunoglobulins (IgG, IgA). This results in recurrent infections due to impaired antibody switching and class switch recombination.

Flow cytometry can diagnose HIGM syndrome by identifying a lack of CD4+ T cells and the presence of activated B cells expressing CD38 and CD138. These findings indicate an inability to undergo isotype switching from IgM to other immunoglobulin classes, leading to the characteristic clinical presentation.

Treatment for HIGM syndrome typically involves immunoglobulin replacement therapy (IVIG or SCIG) to provide protective antibodies against infections. In addition, prophylactic antibiotics may be prescribed to prevent recurrent infections. Gene therapy and hematopoietic stem cell transplantation are being investigated as potential curative treatments for this condition."
Best indicator of developing cardiovascular disease is,B,C,False,1.0,False,"The best indicator of developing cardiovascular disease (CVD) is indeed the LDL/HDL ratio (option C). This ratio represents the balance between ""bad"" low-density lipoprotein (LDL) cholesterol and ""good"" high-density lipoprotein (HDL) cholesterol in the blood.

A higher LDL/HDL ratio indicates an increased risk of atherosclerosis, which can lead to coronary artery disease, stroke, and peripheral artery disease. This is because LDL cholesterol tends to accumulate in arterial walls, causing plaque buildup and narrowing of arteries, while HDL cholesterol helps remove excess cholesterol from these areas, promoting reverse cholesterol transport.

A ratio above 3.5 is generally considered high risk for CVD development. Lifestyle modifications such as a heart-healthy diet, regular exercise, weight management, and smoking cessation are essential in managing dyslipidemia and reducing the risk of cardiovascular events. In some cases, pharmacological interventions like statins may be necessary to lower LDL cholesterol levels further.

It is important to note that while the LDL/HDL ratio is an important indicator for CVD risk, it should not be considered as the sole determinant for diagnosis or treatment decisions. Other factors such as total cholesterol, triglycerides, blood pressure, and"
Pulp proper contains,C,D,False,1.0,False,"Pulp proper refers to the soft tissue within a tooth that consists of dentin, pulp cells, blood vessels, nerves, and connective tissue. It provides sensation and nourishment to the tooth.

The correct answer is D) All of the above because pulp proper contains:

A) Dentin: The main component of teeth, providing structure and support.
B) Pulp cells (odontoblasts): Responsible for dentin formation and maintenance.
C) Blood vessels: Supply oxygen and nutrients to the tooth.
D) Nerves: Provide sensation and proprioception (position awareness).

No specific medication or treatment is required as pulp proper is a normal anatomical structure. However, if there's an injury or infection affecting the pulp, appropriate dental care such as root canal therapy may be necessary."
"Which of the following is used as a bio-degradable membrane in ""guided tissue regeneration"" process?",A,A,True,1.0,False,"The correct answer is A) Polylactic acid.

Polylactic acid (PLA) is a biodegradable polymer used as a membrane in guided tissue regeneration (GTR). GTR is a surgical procedure that aims to regenerate lost periodontal tissues, such as bone and soft tissue, by guiding the healing process through the use of barriers or membranes. PLA-based membranes are resorbable and provide a scaffold for cell migration and differentiation during the regenerative process.

No specific medication or treatment is required beyond standard postoperative care following GTR with PLA membrane placement. However, patients should be advised to maintain good oral hygiene practices and attend regular follow-up appointments with their dentist or periodontist to monitor healing and remove any remaining membrane fragments if necessary."
Pulmonary-renal syndromes include-,C,D,False,1.0,False,"Pulmonary-renal syndromes refer to a group of rare disorders characterized by simultaneous involvement of both pulmonary (lung) and renal (kidney) systems. The answer ""D) All"" indicates that this question encompasses multiple conditions within this category.

1. Goodpasture's syndrome: An autoimmune disease where antibodies attack the basement membrane in both lungs and kidneys, leading to hemorrhage in the lungs and glomerulonephritis.
2. Lupus nephritis with pulmonary involvement: In systemic lupus erythematosus (SLE), immune complexes deposit in kidney glomeruli causing inflammation and damage, while lung involvement can manifest as interstitial pneumonitis or pleuritis.
3. Wegener's granulomatosis (now known as granulomatosis with polyangiitis): A vasculitis that affects small to medium-sized blood vessels in both lungs and kidneys, leading to nodular lesions in the lungs and rapidly progressive glomerulonephritis.

Treatment for pulmonary-renal syndromes depends on the specific underlying condition. In general, immunosuppressive medications such as corticosteroids, cyclophosphamide, or azathioprine are used to suppress the immune response and prevent further"
Bone sounding done in modern times is performed by which method?,B,A,False,1.0,False,"Bone sounding, also known as bone conduction testing, is a diagnostic procedure used to assess hearing loss in individuals. In modern times, it is performed using Radiographic Vibration Graph (RVG) technology.

RVG technology uses X-ray sensors to measure the vibrations of the skull and surrounding tissues when sound waves are transmitted through them. This allows for accurate assessment of bone conduction, which can help identify conductive hearing loss or other conditions affecting middle ear function.

The selected answer is A) RVG because it represents a modern method for performing bone sounding tests with high accuracy and precision. No specific medication or treatment is required as part of this diagnostic procedure; rather, the results are used to guide further evaluation and management by an audiologist or otolaryngologist (ENT specialist)."
Oil red '0' stain is used for:,C,D,False,1.0,False,"Oil Red O stain is used to detect lipids in frozen sections of tissue samples. This staining technique helps identify lipid-rich structures such as adipocytes (fat cells), lipid droplets within cells, and other lipid-containing organelles.

The selected answer, D) Frozen specimen, is correct because Oil Red O stain works best on frozen tissue sections due to the improved penetration of the lipid-soluble dye. This allows for better visualization of lipids in comparison to paraffin-embedded tissues.

No specific medication or treatment is required as a result of using Oil Red O staining; it's an essential histological technique used in pathology laboratories for diagnostic purposes only."
Jaw or tooth apart swallow is:,A,A,True,1.0,False,"The selected answer is indeed ""A) Infantile swallow."" 

An infantile swallow refers to a developmental stage in infants where they have difficulty coordinating their oral and pharyngeal phases of swallowing due to immature neuromuscular control. This results in the jaw or tooth apart swallow, also known as the ""tongue-thrust reflex"" or ""infantile swallow pattern."" 

In this pattern, infants push food out of their mouths with their tongues instead of swallowing normally. As they grow and develop, this pattern typically resolves by around 12 to 18 months of age.

No specific medication is required for an infantile swallow. Instead, treatment focuses on teaching the child proper oral motor skills through techniques such as sucking exercises, tongue strengthening activities, and feeding therapy with a speech-language pathologist (SLP). The SLP can also provide guidance to parents or caregivers on how to support their child's development during meals.

In some cases where an infantile swallow persists beyond 18 months or is associated with other feeding difficulties, further evaluation by an otolaryngologist (ENT) or a pediatric gastroenterologist may be necessary."
A female with suspected child abuse was brought to the casualty with severe bleeding from the perineum. What should be the first line of management?,A,A,True,1.0,False,"The correct answer is not ""A) Airway maintenance."" The first line of management for a female with suspected child abuse presenting with severe bleeding from the perineum would be to ensure hemodynamic stability and control the bleeding.

In this case, airway maintenance (option A) is not the primary concern as there are no indications of respiratory distress or compromised airway. Instead, the priority should be on stabilizing the patient's vital signs and addressing the source of bleeding.

The first line management would involve:

1. Assessing and stabilizing the patient's airway, breathing, and circulation (ABCs) to ensure hemodynamic stability.
2. Identifying and controlling the source of bleeding, which may require surgical intervention or application of pressure to the perineum.
3. Administering appropriate analgesia for pain management, as needed.

It is essential to note that suspected child abuse should be reported to local authorities immediately after providing medical care."
Classify the class of recession:,B,A,False,1.0,False,"As an AI language model, I cannot directly observe or diagnose a patient's condition. However, based on the information provided, it seems that you are referring to the classification of gingival recession.

Gingival recession can be classified into three classes according to the Miller's classification system:

Class 1: Gingival recession with normal underlying bone level
Class 2: Gingival recession with a shallow defect in the underlying bone (less than 3 mm)
Class 3: Gingival recession with a deep defect in the underlying bone (more than 3 mm)

Given that you have selected ""A) Class 1,"" this indicates that there is gingival recession present, but the underlying bone level remains normal. In such cases, no specific medication or treatment may be required unless there are additional symptoms like sensitivity or aesthetic concerns.

However, it's important to note that regular dental check-ups and good oral hygiene practices can help prevent further progression of gingival recession. If you have any concerns about your teeth or gums, please consult a dentist for personalized advice."
Method of choice for a New born child not passing urine for 36 hours :,A,A,True,1.0,False,"The method of choice for a newborn child not passing urine for 36 hours is an ultrasound of the kidney and bladder (A). This diagnostic test helps identify potential anatomical abnormalities, such as renal agenesis, ureteropelvic junction obstruction, or posterior urethral valves, which can cause urinary retention in neonates.

If any specific medication or treatment is required depends on the underlying diagnosis identified by ultrasound. For example:

1. Renal agenesis: No specific medical treatment is necessary since the child will not have functioning kidneys.
2. Ureteropelvic junction obstruction: Surgical intervention may be needed to relieve the obstruction and restore normal urinary flow.
3. Posterior urethral valves: Surgical correction of the valve anomaly is essential for preventing long-term complications such as chronic kidney disease, vesicoureteral reflux, or bladder dysfunction.

In any case, it's crucial to monitor the child closely for signs of infection (urinary tract infections) and manage them promptly if they occur."
Bacteria free zone of dentinal caries is,C,B,False,1.0,False,"The correct answer is B) Zone of bacterial invasion.

Explanation:
Dentinal caries refers to tooth decay that affects the dentin layer beneath the enamel. The bacteria-free zone in dentinal caries is located at the outer edge of the lesion, adjacent to the intact enamel. This area represents a transition zone where bacteria are not yet able to penetrate due to the protective barrier provided by the enamel.

The zone of bacterial invasion (option B) lies deeper within the dentin and is characterized by the presence of acid-producing bacteria such as Streptococcus mutans and Lactobacillus. These bacteria contribute to the demineralization process, leading to tooth decay.

No specific medication or treatment is required for this area, as it represents a natural barrier against bacterial invasion. However, regular dental cleanings and preventive measures like fluoride application can help maintain enamel health and prevent further progression of caries. If caries has advanced beyond this zone, restorative treatments such as fillings or crowns may be necessary to preserve the tooth structure."
Which is not a type of Gracey curvettes?,C,D,False,1.0,False,"Gracey curettes are a set of specialized surgical instruments used for scraping and removing tissue from the walls of dental cavities during endodontic procedures.

The Gracey curette series consists of numbers 1 through 4, each with a slightly different curvature and blade angle designed to suit specific cavity shapes. There is no #5-16 in this series.

Therefore, option D) # 5-16 is not a type of Gracey curette. No medication or treatment is required for this answer as it's simply an identification error."
Which ion of hydroxyapatite crystals is substituted by Fluoride imparts more strength?,A,A,True,1.0,False,"Fluoride substitution in hydroxyapatite crystals of tooth enamel imparts more strength due to its ability to form fluorapatite (Ca5(PO4)3F). This substitution results in a more stable crystal structure, which enhances the mechanical properties of enamel, including hardness and resistance to acid dissolution.

The selected answer is correct because fluoride ions replace hydroxyl ions in the apatite lattice. The replacement of hydroxyl ions by fluorine ions strengthens tooth enamel by increasing its mineral content and improving its structural integrity. This effect is particularly important for preventing dental caries (tooth decay) and promoting oral health.

No specific medication or treatment is required for this condition, as it is a natural process that occurs in healthy teeth. However, fluoride supplements may be recommended for individuals at high risk of tooth decay to enhance the remineralization process and strengthen their enamel. Regular dental check-ups and good oral hygiene practices are essential for maintaining optimal oral health."
Cleaning of base metal alloy is done by,C,D,False,0.67,True,"The correct answer is indeed D) Sand blasting with aluminum oxide for cleaning base metal alloys.

Base metal alloys are commonly used in dental restorations due to their affordability and ease of manipulation. However, they tend to form a thin layer of tarnish on the surface over time, which can lead to corrosion and affect the restoration's longevity. To maintain the integrity of these alloys, it is essential to clean them regularly.

Sand blasting with aluminum oxide is an effective method for cleaning base metal alloys because it removes tarnish and other contaminants from the surface without damaging the alloy itself. The process involves directing a stream of abrasive particles (in this case, aluminum oxide) at high pressure onto the alloy's surface, which dislodges any impurities present.

No specific medication or treatment is required following sand blasting with aluminum oxide for cleaning base metal alloys. However, it is essential to ensure that the restoration remains well-maintained and regularly inspected by a dental professional to prevent any potential complications."
Estimation of the blood sugar is relevant in all except –,B,D,False,1.0,False,"Rh incompatibility refers to a condition where an individual's immune system reacts against the red blood cells of another person due to differences in their Rhesus (Rh) antigens. This can lead to complications during pregnancy and childbirth for Rh-negative mothers carrying Rh-positive fetuses.

Estimation of blood sugar is not relevant in this context because Rh incompatibility does not directly affect glucose metabolism or diabetes management. Blood sugar estimation is crucial for individuals with diabetes, as it helps monitor their condition and adjust insulin doses accordingly. In contrast, Rh incompatibility requires specific attention during pregnancy to prevent complications such as hemolytic disease of the newborn (HDN) through proper prenatal care and administration of Rh immune globulin.

No specific medication or treatment is required solely for estimating blood sugar levels in individuals with Rh incompatibility. However, appropriate management of diabetes should be continued if an individual has both conditions."
All are true about isolated aoic stenoses except:,A,A,True,0.67,True,"A) Pulsus bisferiens is not a characteristic of isolated aortic stenosis.

Isolated aortic stenosis refers to narrowing of the aortic valve without significant involvement of the left ventricle or mitral valve. The classic physical examination finding in this condition is a systolic ejection murmur, typically heard at the right upper sternal border or aortic area. Pulsus bisferiens, characterized by two peaks during systole, is more commonly associated with conditions such as hypertrophic obstructive cardiomyopathy (HOCM) rather than isolated aortic stenosis.

Treatment for isolated aortic stenosis depends on the severity of the stenosis and symptoms. Mild cases may not require immediate intervention but should be monitored regularly. Moderate to severe stenosis or symptomatic patients may benefit from surgical aortic valve replacement (SAVR) or transcatheter aortic valve implantation (TAVI), depending on patient-specific factors such as age, comorbidities, and life expectancy.

In summary, pulsus bisferiens is not characteristic of isolated aortic stenosis. The diagnosis is based on echocardiographic findings showing significant aortic valve narrowing without left vent"
"Which of the following is the most common site for the
occurrence of a basal cell carcinoma?",B,C,False,1.0,False,"The correct answer is C) Skin of the lower lip.

Basal cell carcinoma (BCC) is the most common type of skin cancer, accounting for approximately 80% of all non-melanoma skin cancers. It typically arises from the basal layer of the epidermis and can appear as a shiny nodule or ulcer with rolled borders. The lower lip is the most common site for BCC occurrence, followed by the nose, forehead, cheeks, and ears.

The diagnosis of BCC usually involves a biopsy to confirm the presence of tumor cells. Treatment options include surgical excision, Mohs micrographic surgery (which allows for precise removal while preserving surrounding tissue), radiation therapy, or cryotherapy in some cases. Topical imiquimod cream may be used as an adjuvant treatment for superficial BCC.

No specific medication is required for prevention, but sun protection measures such as wearing protective clothing and applying sunscreen with a Sun Protection Factor (SPF) of at least 30 are essential to reduce the risk of developing skin cancer. Regular self-examination and dermatological check-ups can help detect early signs of BCC and other skin cancers."
Who was associated with second amalgam war?,C,A,False,1.0,False,"G.V. Black is associated with the ""Second Amalgam War"" due to his influential role in promoting amalgam as a restorative material for dental fillings. He was an American dentist who advocated for the use of amalgam despite concerns about its toxicity, leading to increased acceptance and widespread adoption.

The term ""Amalgam War"" refers to the controversy surrounding the safety and efficacy of amalgam fillings, which began in the late 19th century and continued into the early 20th century. Black's advocacy for amalgam played a significant role in shifting public opinion and ultimately leading to its acceptance as a standard dental material.

No specific medication or treatment is required for this answer, as it pertains to historical events and figures rather than clinical diagnosis or management."
Reticular fibers of collagen tissues are present in all of the following except:,A,C,False,1.0,False,"Reticular fibers are a type of collagen fiber found primarily in connective tissue, particularly in reticular connective tissue. They provide structural support to organs such as the spleen, liver, and lymph nodes.

The given answer, C) Bone marrow, is correct because bone marrow does not contain significant amounts of reticular fibers. Instead, it consists mainly of hematopoietic cells (stem cells, progenitor cells, and mature blood cells) supported by a network of sinusoids and adipocytes. Reticular fibers are more characteristic of the stroma surrounding organs like the spleen or lymph nodes.

No specific medication or treatment is required for this answer as it is based on anatomical differences between tissues rather than any pathological condition."
Which of the following muscle is not supplied by the nerve marked in the diagram?,A,B,False,0.83,False,"In the given diagram, the nerve marked appears to be the oculomotor nerve (cranial nerve III). The oculomotor nerve supplies all extraocular muscles except for the lateral rectus muscle and the superior oblique muscle.

The selected answer, B) Medial rectus, is not correct because it is supplied by the oculomotor nerve. Instead, the correct answer should be A) Lateral rectus or C) Superior oblique, as these two muscles are not innervated by the oculomotor nerve.

Lateral rectus is supplied by the abducens nerve (cranial nerve VI), while superior oblique is supplied by the trochlear nerve (cranial nerve IV).

No specific medication or treatment is required for this question. However, if there were a neurological disorder affecting one of these muscles, appropriate management would depend on the underlying cause and symptoms presented by the patient."
Which is a direct content of cavernous sinus?,B,A,False,1.0,False,"The correct answer is indeed A) Ophthalmic division of trigeminal nerve.

Explanation:
The cavernous sinus is a dural venous sinus located in the cranial cavity, situated lateral to the pituitary gland and containing several important neurovascular structures. Among these, the ophthalmic division (V1) of the trigeminal nerve passes through it. The ophthalmic division is responsible for transmitting sensory information from the eye, forehead, and upper eyelid.

No specific medication or treatment is required solely based on this anatomical fact. However, if there's an issue with the cavernous sinus, such as a thrombosis (blood clot) or tumor, appropriate medical management would be necessary depending on the underlying cause and severity of symptoms. This could include anticoagulation therapy for thrombosis or surgical intervention for tumors.

In summary, the ophthalmic division of the trigeminal nerve is a direct content of the cavernous sinus due to its anatomical location within this dural venous structure."
"In Mount and Hume classification, what will be the site size of the following lesion?",B,B,True,0.5,True,"In Mount and Hume classification, a lesion with a site size of 2.2 corresponds to grade II melanocytic nevus (moles). This classification system categorizes moles based on their size and features.

Grade I: <1 mm in diameter, uniform pigmentation
Grade II: 1-4 mm in diameter, irregular pigmentation or asymmetry
Grade III: >4 mm in diameter, irregular pigmentation, asymmetry, or other atypical features

A grade II lesion (2.2 cm) is considered a common acquired melanocytic nevus and carries a low risk of malignant transformation. No specific medication is required for this type of mole; however, regular dermatological check-ups are recommended to monitor any changes in the lesion over time.

If there are any signs of malignancy or suspicious features, such as bleeding, ulceration, or rapid growth, further evaluation by a dermatologist may be necessary, and biopsy might be indicated."
Keeping in Jack-knife position for long leads to death by:,B,C,False,1.0,False,"Positional asphyxia (C) occurs when an individual's body position restricts airflow into the lungs due to compression of the chest wall or diaphragm against a firm surface. In the case of keeping the Jack-knife position for too long, the individual's face may be pressed against a hard surface, impeding breathing and leading to inadequate oxygenation of vital organs.

There is no specific medication required for positional asphyxia; however, immediate first aid involves repositioning the person into a supine or lateral decubitus position to restore adequate airflow. If unconsciousness ensues, cardiopulmonary resuscitation (CPR) should be initiated until medical help arrives."
Extraction of 3rd molar tooth bud in 7-9 yr old child:,C,D,False,1.0,False,"Answer: D) Results in less crowding

Explanation: Early extraction of impacted third molar tooth buds (wisdom teeth) in children aged 7-9 years can lead to less crowding in the dental arches as it allows for proper eruption and alignment of other teeth. This is because the developing roots of the third molars can exert pressure on adjacent teeth, causing them to become crowded or rotated.

No specific medication is required for this procedure; however, local anesthesia may be used to ensure comfort during surgery. Post-operative care typically involves pain management with over-the-counter analgesics and maintaining good oral hygiene practices. Regular dental check-ups are essential to monitor the eruption of other teeth and ensure proper alignment."
Which of the following statements is false in relation to myofacial pain dysfunction syndrome?,C,D,False,1.0,False,"D) The perioral musculature becomes hypotonic is false in relation to myofascial pain dysfunction syndrome.

Myofascial pain dysfunction syndrome (MPDS) involves hypertonia (increased muscle tone) rather than hypotonia (decreased muscle tone) of the perioral muscles. This condition is characterized by localized or regional pain and stiffness due to overactive, contracted muscles in the face, jaw, and neck.

Treatment for MPDS typically includes self-care measures such as relaxation techniques, massage therapy, and physical therapy exercises aimed at reducing muscle tension. In some cases, medications like muscle relaxants or analgesics may be prescribed by a healthcare provider. However, it is essential to consult with a medical professional for an accurate diagnosis and appropriate treatment plan."
Which of the following features is not seen in Crouzon syndrome?,A,B,False,1.0,False,"Crouzon syndrome is a rare genetic disorder characterized by craniosynostosis (premature fusion of skull bones), facial abnormalities, and intellectual disability. The given answer, B) Syndactyly, refers to the congenital fusion of fingers or toes. This feature is not typically seen in Crouzon syndrome.

Crouzon syndrome primarily affects the craniofacial region, with features such as brachycephaly (short, broad skull), hypertelorism (widely spaced eyes), and a prominent forehead. Syndactyly, on the other hand, is more commonly associated with conditions like Apert syndrome or Poland syndrome.

Treatment for Crouzon syndrome usually involves surgical interventions to correct craniosynostosis and facial deformities. In some cases, orthodontic treatment may be necessary due to dental abnormalities. There is no specific medication required for this condition; however, ongoing monitoring and support are essential for managing associated complications like hydrocephalus or intellectual disability.

In conclusion, syndactyly is not a typical feature of Crouzon syndrome, making it the correct answer among the given options."
The best finish line for anterior metal ceramic crown is,C,D,False,1.0,False,"The best finish line for an anterior metal-ceramic crown is indeed option D, ""Shoulder with bevel."" This design allows for optimal aesthetics while providing sufficient retention for the crown.

A shoulder finish line with a bevel ensures that the margin of the crown sits slightly above the gingival level, creating a natural-looking emergence profile. The bevel also helps to deflect the stress concentration at the margin, reducing the risk of fracture or debonding over time. This design is particularly important in anterior teeth, where aesthetics are crucial and the crown will be subjected to significant occlusal forces.

No specific medication or treatment is required for this finish line selection; however, proper oral hygiene practices should be emphasized to maintain periodontal health around the restoration. Regular dental check-ups and cleanings can help prevent any potential complications related to the crown or surrounding tissues."
"Kamlesh, a 2 year old girl, has Down's syndrome. Her karyotype is 21/21 translocation. What is the risk ofrecurrence in subsequent pregnancies if the father is a balanced translocation carrier :",A,C,False,0.67,True,"The correct answer is C) 25%.

Kamlesh's karyotype indicates that she has Down's syndrome due to a Robertsonian translocation involving chromosomes 21 (21/21). Since her father is a balanced translocation carrier, there is a 25% chance of recurrence in subsequent pregnancies. This is because each parent contributes one chromosome 21 with the translocation, and the child inherits both abnormal chromosomes, resulting in trisomy 21.

There is no specific medication or treatment required for this genetic condition. However, early intervention and support are crucial to manage associated developmental delays and medical issues. Regular pediatric check-ups, speech therapy, occupational therapy, and special education programs can help maximize Kamlesh's potential and improve her quality of life."
Which of the following are the predominant connective tissue cells of the periodontal Ligament?,A,B,False,1.0,False,"The correct answer is indeed B) Fibroblasts.

Fibroblasts are the predominant connective tissue cells of the periodontal ligament (PDL). They play a crucial role in maintaining the integrity of the PDL by producing collagen, which provides structural support to the tooth and surrounding bone. Additionally, fibroblasts contribute to the remodeling process of the PDL through their ability to synthesize and degrade extracellular matrix components.

No specific medication or treatment is required for fibroblasts as they are a normal component of healthy periodontal tissues. However, in cases of periodontal disease where inflammation and tissue destruction occur, fibroblast function may be impaired. In such instances, non-surgical scaling and root planing, along with surgical interventions if necessary, can help restore the health of the PDL by removing plaque biofilm and promoting healing.

It is important to note that while fibroblasts are the predominant cell type in healthy PDL, other cells like osteoblasts, cementocytes, and immune cells also contribute to periodontal tissue homeostasis."
Which of the following is characterized by Apple Jelly Nodules?,A,B,False,1.0,False,"Lupus vulgaris is a chronic form of cutaneous tuberculosis (TB), caused by Mycobacterium tuberculosis. It is characterized by Apple Jelly Nodules due to the presence of granulomas filled with caseous necrosis, which gives them a soft and friable texture resembling apple jelly.

Treatment for lupus vulgaris typically involves anti-tuberculosis medications such as rifampicin, isoniazid, ethambutol, and pyrazinamide. In addition to antibiotics, surgical excision of the nodules may be necessary in some cases. It's important to note that treatment should be guided by a healthcare professional after confirming the diagnosis through biopsy or other diagnostic methods.

The other options provided are not characterized by Apple Jelly Nodules:

A) Sarcoidosis: This is an inflammatory disease with non-caseating granulomas, which do not have the same appearance as Apple Jelly Nodules.
C) Leprosy: Also known as Hansen's disease, it is caused by Mycobacterium leprae and presents with skin lesions, nerve damage, and discoloration. The nodules in leprosy are typically firm and do not resemble apple jelly.
D) Syphilis"
"A 50 years okl smoker and hypeensive was diagnose to have non-small cell lung carcinoma with brain metastases. He is on enalapril and hydrochlorothiazide for hypeension. On investigation, he had a serum Sodium 120 mg/dl|, Urinary Sodium ll0 mg/dl, Serum creatinine 0.8 mg/dL, Serum osmolarity 285 mOsm/L, Urinary osmolarity 35l mOsm/L, Urinary K+ 9 mg/dl, Blood sugar ll2 mgldL and BP of 150/90 mm Hg. Which of the following is the mnst probable cause for his hyponatremia?",B,C,False,0.5,True,"The most probable cause for this patient's hyponatremia is Syndrome of Inappropriate Antidiuretic Hormone (SIADH). This diagnosis is supported by the following findings:

1. Low serum sodium (120 mg/dL) and high urinary sodium (110 mg/dL), indicating that the kidneys are not conserving sodium.
2. High urinary osmolarity (391 mOsm/L) compared to serum osmolarity (285 mOsm/L), suggesting that the patient is excreting an inappropriately large amount of water relative to solutes.
3. No signs of volume depletion or dehydration, as evidenced by normal serum creatinine and blood pressure.

SIADH can be caused by various factors, including malignancies such as non-small cell lung carcinoma with brain metastases. The tumor may produce ectopic ADH (vasopressin), leading to excessive water reabsorption in the kidneys and subsequent hyponatremia.

In this case, no specific medication or treatment is required for SIADH itself, but management should focus on addressing the underlying malignancy and its associated symptoms. Fluid restriction and careful monitoring of electrolytes are essential to prevent complications such as seizures due to severe hyponatremia"
"A 40 year male complaining of hot flushes each time he baths. Hb: 20%gm, Platelet: 89,000/mL, WBC: 30,000/mL, Investigation revealed JAK2 mutation. What is the most likely diagnosis?",B,A,False,1.0,False,"The most likely diagnosis in this case is Primary Myelofibrosis (PMF). The presence of JAK2 mutation, along with anemia (Hb: 20% gm), thrombocytopenia (Platelet: 89,000/mL), and leukocytosis (WBC: 30,000/mL) supports this diagnosis. Hot flushes during bathing could be due to autonomic dysfunction, which is a known symptom in PMF.

Treatment for PMF typically involves managing symptoms and complications. JAK inhibitors such as ruxolitinib may be used to control splenomegaly and alleviate constitutional symptoms like fatigue and night sweats. Supportive care with blood transfusions might be necessary for anemia, while platelet counts can be managed with thrombopoietin receptor agonists or growth factors if needed.

It is essential to consult a hematologist for personalized management of PMF."
A 55- year old diabetic patient presents with transient obscuration in vision for 2-3 days followed by sudden loss of vision. Which of the following would be the best test to evaluate the symptoms?,C,D,False,1.0,False,"The correct answer is not D) Serum creatinine levels.

The most likely diagnosis for a 55-year-old diabetic patient presenting with transient obscuration in vision followed by sudden loss of vision is central retinal artery occlusion (CRAO).

The best test to evaluate this symptom would be an ophthalmic examination, including fundoscopy and possibly fluorescein angiography or optical coherence tomography (OCT), to assess the retina for signs of ischemia or infarction.

Serum creatinine levels are not relevant in this case as they pertain to kidney function rather than eye health. There is no specific medication required for CRAO, but treatment focuses on managing underlying conditions such as diabetes and hypertension, as well as providing supportive care for vision loss."
One of the most common side effects of phenytoin is,A,A,True,1.0,False,"A) Gingival Hyperplasia

Phenytoin, an anticonvulsant used to treat epilepsy and seizures, is known for causing gingival hyperplasia as one of its most common side effects. This condition leads to the overgrowth of gum tissue, which can cause discomfort, pain, and aesthetic concerns.

Gingival hyperplasia caused by phenytoin is not reversible, but it can be managed through regular dental care, including professional cleanings and periodontal maintenance. In severe cases, surgical intervention may be necessary to remove excess gum tissue and improve oral hygiene.

It's important for patients taking phenytoin to maintain good oral health practices and schedule regular dental check-ups to monitor the progression of gingival hyperplasia. If you suspect that your medication is causing this side effect, consult with your healthcare provider about alternative anticonvulsant options or adjustments in dosage."
"A 38-years old patient who had a total abdominal hysterectomy presents 2 months postop complaining of leakage of urine from the vagina. On examination, no fistula can be identified. Dilute methylene blue (100mL) is injected into the bladder through a Foley catheter and a tampon is placed in the vagina. The patient is asked to walk for about 15 minutes, after which the patient is found to be wet, but there is no blue stain anywhere on the tampon. Which of the following is true:-",B,B,True,1.0,False,"The correct answer is B) The patient probably has stress incontinence not a fistula.

Explanation:
In this scenario, despite the absence of visible blue dye on the tampon after walking for 15 minutes, the patient still exhibits urinary leakage from the vagina. This suggests that there is no active communication between the bladder and the vagina (i.e., no vesicovaginal fistula). Instead, the patient's symptoms are consistent with stress incontinence, which occurs when increased intra-abdominal pressure due to coughing, sneezing, or walking leads to urinary leakage. This diagnosis can be confirmed by further evaluation such as urodynamic studies and possibly pelvic floor physical therapy.

No specific medication is required for stress incontinence at this point; however, the patient may benefit from lifestyle modifications like weight loss, Kegel exercises, and avoiding activities that exacerbate symptoms. If conservative management fails, surgical options or other treatments such as pessaries might be considered."
Freedom of centric relation correlates with,B,B,True,1.0,False,"Freedom of centric relation refers to the ability of a patient's mandible (lower jawbone) to move freely in its ideal position at rest, without interference from surrounding tissues or muscles. This concept is essential for proper dental occlusion and overall oral function.

The given answer, B) 0.20 - 0.40 mm, represents the acceptable range of vertical overlap between the upper and lower incisors when the mandible is in centric relation. This range indicates that there is sufficient intercuspation (contact between teeth) for proper occlusion without excessive overjet or overbite.

This answer does not require any specific medication or treatment as it describes a normal anatomical finding rather than an abnormality or disease state. However, if the patient has issues with their jaw alignment or dental occlusion, appropriate orthodontic treatment may be necessary to correct these problems and achieve proper centric relation."
Ganglionic transmission is mediated by:,C,D,False,1.0,False,"Ganglionic transmission refers to the communication between preganglionic autonomic neurons and postganglionic neurons in the autonomic nervous system (ANS). This transmission occurs through nicotinic acetylcholine receptors located on the postganglionic neuron.

The selected answer, D) Postsynaptic nicotinic receptors, is correct because these receptors are responsible for mediating ganglionic transmission. When an action potential reaches a preganglionic autonomic neuron, it releases acetylcholine (ACh), which binds to nicotinic ACh receptors on the postganglionic neuron. This binding causes depolarization of the postganglionic neuron and initiates its own action potential.

There is no specific medication or treatment required for ganglionic transmission itself, as this process is essential for normal autonomic function. However, certain medications can affect nicotinic ACh receptors, such as nicotine replacement therapy (NRT) for smoking cessation or anticholinergic drugs used to treat various conditions like overactive bladder or gastrointestinal disorders. These medications may alter ganglionic transmission and should be used under medical supervision.

In summary, postsynaptic nicotinic receptors are responsible for mediating ganglionic transmission in the aut"
Which of the following is not an example of a syndrome caused by uniparental disomy?,C,D,False,1.0,False,"Bloom syndrome (BS) is not an example of a syndrome caused by uniparental disomy. Uniparental disomy occurs when both copies of a chromosome or a segment of a chromosome are inherited from one parent, rather than one copy from each parent. This can lead to abnormal gene expression and various syndromes.

Bloom syndrome is a rare autosomal recessive disorder caused by mutations in the BLM gene (also known as RECQ4). It is characterized by short stature, skin rash, sun sensitivity, and an increased risk of cancer due to genomic instability. There is no specific medication or treatment for Bloom syndrome; management focuses on supportive care and prevention of complications.

In contrast, some examples of syndromes caused by uniparental disomy include Prader-Willi syndrome (caused by paternal UPD 15) and Angelman syndrome (caused by maternal UPD 15). Treatment for these conditions may involve growth hormone therapy, behavioral interventions, or other supportive measures depending on the specific symptoms."
"One of the many mechanisms of adverse events is its increased binding to secondary targets, usually proteins. With respect to the primary target, the secondary target:",A,A,True,1.0,False,"The selected answer is correct because for an adverse event to occur due to increased binding to secondary targets, these secondary targets should be present in the same tissue where the primary target is located. This allows the drug to interact with both the intended primary target and unintended secondary targets, leading to adverse effects.

No specific medication or treatment is required for this answer as it describes a general mechanism of adverse events rather than addressing a particular case or condition. However, understanding this mechanism can help in designing safer drugs by identifying potential secondary targets during preclinical studies and optimizing drug candidates accordingly."
School based dental health care for whole country is adopted by which of the following country?,A,B,False,1.0,False,"New Zealand has implemented a school-based dental health care program nationwide. This comprehensive program aims to provide preventive oral health services for all children in schools, promoting good oral hygiene practices and early detection of potential issues.

The answer is B) New Zealand because it has adopted this approach as part of its national public health strategy. The specific treatment or medication required within this context would depend on the individual child's needs, which may include fluoride varnish applications, sealants, or educational resources for parents and caregivers."
Postrenal transplant patient presents with diarrhoea after 3 months; it was showing organism measuring 2-6 micron meter and kinoyn stain positive. Most likely it is caused by:,C,D,False,1.0,False,"The selected answer is indeed Cryptosporidium hominis.

Cryptosporidium hominis is a protozoan parasite that can cause intestinal infections in immunocompromised individuals, such as postrenal transplant patients. The patient's presentation of diarrhea after 3 months and the identification of organisms measuring 2-6 micrometers with a kinony stain positive are consistent with Cryptosporidium infection.

Cryptosporidium hominis is an opportunistic pathogen that can cause significant morbidity in immunocompromised individuals. The diagnosis is confirmed by microscopic examination of stool samples using special stains like the modified acid-fast stain (Ziehl-Neelsen) or the kinony stain, which highlights the characteristic oocysts.

Treatment for Cryptosporidium infection typically involves supportive care with fluid and electrolyte replacement to manage dehydration. Antiparasitic medications such as nitazoxanide are often used in immunocompromised patients, but their efficacy may be limited due to the development of resistance. In severe cases or when treatment fails, alternative antiparasitic agents like sulfadiazine-pyrimethamine combination therapy might be considered.

It is essential for postrenal transplant patients with diarrhea to"
Iron entry into enterocytes occurs which of the following?,A,A,True,1.0,False,"The correct answer is A) DMT-1 (Divalent Metal Transporter 1).

DMT-1 is a transmembrane protein located in the apical membrane of enterocytes, which facilitates iron uptake from dietary non-heme sources such as plant-based foods and supplements. It transports ferrous iron (Fe2+) across the brush border membrane into the enterocyte for subsequent transfer to transferrin or storage in ferritin.

No specific medication is required for normal iron absorption through DMT-1, but individuals with impaired iron absorption due to genetic disorders like hereditary hemochromatosis may benefit from dietary modifications and iron supplements. In cases of iron deficiency anemia, oral iron supplementation can be prescribed to support adequate iron levels in the body.

It's important to note that excessive iron intake can lead to iron overload and potentially cause toxicity or other complications. Therefore, monitoring iron levels and avoiding over-supplementation is crucial for maintaining optimal health."
"An elderly male patient presented with fever, chest pain, and dry coughp; sputum culture showed growth on Charcoal Yeast Extract Medium, the organism is",B,C,False,1.0,False,"The correct answer is indeed C) Legionella.

Legionella pneumophila is a bacterium that can cause severe pneumonia in susceptible individuals, particularly older adults and immunocompromised patients. The patient's presentation of fever, chest pain, and dry cough, along with the growth on Charcoal Yeast Extract Medium (CYEM), strongly suggests Legionnaires' disease.

The CYEM agar is specifically designed for the isolation of Legionella species due to its ability to support their growth by providing an environment that mimics the conditions found in water systems where these bacteria thrive. The characteristic ""swarming"" pattern observed on this medium further supports the identification of Legionella.

Treatment for Legionnaires' disease typically involves macrolide antibiotics, such as azithromycin or clarithromycin, which have demonstrated high efficacy against Legionella infections. Fluoroquinolones like levofloxacin can also be used in some cases. Supportive care, including oxygen therapy and management of symptoms, is essential for the patient's recovery.

It is important to note that early diagnosis and prompt initiation of appropriate antibiotic treatment are crucial for improving outcomes in patients with Legionnaires' disease."
Ashley-Howe model analysis is used to predict:,B,C,False,0.83,False,"The Ashley-Howe model analysis is a method used in orthodontics to predict the basal bone-transverse relationship of an individual's dental arches. This prediction helps clinicians plan appropriate orthodontic treatments for patients with malocclusions.

The diagnosis/answer, C) Basal bone-transverse relationship, refers to the width of the mandible (lower jawbone) compared to the width of the maxilla (upper jawbone). A well-balanced basal bone-transverse relationship is essential for proper dental alignment and occlusion. The Ashley-Howe model analysis helps clinicians identify potential issues with this relationship and plan treatments accordingly.

No specific medication is required for this diagnosis, as it pertains to orthodontic treatment rather than pharmacological intervention. Treatment options may include braces or clear aligners to correct malocclusions and improve the basal bone-transverse relationship. Regular follow-ups with an orthodontist are necessary to monitor progress and adjust treatment plans as needed."
"A neonate on routine examination at bih was found to have hepatomegaly. Rest of the examination was essentially unremarkable. On investigations, Anti-HCMV antibodies were found to be positive. What sequelae in later life is the child at risk of?",C,D,False,0.83,False,"The correct answer is D) Sensorineural hearing loss.

Explanation:
Hepatomegaly in a neonate with positive Anti-HCMV (Cytomegalovirus) antibodies indicates congenital CMV infection. Congenital CMV infection can lead to various sequelae, including sensorineural hearing loss, which is the most common long-term complication. Sensorineural hearing loss occurs due to damage to the cochlea or auditory nerve during fetal development.

Specific treatment for congenital CMV infection is not available; however, supportive care and monitoring are essential. Early detection of hearing loss allows for timely interventions such as hearing aids or cochlear implants if necessary. Regular follow-up with an audiologist and a pediatrician is crucial to monitor the child's auditory function and manage any complications.

In addition to sensorineural hearing loss, other sequelae may include developmental delays, intellectual disability, vision impairment, and behavioral problems."
"Patient is a known case of epilepsy, taking levetiracetam 1 gm BD. He is now seizure free from 2 years but he developed agitation and anger issues interfering with day to day activities as a result of the drug intake. What should be the next best step?",B,C,False,1.0,False,"The selected answer is C) Slowly taper the drug over the next 6 months.

Explanation:
The patient has been seizure-free for two years while taking levetiracetam 1 gm twice daily. However, he has developed agitation and anger issues that are interfering with his day-to-day activities, which may be side effects of the medication. The best course of action would be to slowly taper off the drug over a period of six months to minimize withdrawal symptoms and allow for adjustment to potential alternative treatments.

No specific medication or treatment is required at this point, as the primary goal is to manage the adverse behavioral effects of levetiracetam without compromising seizure control. The patient's neurologist should be consulted to discuss tapering strategies and possible alternative antiepileptic drugs (AEDs) that may have fewer psychiatric side effects."
"Which of the following statements regarding the National Programme for Non-communicable diseases-Cancer, Diabetes, Cardiovascular diseases (CVD) and stroke (NPCDCS) is true?",B,C,False,1.0,False,"Answer: C) Coronary care unit and cancer care facility to be established at the district level hospital.

Explanation: The National Programme for Prevention and Control of Cancer, Diabetes, Cardiovascular diseases, and Stroke (NPCDCS) aims to improve healthcare infrastructure and services for these non-communicable diseases. One of its key objectives is to establish specialized facilities at district-level hospitals. This includes setting up coronary care units for cardiovascular diseases and stroke management, as well as cancer care facilities for early detection and treatment.

No specific medication or treatment is mentioned in this statement; rather, it refers to the establishment of infrastructure and facilities for better management and care of these conditions."
Contractile element in myofibril is:,B,D,False,0.83,False,"The correct answer is not ""A line."" The contractile elements within a myofibril are actually actin (thin filaments) and myosin (thick filaments). These proteins interact through cross-bridging to produce muscle contraction.

There isn't any specific medication or treatment required for the contractile elements in myofibrils, as these are normal physiological components of muscle fibers. However, if there is a problem with muscle function, such as in muscular dystrophy or myopathies, appropriate medical management and therapy should be considered based on the underlying condition.

The ""A line"" you mentioned might refer to the A-band (anisotropic band) in a sarcomere, which represents the region of myosin thick filaments. However, this is not the correct answer for the contractile element within a myofibril."
All of the following complications are more common in ventouse assisted delivery than forceps except:,C,B,False,1.0,False,"Cephalhematoma (option B) is less common in vacuum-assisted deliveries compared to forceps-assisted deliveries.

Explanation:
Vacuum extraction (ventouse) tends to cause more superficial scalp injuries due to the suction cup's gentle traction on the fetal scalp, whereas forceps can exert greater pressure and deeper penetration into the scalp. As a result, cephalhematoma, which is a collection of blood between the periosteum and skull bone, is less likely to occur with vacuum extraction.

No specific medication or treatment is required for cephalhematoma as it usually resolves spontaneously within weeks after birth. However, monitoring for signs of increased intracranial pressure may be necessary in severe cases."
All of the following are true about aspiration pneumonia except:,A,B,False,1.0,False,"Aspiration pneumonia is primarily caused by the inhalation of oral or gastric contents into the lungs, leading to inflammation and infection. The most common causes are bacterial, such as Streptococcus pneumoniae, Haemophilus influenzae, and anaerobic bacteria like Bacteroides fragilis.

Fungal infections are not a common cause of aspiration pneumonia. Instead, they can occur in immunocompromised individuals or those with underlying lung disease. Therefore, option B is incorrect.

Treatment for aspiration pneumonia typically involves supportive care such as oxygen therapy, fluid management, and nutritional support. Antibiotics may be prescribed if bacterial infection is suspected or confirmed. In severe cases, mechanical ventilation might be necessary to manage respiratory failure. There isn't a specific medication required for all cases of aspiration pneumonia; treatment depends on the underlying cause and severity of symptoms.

In summary, option B (Fungal infection is the common cause of pneumonia) is incorrect as bacterial infections are more prevalent in aspiration pneumonia."
Which of the following is not associated with haemorrhage?,B,C,False,1.0,False,"Melanosis (C) is not associated with hemorrhage because it refers to a benign condition characterized by hyperpigmentation of the skin due to an increase in melanin production. It does not involve bleeding or blood loss.

Hemorrhage, on the other hand, is defined as uncontrolled bleeding from a blood vessel, which can result from various causes such as trauma, vascular malformations, coagulation disorders, or tumors.

No specific medication or treatment is required for melanosis, as it is not associated with hemorrhage. However, if there are concerns about the appearance of hyperpigmented skin, dermatological consultation may be recommended to rule out other conditions that could mimic melanosis, such as malignant melanoma."
Dapsone is used for treatment of bacterial and fungal infections as well as for immunomodulatory actions. What is mechanism of dapsone for these indication?,C,D,False,1.0,False,"Dapsone's mechanism of action for treating bacterial and fungal infections as well as its immunomodulatory effects involves competition with para-aminobenzoic acid (PABA) in folic acid synthesis (option D). PABA is a natural inhibitor of dihydropteroate synthase, an enzyme involved in the production of tetrahydrofolic acid. By competing with PABA for binding to this enzyme, dapsone inhibits bacterial and fungal growth by limiting their ability to synthesize essential folic acid derivatives.

In addition to its antibacterial and antifungal properties, dapsone has immunomodulatory effects due to its ability to inhibit the production of superoxide radicals in neutrophils. This action reduces inflammation and oxidative stress, contributing to its use as a treatment for leprosy and other dermatological conditions.

No specific medication or treatment is required beyond understanding dapsone's mechanism of action for these indications. However, it is essential to note that dapsone can cause side effects such as hemolytic anemia in patients with glucose-6-phosphate dehydrogenase (G6PD) deficiency and methemoglobinemia. Therefore, careful monitoring and appropriate patient selection are crucial when using"
"In processing methyl methacrylate, the resin may show porosity if the flask is placed too soon. Porosity most likely occur",B,B,True,1.0,False,"Answer: B) Near the borders

Explanation: In processing methyl methacrylate resin, porosity can occur when the flask is placed too soon. This results in incomplete polymerization of the material near the borders, leading to the formation of voids or bubbles within the resin. These areas may not be fully cured and can weaken the overall structure.

No specific medication or treatment is required for this condition. Instead, it is essential to ensure proper processing techniques, such as adequate mixing, heating, and curing times, to minimize porosity in methyl methacrylate resin."
Pre-maxillary hard palate is supplied by which nerve,A,A,True,0.83,False,"The pre-maxillary hard palate region is primarily supplied by the nasopalatine nerve (V2 branch of maxillary division of trigeminal nerve). This nerve provides sensory innervation to the anterior part of the hard palate.

There isn't a requirement for any specific medication or treatment in this case, as the question seems to be focused on identifying the nerve supply rather than addressing an underlying pathology. However, if there were any pain or discomfort in this area, analgesics and local anesthesia could be considered depending on the clinical context."
23 serotypes pneumococcal vaccine Most useful in,C,B,False,0.67,True,"The 23-valent pneumococcal polysaccharide vaccine (PPSV23) is most useful in preventing recurrent otitis media and sinusitis due to Streptococcus pneumoniae. This vaccine protects against the 23 most common serotypes of S. pneumoniae, which are responsible for a significant proportion of community-acquired pneumonia, otitis media, and sinusitis.

Recurrent otitis media and sinusitis can be caused by repeated infections with these pneumococcal serotypes. By immunizing individuals at high risk (such as young children or older adults), PPSV23 can provide protection against these infections and reduce the need for antibiotics and other treatments related to recurrent episodes of otitis media and sinusitis.

No specific medication is required post-vaccination, but it's essential to monitor the individual for any adverse reactions to the vaccine. If an infection does occur despite vaccination, appropriate antibiotic therapy should be administered based on susceptibility testing results."
Fourth generation apex locater based on,C,D,False,0.83,False,"The fourth-generation apex locator uses multiple frequency ratio (MFR) technology to accurately determine the location of the apical foramen in root canal treatment. This method involves emitting ultrasonic waves at different frequencies and measuring the time it takes for these waves to return, allowing for precise identification of the apical region.

The selected answer is D) Multiple frequency ratio because this technology provides more accurate readings compared to earlier generations by accounting for variations in tissue density and canal curvature. MFR also reduces errors due to instrument movement or patient breathing during measurement.

No specific medication or treatment is required as a result of using an apex locator; it is simply a diagnostic tool used by dentists to ensure proper placement of root canal files."
Biopsy specimens removed for examinations are immediately placed in:,A,B,False,1.0,False,"The correct answer is B) 10% formalin.

Biopsy specimens are immediately placed in 10% formalin to fix them for histopathological examination. Fixation helps preserve tissue morphology and prevent degradation of cellular components during the processing and staining steps. Formaldehyde, which is present in 10% formalin solution, cross-links proteins and stabilizes lipids, making it an ideal fixative for tissues.

No specific medication or treatment is required as a direct result of placing biopsy specimens in 10% formalin. However, if the biopsy reveals any malignant or premalignant conditions, appropriate oncological treatments will be recommended based on the type and stage of cancer."
True open bite is caused by,A,A,True,1.0,False,"True open bite is not caused by a horizontal fracture of the maxilla. An open bite is characterized by an abnormal vertical overlap between the upper and lower teeth when the jaw is closed. It can be caused by various factors such as habits (thumb-sucking, tongue-thrusting), malocclusion, or developmental anomalies.

A horizontal fracture of the maxilla would not directly cause an open bite. Instead, it could lead to other complications like facial asymmetry, dental displacement, and potential airway obstruction.

Treatment for true open bite typically involves orthodontic therapy aimed at correcting the vertical overlap between teeth. This may involve braces or aligners to reposition the teeth and jaw alignment. In some cases, oral appliances or habit-breaking devices might be recommended to address underlying habits contributing to the open bite. There is no specific medication required for treating an open bite.

It's important to consult a dentist or orthodontist for proper evaluation and treatment planning if you suspect having an open bite."
Greatest potential hazard of mercury toxicity occurs due to:,A,B,False,1.0,False,"The greatest potential hazard of mercury toxicity occurs due to inhalation of mercury vapors (option B). This is because elemental mercury can easily vaporize at room temperature, releasing toxic mercury vapors that can be inhaled and cause damage to the central nervous system, kidneys, and other organs.

Inhalation of mercury vapors leads to more rapid absorption compared to ingestion or dermal exposure. The resulting symptoms range from mild neurological effects such as tremors, memory loss, and mood changes to severe neurological impairment, kidney failure, and even death in extreme cases.

There is no specific medication for mercury toxicity; however, treatment primarily focuses on supportive care and removal of the source of exposure. Chelation therapy with agents like dimercaprol or succimer may be considered if there are significant symptoms or organ damage. In severe cases, hemodialysis might be necessary to manage kidney failure.

Prevention is key in managing mercury toxicity; avoid occupational exposure by using appropriate protective equipment and following safety guidelines when handling mercury-containing products."
Which of the following is an indiction for tonsillectomy –a) Rheumatic feverb) Glomerulonephritisc) Recurrent upper respiratory infectiond) Persistent carrier of diptheria bacilli,A,B,False,1.0,False,"The correct answer is indeed ""B) cd"". 

Recurrent upper respiratory infections (c) are an indication for tonsillectomy because chronic inflammation can lead to complications such as recurrent otitis media, sinusitis, and sleep disturbances due to obstructive sleep apnea. Persistent carrier of diptheria bacilli (d) may also necessitate tonsillectomy if the individual continues to pose a risk to others in the community.

Glomerulonephritis (b), on the other hand, is not an indication for tonsillectomy as it is a kidney disease unrelated to tonsillar pathology. Rheumatic fever (a) can be associated with post-streptococcal glomerulonephritis but does not directly indicate tonsillectomy.

No specific medication or treatment is required for this diagnosis, as the intervention itself - tonsillectomy - serves as the primary management strategy."
Which of the following is not an effect of efferent aeriole constriction :,A,B,False,1.0,False,"Efferent arteriole constriction leads to decreased renal blood flow and increased glomerular capillary resistance, which ultimately results in a decrease in glomerular filtration rate (GFR). This effect is due to the reduced pressure gradient across the glomerulus.

The selected answer, B) Increased glomerular hydrostatic pressure, is not an effect of efferent arteriole constriction. Instead, it would lead to decreased glomerular hydrostatic pressure as a result of increased resistance in the efferent arterioles.

No specific medication or treatment is required for this question, as it is focused on understanding the effects of efferent arteriole constriction rather than managing a clinical condition. However, if you are referring to a clinical context where efferent arteriole constriction occurs due to certain medications (e.g., angiotensin-converting enzyme inhibitors or angiotensin receptor blockers), monitoring renal function and adjusting the medication dose as needed may be necessary."
Cleft lip is due to non-union of,A,A,True,1.0,False,"Cleft lip is due to non-union of the maxillary process with the median nasal process (MNP). This occurs during embryonic development when the fusion between these two processes fails to occur properly.

The diagnosis of cleft lip can be made clinically by observing the characteristic deformity in the upper lip. Imaging studies, such as ultrasound or 3D CT scans, may also be used for confirmation and assessment of associated anomalies.

Treatment for cleft lip typically involves surgical repair, usually performed during infancy. The goal is to restore normal anatomy and function of the lip and surrounding tissues. Surgical techniques have evolved over time, with modern approaches focusing on minimizing scarring and preserving nasal function. In some cases, speech therapy may be necessary due to associated speech difficulties.

There are no specific medications required for cleft lip repair or management. However, antibiotics may be prescribed prophylactically before surgery to prevent infection, and pain management is crucial during the recovery period."
Sickle cell anemia is a -,B,C,False,1.0,False,"Sickle cell anemia is indeed caused by a point mutation (C) in the HBB gene that codes for hemoglobin subunit beta. This single nucleotide substitution leads to the replacement of glutamic acid with valine at position 6, resulting in abnormal hemoglobin (HbS). The misshapen hemoglobin causes red blood cells to become rigid and sickle-shaped, leading to various complications such as anemia, infections, and organ damage.

Treatment for sickle cell anemia typically involves managing symptoms and preventing complications. This may include:

1. Pain management: Hydroxyurea (Hydrea) is often prescribed to reduce the frequency of painful crises by increasing fetal hemoglobin production.
2. Antibiotics: Prophylactic antibiotics like penicillin or amoxicillin are given to prevent infections, particularly pneumococcal infections.
3. Blood transfusions: In severe cases, blood transfusions may be necessary to manage anemia and prevent complications.
4. Bone marrow transplantation: This is considered for severe cases with frequent crises or organ damage.

It's important to note that there is currently no cure for sickle cell anemia; however, these treatments can significantly improve the quality of life for affected individuals"
All are true about widal test except,A,B,False,0.83,False,"The Widal test is a diagnostic tool used to detect the presence of antibodies against Salmonella Typhi in patients suspected of having typhoid fever. The test measures both H (Harrison) and O (O-specific) antibodies.

Option B, ""O antibodies last longer and hence are not indicative of recent infection,"" is incorrect because O antibodies can persist for years after an infection, making them less reliable indicators of a current or recent infection compared to H antibodies, which typically disappear within 6-12 months. Therefore, the presence of both H and O antibodies in a patient's serum suggests a more recent infection.

There is no specific medication required for this answer as it pertains to the interpretation of Widal test results rather than treatment. However, if a patient has a confirmed diagnosis of typhoid fever, appropriate antibiotic therapy such as ciprofloxacin or azithromycin should be administered according to local guidelines and susceptibility patterns."
"What is the name of the given instrument, used for harvesting the graft from healthy area in split thickness skin graft?",C,D,False,1.0,False,"The correct answer is indeed D) Humby knife.

A Humby knife is a specialized surgical instrument used for harvesting split-thickness skin grafts (STSG). It consists of a thin, flexible blade mounted on a handle with an adjustable tension mechanism to control the thickness of the harvested tissue. The Humby knife allows for precise and efficient removal of the desired layer of skin from a healthy donor site while minimizing damage to underlying tissues.

No specific medication or treatment is required for using a Humby knife; however, proper surgical technique and sterile conditions are essential to prevent infection and promote optimal healing in both the donor and recipient sites."
"A person working in an abattoir presented with a papule on hand, which turned in to an ulcer. Which will best help in diagnosis",A,A,True,1.0,False,"A) Polychrome Methylene blue

Polychrome Methylene blue (PMB) is a diagnostic tool used in conjunction with Wood's lamp to aid in diagnosing certain skin conditions, particularly those related to zoonotic infections. In this case, the patient working in an abattoir presents with a papule on their hand that has evolved into an ulcer. Given the occupational exposure and clinical presentation, the most likely diagnosis is anthrax cutaneous infection.

PMB helps in diagnosing anthrax by highlighting the characteristic black eschar (scab) associated with this condition under Wood's lamp illumination. The black coloration of the eschar results from the accumulation of PMB within the dead tissue, which differentiates it from other skin lesions.

Treatment for anthrax cutaneous infection typically involves a combination of antibiotics such as ciprofloxacin or doxycycline, along with wound care and debridement. In severe cases, hospitalization may be necessary to manage complications like sepsis. Vaccination against anthrax is recommended for individuals at high risk of exposure, such as those working in abattoirs.

It's important to note that a definitive diagnosis should always be confirmed by laboratory tests, including culture and"
A midwife at a PHC did per vaginal examination of a women in labor with 8 cm cervical dilation and 70% cervical effacement with the fetal head at +1 station. This +1 station implies the position of fetal head is-,A,B,False,1.0,False,"The correct answer is A) 1 cm above the ischial spine.

Explanation:
In obstetric terminology, station refers to the position of the fetal head in relation to the maternal ischial spines during labor. The station scale ranges from -3 (highest point of the sacrum) to +3 (perineum). A +1 station indicates that the presenting part of the fetus (in this case, the fetal head) has descended 1 cm above the level of the maternal ischial spine.

The diagnosis/answer provided in the question (B) 1 cm below the ischial spine is incorrect. This would correspond to a -1 station, indicating that the presenting part has descended one unit below the level of the maternal ischial spines.

No specific medication or treatment is required based on this information alone. However, it's important for the midwife to continue monitoring the progress of labor and provide appropriate care as needed."
High content of cholesterol is present in:,A,B,False,1.0,False,"Answer: B) Egg yolk

Explanation: Egg yolks contain a high amount of dietary cholesterol due to their rich content of lipids (approximately 200 mg per large egg yolk). Consuming excessive amounts of eggs can lead to elevated blood cholesterol levels, which may increase the risk for cardiovascular diseases. However, it is important to note that not all individuals will be affected similarly by consuming egg yolks, as dietary cholesterol has a limited impact on blood cholesterol in most people.

Treatment or medication requirements depend on an individual's specific health status and risk factors. For those with high cholesterol levels or cardiovascular disease, reducing egg yolk consumption or adopting alternative protein sources may be recommended. In some cases, medications such as statins might be prescribed to manage elevated cholesterol levels."
Tooth with smallest root,A,B,False,1.0,False,"The mandibular lateral incisor (B) has the smallest root among all teeth in the human dentition. This tooth typically has a single root that is smaller than those of other anterior teeth like central incisors.

There is no specific medication required for this condition, as it is simply an anatomical characteristic. However, if there were any issues with the tooth such as decay or periodontal disease, appropriate dental treatment would be necessary. This could include fillings, extractions, or periodontal therapy depending on the severity of the issue.

In summary, the mandibular lateral incisor has the smallest root among all teeth due to its unique anatomy. No specific medication is required for this characteristic; however, dental care should still be maintained as with any other tooth to prevent potential issues."
The function of a sprue is to,A,A,True,0.83,False,"The given answer, ""A) Form an opening for molten metal to enter the mold,"" does not pertain to a medical context but rather to casting processes in metallurgy. Therefore, it cannot be considered as a correct diagnosis or answer for a medical question.

In case you meant to ask about a sprue (a dental term), I will provide an appropriate response:

A sprue is a channel through which self-hardening dental cement flows into the prepared cavity during restoration procedures. The function of a sprue is to direct the flow of cement and facilitate its distribution within the tooth preparation.

No specific medication or treatment is required for this context, as it pertains to dental materials and techniques rather than medical conditions or treatments."
Access cavity of mandibular 1st molar is:,A,A,True,1.0,False,"The access cavity for a mandibular first molar is typically oval in shape. This design allows for easy visualization of the root canals during endodontic procedures while also providing adequate space to navigate through the complex anatomy of this tooth.

There is no specific medication required for this diagnosis, as it pertains to the surgical access rather than any medical condition or infection. Treatment involves creating an oval-shaped cavity in the tooth structure to facilitate endodontic therapy, such as root canal treatment, if necessary due to caries, pulpitis, or other dental issues."
A pier abutment is:,A,D,False,1.0,False,"A pier abutment refers to an implant-supported restoration where two or more implants are connected by a single bridge or superstructure, spanning over an edentulous (toothless) space. This design allows for better distribution of occlusal forces and improved aesthetics compared to traditional individual implant restorations.

The selected answer, D) Abutment adjacent to edentulous space, is correct because it describes the location of a pier abutment in relation to surrounding teeth or missing teeth (edentulous space). This type of design is often used when there are multiple consecutive missing teeth, as it allows for more efficient use of available bone and better distribution of forces.

No specific medication is required for this diagnosis. Treatment typically involves surgical placement of implants followed by prosthetic fabrication of the bridge or superstructure. Proper oral hygiene practices and regular dental check-ups are essential to maintain the health and longevity of the restoration."
"According to the new RNTCP guidelines, the following is not a suspect of tuberculosis",A,D,False,0.83,False,"According to the new Revised National Tuberculosis Control Programme (RNTCP) guidelines in India, a suspect of tuberculosis (TB) is defined as an individual with symptoms suggestive of TB, such as cough lasting for more than 2 months, not just 2 weeks.

The selected answer, ""Any individual having cough of duration 2 weeks or more,"" is incorrect because it does not meet the criteria for suspecting TB. A cough persisting for only 2 weeks may be due to various other respiratory infections and not necessarily indicative of TB.

In cases where a patient presents with symptoms suggestive of TB, such as prolonged cough (more than 2 months), chest X-ray findings consistent with pulmonary TB, or extrapulmonary manifestations like lymphadenopathy or weight loss, further diagnostic tests including sputum smear microscopy, culture, and GeneXpert MTB-RIF test should be performed. If the diagnosis of TB is confirmed, appropriate treatment with first-line anti-TB drugs such as isoniazid, rifampicin, ethambutol, and pyrazinamide for a total duration of 6 months (2 months intensive phase + 4 months continuation phase) should be initiated under direct observation therapy."
All are topical hemostatic agents except?,C,D,False,1.0,False,"Fixclot (option D) is not a topical hemostatic agent. It is actually an injectable fibrin sealant used for surgical hemostasis and tissue adhesion.

Topical hemostatic agents are applied directly to the wound site to promote blood clotting and control bleeding. Examples include:

A) Thrombin
B) Fibrin glue (e.g., Tissucol)
C) Oxidized regenerated cellulose (ORC, e.g., Surgicel)

These topical hemostatic agents are used in various surgical procedures to manage intraoperative bleeding or promote wound healing. No specific medication or treatment is required for this diagnosis, as it is simply an identification of a non-topical hemostatic agent."
Which of the following pulp horn of primary molar is commonly exposed during restorative procedures:,A,B,False,1.0,False,"The correct answer is A) Mesio-buccal pulp horn of primary molar.

Explanation:
Primary molars have three pulp horns: mesio-buccal, disto-buccal, and palatal. The mesio-buccal pulp horn is more prone to exposure during restorative procedures due to its location near the occlusal surface and the smaller size of the tooth compared to permanent molars.

The distobuccal pulp horn of 1st molars (option B) is not correct because it refers to a characteristic of permanent first molars, not primary molars. 

No specific medication or treatment is required for this diagnosis as it is simply an anatomical feature of primary molars. However, careful restorative techniques should be employed to avoid pulp exposure and subsequent infection during dental procedures."
Rate of Dentinal fluid permeability depends on all except?,A,D,False,1.0,False,"The correct answer is D) Rate of removal of substances by blood vessels.

Dentinal fluid permeability refers to the ability of dentin to allow the passage of fluids and molecules through its tubules. This process plays a crucial role in maintaining the health of teeth, as it allows for the exchange of nutrients, waste products, and signaling molecules between the pulp and the surrounding tissues.

The rate of dentinal fluid permeability depends on several factors, including:

A) Tubule diameter: Larger tubules allow for greater fluid flow.
B) Tubule density: Higher densities result in increased permeability.
C) Peritubular dentin: The presence or absence of peritubular dentin can affect fluid flow.

However, the rate of removal of substances by blood vessels (option D) is not a factor influencing dentinal fluid permeability. Blood vessels are responsible for supplying nutrients and removing waste products from tissues, but they do not directly impact the permeability of dentinal tubules.

No specific medication or treatment is required for this answer, as it simply clarifies that the rate of removal of substances by blood vessels does not influence dentinal fluid permeability."
Extraction of disto-angular impaction of mandibular 3rd molar can cause:,A,D,False,1.0,False,"The extraction of a disto-angular impacted mandibular third molar can indeed lead to a dry socket (alveolar osteitis). This condition occurs when the blood clot in the socket is dislodged, exposing the underlying bone and nerves, causing pain, discomfort, and potentially infection.

Dry sockets are more common after difficult extractions of impacted teeth, especially those with disto-angular positions. The risk can be minimized by maintaining good oral hygiene post-extraction, avoiding smoking or using straws for a few days, and taking prescribed pain relievers as needed.

Treatment for dry socket typically involves managing symptoms such as pain and infection. This may include rinsing the affected area gently with warm salt water, applying topical anesthetics to alleviate discomfort, and prescribing antibiotics if there is evidence of infection. In some cases, a dentist might need to re-pack the socket with a medicated dressing or place a temporary filling to protect the wound.

It's important for patients to follow post-operative care instructions carefully and report any signs of complications such as increased pain, swelling, or discharge promptly to their dental provider."
Acetazolamide is given to a patient of angle closure glaucoma. It is a non- competitive inhibitor of carbonic anhydrase enzyme. Which of the following should be the effect of this drug?,A,D,False,0.83,False,"Acetazolamide, as a non-competitive inhibitor of carbonic anhydrase enzyme, reduces the activity of this enzyme in the ciliary body of the eye. Carbonic anhydrase catalyzes the reaction that generates bicarbonate and protons from water and CO2. This reaction is essential for aqueous humor production.

By inhibiting carbonic anhydrase, acetazolamide decreases the formation of aqueous humor, thereby reducing intraocular pressure (IOP). In angle closure glaucoma, this decrease in IOP helps to relieve the increased pressure that can cause damage to the optic nerve and vision loss.

The selected answer, D) No change in Vmax, is correct because acetazolamide acts as a non-competitive inhibitor. Non-competitive inhibition does not alter the maximum velocity (Vmax) of an enzymatic reaction but instead reduces the apparent Km (Michaelis constant), which represents the enzyme's affinity for its substrate. This means that although the overall rate of aqueous humor production is reduced, the Vmax remains unchanged.

No specific medication or treatment is required beyond acetazolamide in this case, as it effectively manages angle closure glaucoma by reducing IOP. However, close"
Which of the following does not require 5'capping?,A,D,False,1.0,False,"siRNA (small interfering RNA) does not require 5' capping because it is a type of non-coding RNA that functions by inducing degradation of target messenger RNAs through the RNA interference pathway. Unlike mRNAs, which need to be capped at their 5' end for stability and translation initiation, siRNAs are synthesized artificially in vitro or generated within cells through the Dicer enzyme-mediated processing of long double-stranded RNAs. Therefore, no specific medication or treatment is required for siRNA; rather, it serves as a therapeutic tool for gene silencing in various diseases and research applications.

5' capping refers to the addition of a specialized structure called a cap (7-methylguanosine) at the 5' end of eukaryotic mRNAs. This cap is essential for mRNA stability, translation initiation, and protection against degradation by exonucleases."
Peau d'orange in carcinoma breast is due to:,A,A,True,1.0,False,"Peau d'orange, also known as ""orange peel"" appearance, in carcinoma breast is primarily due to obstruction of sub-dermal lymphatics (option A). This phenomenon occurs when cancer cells invade and block the lymphatic vessels beneath the skin, causing fluid accumulation and thickening of the dermis. As a result, the skin takes on an orange peel-like texture.

Treatment for peau d'orange in breast carcinoma typically involves surgical removal of the tumor along with axillary lymph node dissection or sentinel lymph node biopsy to assess nodal involvement. In addition, systemic adjuvant therapy (chemotherapy and/or hormone therapy) may be recommended based on the stage and characteristics of the cancer.

It is important to note that peau d'orange can also occur in non-malignant conditions such as inflammatory breast disease or mastitis, but it is more commonly associated with invasive breast carcinoma."
"True about adult polycystic kidney disease is all, except:",A,B,False,1.0,False,"B) Hypertension is rare

This statement is incorrect about adult polycystic kidney disease (APKD). Hypertension is actually common in patients with APKD, affecting approximately 80% of individuals by the time they reach middle age. The high prevalence of hypertension in APKD is due to the increased renin production from the cysts and the resulting activation of the renin-angiotensin-aldosterone system.

The diagnosis of APKD is based on imaging studies such as ultrasound, CT scan, or MRI, which reveal multiple renal cysts. Genetic testing can also be helpful in identifying mutations in the PKD1 or PKD2 genes, which are responsible for most cases of APKD.

Treatment for APKD primarily focuses on managing hypertension and preventing kidney damage. Angiotensin-converting enzyme (ACE) inhibitors or angiotensin receptor blockers (ARBs) are commonly used to control blood pressure and slow the progression of renal dysfunction. In advanced stages, dialysis or kidney transplantation may be necessary."
Propranolol is drug of choice for -,A,A,True,1.0,False,"Propranolol is indeed the drug of choice for ulcerated infantile hemangiomas (IHs). IHs are benign vascular tumors that appear as red or purple birthmarks on infants' skin. Ulceration occurs when these lesions become inflamed and break down, leading to open sores.

Propranolol, a non-selective beta-blocker, has been shown in multiple studies to effectively treat ulcerated IHs by reducing their size and promoting re-epithelialization of the affected area. It works by decreasing blood flow to the lesion, which helps reduce inflammation and promote healing.

The recommended dosage for propranolol in treating IHs is 0.5 mg/kg/day divided into two doses, with close monitoring of heart rate and blood pressure due to potential side effects. In some cases, topical beta-blockers may be considered as an alternative treatment option.

It's important to note that propranolol should only be prescribed by a healthcare professional experienced in treating IHs, as the medication can have systemic effects if not used appropriately. Additionally, other treatments such as corticosteroids or surgical excision might be necessary for severe cases or when propranolol is contraindicated.

In summary"
During pregnancy baby can be affected in utero in all except:,C,D,False,1.0,False,"Polio (D) is not typically transmitted from mother to fetus during pregnancy because it requires an initial infection outside of the womb for immunity to develop in the mother. The virus cannot cross the placenta, so the baby will not be affected in utero.

In contrast, other infections such as rubella (German measles), toxoplasmosis, and cytomegalovirus can be transmitted from mother to fetus during pregnancy, potentially causing congenital defects or complications for the newborn. These infections require specific prenatal care and treatment if detected early enough, including vaccination against rubella and avoiding exposure to infected individuals.

Polio is primarily spread through contaminated food and water, as well as direct contact with an infected person's feces. Vaccination against polio is crucial for both pregnant women and their partners to prevent infection and transmission to the fetus or newborn."
Long term assessment of glucose control can be made by:,C,D,False,1.0,False,"The correct answer is D) Estimation of blood level of glycosylated hemoglobin.

Glycosylated hemoglobin (HbA1c) is a long-term indicator of glucose control in diabetes management. It measures the percentage of hemoglobin that has glucose molecules attached to it over the past 2-3 months, providing an average representation of blood glucose levels during that period. This test helps healthcare providers assess the effectiveness of treatment strategies and make necessary adjustments.

No specific medication or treatment is required for this assessment; rather, it serves as a diagnostic tool to evaluate the patient's current management plan and guide future interventions."
Mosaic pattern of bone is seen in radiographic features of:,A,A,True,1.0,False,"The correct answer is indeed A) Fibrous dysplasia.

Fibrous dysplasia is a benign bone disorder characterized by abnormal growth of fibrous tissue replacing normal bone tissue. Radiographically, it presents with a mosaic pattern due to the irregular mixture of sclerotic and lucent areas within the affected bone. This appearance results from the disorganized arrangement of trabeculae in the bone.

There is no specific medication required for fibrous dysplasia; however, treatment may be necessary depending on the extent of involvement and symptoms experienced by the patient. Treatment options include observation, surgical intervention (for cosmetic or functional reasons), or bisphosphonate therapy to manage pain and prevent fractures."
Fourth generation meth-acrylate based resin sealer include?,C,B,False,1.0,False,"The fourth-generation methacrylate-based resin sealer includes Resilon (option B). This type of sealer is designed for use in root canal obturation to seal the dentinal tubules and prevent bacterial leakage.

Resilon is a polymerized material that exhibits improved sealing capabilities compared to earlier generations. It has been shown to have better sealing properties, resistance to dissolution, and biocompatibility than its predecessors. Additionally, Resilon can be used with both single- and multi-viscosity gutta-percha obturation techniques.

No specific medication or treatment is required for this diagnosis, as it refers to a type of dental material rather than an illness or condition that needs medical intervention."
Maternal moality ratio expressed in:-,A,B,False,1.0,False,"The maternal mortality ratio (MMR) is a measure of the number of maternal deaths per 100,000 live births in a given year. It represents the risk of death due to pregnancy-related complications for women during childbirth.

Answer: B) Maternal death per 100,000 lives

Explanation: The MMR is an important indicator of maternal health and the quality of obstetric care provided in a country or region. A higher MMR indicates poorer maternal healthcare outcomes and increased risks for pregnant women. There are no specific medications or treatments required for this answer; rather, it represents a statistical measure used to assess maternal health.

Treatment or medication is not directly related to this question as it's an epidemiological indicator. However, addressing the underlying causes of high MMRs may involve improving access to prenatal care, skilled birth attendants, and emergency obstetric services."
Which induction anaesthetic agent has antiemetic effect?,A,B,False,1.0,False,"Propofol (B) is an induction anaesthetic agent that possesses antiemetic effects. This is due to its ability to suppress the chemoreceptor trigger zone in the brainstem, which reduces nausea and vomiting during anesthesia.

No specific medication or treatment is required for this effect, as propofol's antiemetic properties are inherent to its mechanism of action. However, if a patient experiences persistent postoperative nausea and vomiting (PONV), additional antiemetics may be prescribed by the anesthesiologist or surgeon."
A 10 year old boy following a road traffic accident presents to the casualty with contaminated wound over the left leg. He has received his com- plete primary immunization before preschool age and received a booster of DT at school entry age. All of following can be done except :,A,B,False,1.0,False,"The correct answer is B) Injection of human antiserum.

Explanation:
Since the 10-year-old boy has received complete primary immunization before preschool age and a booster dose of DT (diphtheria-tetanus) at school entry, he is adequately protected against diphtheria. Human antiserum is not indicated in this case as it would only be used for passive immunization in individuals who are not immune or have not completed their vaccination series.

Treatment:
The contaminated wound should be thoroughly cleaned and debrided to prevent infection. Appropriate antibiotics should be administered based on the severity of the wound and any signs of infection. Tetanus prophylaxis may still be considered if it has been more than 10 years since his last booster dose or if there is a history of inadequate immunization.

Specific medication or treatment required:
- Wound cleaning and debridement
- Appropriate antibiotics based on severity and signs of infection
- Tetanus prophylaxis if necessary (e.g., tetanus toxoid vaccine, human tetanus immune globulin)"
"In Myocardial infarction, the major pathology is",A,B,False,1.0,False,"In myocardial infarction (MI), the major pathology is indeed B) Myocardial necrosis caused by acute occlusion of a coronary artery.

Myocardial necrosis refers to the death of heart muscle cells due to lack of blood supply, which leads to irreversible damage and scarring. This occurs when there is an acute blockage in one or more coronary arteries, preventing oxygen-rich blood from reaching the affected area of the myocardium (heart muscle). As a result, the cardiac tissue becomes ischemic and eventually necrotic.

Treatment for MI typically involves reperfusion therapy to restore blood flow as quickly as possible. This may include thrombolytic agents such as alteplase or tenecteplase to dissolve clots, or percutaneous coronary intervention (PCI) with stenting to mechanically open the blocked artery. Antiplatelet medications like aspirin and P2Y12 inhibitors (e.g., clopidogrel) are also used to prevent further clot formation and reduce the risk of recurrent ischemic events. Beta-blockers may be prescribed to slow the heart rate and reduce blood pressure, thereby decreasing oxygen demand and reducing the workload on the affected area of the myocardium.

In addition to reperfusion"
Localized Juvenile Periodontitis- primary pathogen is,C,A,False,1.0,False,"Localized juvenile periodontitis (LJP) is a rare form of aggressive periodontal disease that primarily affects young individuals, typically before the age of 20. The primary pathogen responsible for LJP is Aggregatibacter actinomycetemcomitans (formerly known as Acinetobacter actinomycetemcomitans).

A. actinomycetemcomitans is a gram-negative, non-motile bacterium that colonizes the oral cavity and can cause severe periodontal destruction in susceptible individuals. It produces several virulence factors, such as cytolethal distending toxin (CDT) and outer membrane proteins, which contribute to its pathogenicity.

Treatment for LJP typically involves a combination of non-surgical and surgical approaches. Non-surgical therapy includes mechanical debridement through scaling and root planing, along with the use of antimicrobial agents such as antibiotics or anti-inflammatory medications like doxycycline or amoxicillin-clavulanate. In severe cases, surgical interventions may be necessary to manage bone loss and stabilize teeth.

It is essential for patients diagnosed with LJP to receive regular periodontal maintenance therapy to prevent recurrence of the disease"
A male child with Fanconi syndrome with nephrocalcinosis has a variant of dent disease. All are true except :,B,C,False,1.0,False,"C) Similar presentation in father

This statement is not necessarily true for all cases of Fanconi syndrome with nephrocalcinosis and a variant of dent disease. While there may be a familial component to these conditions, the presence of similar symptoms in the father does not automatically confirm the diagnosis.

Fanconi syndrome is a rare disorder characterized by impaired proximal tubular function leading to excessive urinary excretion of glucose, amino acids, phosphate, and other solutes. Nephrocalcinosis refers to the deposition of calcium salts within the kidneys, which can lead to nephrolithiasis (kidney stones) and chronic kidney disease.

Dent disease is a group of rare X-linked disorders characterized by proximal renal tubular dysfunction, nephrolithiasis, and progressive renal failure. The variant in question refers to specific genetic mutations that cause these conditions.

The diagnosis of Fanconi syndrome with nephrocalcinosis and dent disease variant would typically involve a combination of clinical evaluation, laboratory tests (including urine and blood analysis), imaging studies (such as ultrasound or CT scan), and genetic testing for the specific mutation. Treatment may include management of electrolyte imbalances, hydration to prevent dehydration and stone formation, and medications such as th"
Which of the following is not involved in blood clotting?,C,D,False,1.0,False,"Fe+2 (Iron II) is not involved in blood clotting. Blood clotting involves a complex cascade of reactions involving platelets, coagulation factors (such as thrombin), and fibrinogen to form a stable clot at the site of injury. Iron, an essential mineral for hemoglobin synthesis in red blood cells, does not participate directly in this process.

No specific medication or treatment is required for Fe+2 involvement in blood clotting since it is not involved in this process. However, iron deficiency can lead to impaired hemoglobin production and anemia, which may require iron supplementation."
DNA Methylation is not related with?,C,B,False,0.67,True,"DNA methylation is a process that involves the addition of a methyl group to cytosine residues in CpG islands, leading to gene silencing and epigenetic regulation. It is not directly related to DNA replication, which is the process by which an exact copy of the genetic material is created before cell division.

The selected answer, B) DNA Replication, is correct because DNA methylation does not play a role in the actual copying of DNA sequences during replication. Instead, it influences gene expression and cellular differentiation through epigenetic mechanisms.

No specific medication or treatment is required for this answer as it pertains to a biological process rather than a disease or condition."
While preparing a Class II cavity on a maxillary first molar which of the pulp horns are likely to get exposed:,A,A,True,1.0,False,"The correct answer is indeed A) Mesiolingual and mesiobuccal pulp horns.

When preparing a Class II cavity on a maxillary first molar, these two pulp horns are more likely to be exposed due to the anatomy of this tooth. The maxillary first molar has four cusps (mesiobuccal, distobuccal, palatal, and distolingual) with corresponding pulp horns. In a Class II cavity preparation, the buccal and lingual walls extend towards the occlusal surface, which means that the mesiolingual and mesiobuccal pulp horns are more likely to be exposed compared to the distobuccal and distolingual pulp horns.

There is no specific medication or treatment required for this exposure as long as proper isolation techniques are used during the restorative procedure. However, it's essential to ensure that the dentist takes necessary precautions to avoid accidental pulp exposure, which could lead to irreversible pulpitis or even pulp necrosis if not managed properly. If pulp exposure occurs, the dentist should consider endodontic treatment depending on the extent of exposure and patient symptoms.

In summary, the mesiolingual and mesiobuccal pulp horns are more likely to"
Additional period required for enamel calcification after eruption into oral cavity,A,B,False,0.5,True,"The correct answer is indeed B) 2 years.

Enamel calcification is a process that continues for approximately two years after tooth eruption into the oral cavity. This extended period allows for further maturation of enamel, which enhances its resistance to decay and wear. The reason for this prolonged period lies in the fact that enamel formation begins during fetal development and continues throughout childhood and adolescence.

No specific medication or treatment is required for this process, as it occurs naturally. However, maintaining good oral hygiene practices such as regular brushing and flossing can help support optimal enamel health and prevent decay. Additionally, avoiding excessive consumption of acidic foods and drinks may also contribute to better enamel integrity."
All are Gp lIbilIla inhibitors except:,A,B,False,1.0,False,"Abciximab (B) is not a GPIIb/IIIa inhibitor. It belongs to the class of glycoprotein IIb/IIIa antagonists, but it specifically targets the platelet receptor integrin αIIbβ3, rather than GPIIb/IIIa.

GPIIb/IIIa inhibitors are medications that prevent platelet aggregation by blocking the binding of fibrinogen and other ligands to the GPIIb/IIIa complex on the surface of platelets. Examples include clopidogrel, prasugrel, ticagrelor, and eptifibatide.

Abciximab, on the other hand, is a monoclonal antibody that specifically targets integrin αIIbβ3, which is responsible for platelet aggregation. It is used as an antiplatelet agent in percutaneous coronary interventions (PCI) to prevent thrombus formation during angioplasty procedures.

No specific medication or treatment is required for this diagnosis, as it simply involves recognizing the correct classification of abciximab. However, if you are referring to a clinical scenario where a GPIIb/IIIa inhibitor is needed, other options such as clopidogrel"
The active principle of white oleander is:,A,B,False,1.0,False,"The correct answer is indeed B) Nerin.

Nerin is a toxic cardiac glycoside found in white oleander (Oleanderus nerifolia), which belongs to the Apocynaceae family. It has been reported to possess significant cardiotoxic effects, similar to those of digitalis, another well-known cardiac glycoside found in foxglove plants.

The diagnosis/answer is based on scientific research and studies that have identified nerin as the primary toxic compound responsible for oleander's adverse cardiovascular effects when ingested or otherwise introduced into the body. These effects include bradycardia (slow heart rate), arrhythmias, and even cardiac arrest due to inhibition of Na+/K+-ATPase activity in cardiac muscle cells.

As a result, any ingestion of white oleander should be considered an emergency situation requiring immediate medical attention. Treatment typically involves supportive care such as oxygen therapy, intravenous fluids, and monitoring of vital signs. In severe cases or when symptoms persist despite initial treatment, antiarrhythmic medications may be administered under close supervision by a healthcare professional.

It is important to note that there are no specific antidotes available for oleander poisoning, so management primarily focuses on stabilizing the patient's condition"
"The yellowish white soft sticky deposit loosely adherent
present on tooth surface is",A,A,True,1.0,False,"The correct answer is indeed A) Materia alba.

Materia alba refers to a yellowish-white, soft, sticky deposit loosely adherent on tooth surfaces. It is primarily composed of bacteria, food debris, and saliva. This condition can lead to dental plaque formation if not removed regularly through proper oral hygiene practices such as brushing and flossing.

No specific medication or treatment is required for materia alba, as it is a normal component of the oral flora. However, regular maintenance of good oral hygiene habits is essential to prevent its accumulation and subsequent development into dental plaque, which can lead to tooth decay and gum disease (periodontitis). If you have concerns about your oral health, consult with your dentist for personalized advice and care."
A term gestation newborn developed respiratory distress. Which of the following would favour Respiratory distress syndrome (HIVID) ?,A,B,False,0.83,False,"Respiratory Distress Syndrome (RDS), also known as Hyaline Membrane Disease (HMD), is a common condition in preterm infants characterized by insufficient surfactant production leading to alveolar collapse and impaired gas exchange.

The given answer, B) Air bronchogram on chest x-ray, favors the diagnosis of RDS. An air bronchogram appears as a branching pattern of radiolucent air-filled bronchi against the opacified lung parenchyma due to fluid accumulation in the alveoli. This finding is typical for RDS because surfactant deficiency causes alveolar collapse and fluid accumulation, which obscures the lung parenchyma while preserving the airways.

Treatment of RDS primarily involves supportive care with oxygen supplementation and mechanical ventilation if necessary. In addition, exogenous surfactant administration can be beneficial in improving lung compliance and reducing the need for mechanical ventilation. Corticosteroids may also be used to accelerate fetal lung maturation in at-risk pregnancies. However, these medications are not indicated for established RDS.

It is important to note that HIV infection does not cause Respiratory Distress Syndrome (RDS). The term ""HIVID"" appears to be a typ"
‘Fleur -de- lys’ term is used for:,A,A,True,1.0,False,"The 'fleur-de-lis' term is used to describe a specific dental anomaly called dens invaginatus (DI). DI refers to an invagination of the enamel cord into the dentinal pulp chamber, often resembling the shape of a fleur-de-lis flower.

This condition can lead to tooth sensitivity and potential endodontic complications if left untreated. Treatment for DI typically involves root canal therapy to remove infected or damaged tissue and prevent further issues. No specific medication is required for this dental anomaly; however, antibiotics may be prescribed in cases where infection is present.

It's important to note that not all dens invaginatus require treatment, as some may remain asymptomatic throughout the patient's life. Regular dental check-ups can help identify these anomalies early on and guide appropriate management strategies."
Renal feed for CKD patients-,B,A,False,0.67,True,"The selected answer, ""Low calorie low volume,"" refers to a renal diet for Chronic Kidney Disease (CKD) patients. This dietary approach aims to manage fluid intake and caloric consumption while ensuring adequate nutrition.

CKD patients often experience fluid retention due to impaired kidney function, which can lead to hypertension and edema. Restricting fluid intake helps control blood pressure and alleviate swelling. Additionally, a low-calorie diet is beneficial for weight management and may slow disease progression by reducing the metabolic demand on the kidneys.

A renal dietitian will typically create an individualized meal plan based on the patient's specific needs, including protein requirements to preserve muscle mass and electrolyte balance. This dietary regimen should be monitored closely in conjunction with other treatments such as medications (e.g., ACE inhibitors or ARBs for hypertension) and regular dialysis sessions if necessary.

In summary, a low-calorie, low-volume renal diet is essential for CKD patients to manage fluid retention, blood pressure, and overall nutritional status. This dietary approach should be tailored by a renal dietitian and closely monitored in conjunction with other treatments as needed."
Point used as termination of Root canal procedure is,A,C,False,0.83,False,"The correct answer is indeed ""C) Both"". 

In a root canal procedure, the point of termination can be either at the apical constriction (point A) or at the radiographic apex (point B). Point A refers to the narrowest part of the root canal, usually located just before the apical foramen. This is often considered as the ideal termination point since it ensures complete removal of infected tissue and obturation of the canal. However, in some cases, especially when there's a significant curvature or an open apex, the dentist may choose to terminate at point B, which is the radiographic apex. 

In both scenarios, the goal remains the same: to ensure thorough disinfection and obturation of the root canal system. No specific medication or treatment is required beyond standard endodontic procedures, such as using appropriate irrigants (e.g., sodium hypochlorite) and sealers (e.g., gutta-percha), along with a well-fitting restoration (e.g., amalgam or composite)."
"Kwashiorkar , true is",C,D,False,1.0,False,"Kwashiorkor is a severe form of protein-energy malnutrition that primarily affects children in developing countries. The diagnostic criteria for Kwashiorkor include:

A) Edema (swelling due to fluid retention)
B) Growth retardation
C) Hepatomegaly (enlarged liver)

The selected answer, D) All of the above, is correct because all three conditions are necessary for a definitive diagnosis of Kwashiorkor. The edema results from hypoalbuminemia (low serum albumin levels), which leads to fluid leakage into tissues and organs. Growth retardation indicates impaired growth due to inadequate nutrition. Hepatomegaly occurs as the liver tries to store excess fat in response to malnutrition.

Treatment for Kwashiorkor involves addressing both nutritional deficiencies and underlying causes, such as infections or parasites. This may include:

1. Replenishing protein intake through a high-protein diet or supplements
2. Providing adequate calories to support growth and recovery
3. Treating any concurrent infections with appropriate antibiotics
4. Managing dehydration by providing fluids and electrolytes

In severe cases, hospitalization might be necessary for close monitoring and supportive care. Long-term management includes addressing the root causes of mal"
Lenolin is added in ZOE paste to:,A,D,False,1.0,False,"Lenolin is added in ZOE (Zinc Oxide Eugenol) paste to decrease irritation due to eugenol (Answer D). 

Eugenol, a primary component of ZOE cement, can cause allergic reactions or irritation in some patients. Lenolin, an emollient derived from pine resin, helps to counteract these adverse effects by providing a protective barrier on the oral mucosa and reducing inflammation. Therefore, it is added to ZOE paste as a soothing agent.

No specific medication or treatment is required for this condition; however, if irritation persists or worsens, consultation with an oral health professional may be necessary for further evaluation and management."
Which of the following is not transmitted by lice,A,A,True,0.83,False,"A) Q fever is not transmitted by lice.

Q fever is a zoonotic disease caused by Coxiella burnetii bacteria, which primarily affects animals such as sheep, goats, and cattle. Humans can become infected through contact with contaminated animal products, inhalation of aerosolized bacteria, or consumption of unpasteurized dairy products. Lice are not vectors for Q fever transmission.

The diagnosis of Q fever is based on clinical presentation, laboratory tests (such as PCR, serology, and culture), and epidemiological history. Treatment typically involves antibiotics like doxycycline or ciprofloxacin for acute infections, while chronic cases may require longer courses of treatment. There are no specific medications required for lice infestations, as they can be managed with topical or oral treatments such as permethrin, ivermectin, or malathion."
What will be the oxygen carrying capacity of an 18-year-old patient with a hemoglobin of 14 g/dL?,B,B,True,0.33,True,"The correct answer is not provided in the given options (A, B, C). However, we can calculate the oxygen carrying capacity based on the hemoglobin level.

Oxygen carrying capacity = Hemoglobin x 1.34 mL O2/g Hb x Total Hemoglobin (g/dL) x 10
Oxygen carrying capacity = 14 g/dL x 1.34 mL O2/g Hb x 1000 mL/L

Since the patient's hemoglobin is within the normal range for an adult (13-17 g/dL), their oxygen carrying capacity is also normal. No specific medication or treatment is required in this case, as the patient's hemoglobin level indicates adequate oxygen transport capabilities.

Please note that the provided options do not correspond to any diagnosis or treatment requirement based on the given information."
All the following muscles of larynx are supplied by the recurrent laryngeal nerve except:,A,B,False,1.0,False,"The correct answer is indeed B) Cricothyroid.

The cricothyroid muscle receives its innervation from the external laryngeal nerve (also known as the superior laryngeal nerve), not the recurrent laryngeal nerve. The recurrent laryngeal nerve supplies all intrinsic muscles of the larynx, including the adductor and abductor muscles.

There is no specific medication or treatment required for this diagnosis, as it simply clarifies the correct innervation of the cricothyroid muscle. However, if you are referring to a clinical context where there might be an issue with nerve supply due to injury or disease, appropriate management would depend on the underlying cause and symptoms presented by the patient."
Which of the following techniques is based on RNA?,A,C,False,0.83,False,"C) Next-generation sequencing (NGS)

Next-generation sequencing (NGS) is a technique based on RNA that allows for simultaneous analysis of multiple genes or genomic regions in a single experiment. It has revolutionized genetic research and clinical diagnostics by enabling rapid, high-throughput identification of mutations and variations.

In NGS, RNA is extracted from biological samples and converted into complementary DNA (cDNA) through reverse transcription. The cDNA is then fragmented, amplified using PCR, and ligated to adapters for sequencing. The resulting library is sequenced on a next-generation sequencing platform, such as an Illumina or Ion Torrent machine.

NGS has numerous applications in clinical diagnostics, including identifying genetic mutations associated with hereditary diseases, detecting viral RNA in infectious disease diagnosis, and monitoring gene expression patterns in cancer research.

No specific medication or treatment is required for NGS itself; however, the results obtained from NGS may guide therapeutic decisions based on the identified genetic variations. For example, if a patient has a mutation in a tumor suppressor gene, targeted therapy options might be considered to treat their cancer."
Minimum concentration of oxygen needed in NO analgesia,B,A,False,0.67,True,"The minimum concentration of oxygen needed in nitrous oxide (NO) analgesia is indeed around 10%. This is because a mixture of at least 30% nitrous oxide and 70% oxygen provides adequate analgesia while ensuring sufficient oxygenation for the patient.

Nitrous oxide, also known as laughing gas, is commonly used as an adjunct to anesthesia or analgesia. It works by activating receptors in the brain that inhibit pain perception. However, it can cause hypoxia if not combined with a sufficient concentration of oxygen. Therefore, a minimum of 10% oxygen is required to ensure adequate oxygenation and prevent potential complications.

No specific medication or treatment is required for this answer, as it pertains to the composition of gases used in analgesia rather than any pharmacological intervention."
In rheumatoid arthritis there is inflammation of:,A,B,False,1.0,False,"In rheumatoid arthritis (RA), there is inflammation primarily of the synovial membrane (B). This leads to swelling, pain, stiffness, and loss of function in affected joints.

The synovial membrane lines the inner surface of synovial joints, which are found throughout the body. In RA, the immune system mistakenly attacks the synovium, causing chronic inflammation and thickening of this tissue. As a result, fluid accumulation within the joint space increases, leading to swelling and pain.

Treatment for rheumatoid arthritis typically involves a combination of medications and lifestyle modifications. Disease-modifying antirheumatic drugs (DMARDs) are often prescribed early in the course of RA to slow disease progression and prevent long-term damage. These may include methotrexate, hydroxychloroquine, sulfasalazine, or leflunomide. Corticosteroids can be used for short-term relief of symptoms, while biologic agents target specific inflammatory pathways.

Physical therapy and exercise programs are essential to maintain joint mobility and strength. In severe cases, surgery may be necessary to repair or replace damaged joints. Regular monitoring by a rheumatologist is crucial to adjust treatment as needed and prevent complications such as osteoporosis and"
Winged rubber dam retainer in endodontics advantages are all except,A,A,True,1.0,False,"The correct answer is ""A) Radiographs are good showing full length of canals.""

Winged rubber dam retainers in endodontics have several advantages, including:

1. Improved isolation: The winged design helps to create a more secure seal around the patient's face, reducing moisture and aerosol contamination during treatment.
2. Enhanced visibility: The clear material allows for better visualization of the operative site, making it easier to identify anatomical landmarks and avoid procedural errors.
3. Patient comfort: Winged retainers are generally more comfortable for patients due to their design, which distributes pressure more evenly across the face.

However, radiographic visualization is not necessarily improved with winged rubber dam retainers. Radiographs (X-rays) are used primarily to assess the extent of root canal involvement and to monitor treatment progress. The quality of radiographic images depends on factors such as patient positioning, X-ray beam alignment, and image processing rather than the type of rubber dam retainer used.

Therefore, option A is not an advantage specific to winged rubber dam retainers in endodontics."
"A 11-year-old child comes to the dental office one hour
after injury to a maxillary central incisor. The tooth is
vital and	slightly	mobile.	Radiographic	examination
reveals a fracture at the apical third of the root. What is
the best treatment at this point of time:",B,C,False,1.0,False,"The selected answer is indeed correct for this scenario. The child has suffered an injury to a vital maxillary central incisor with slight mobility and a fracture at the apical third of the root as revealed by radiographic examination.

At this point, the best course of action would be to relieve the occlusion (reduce the biting force on the tooth) and splint the tooth. This is because the tooth is still vital, indicating that there's no need for endodontic treatment at this stage. However, it's crucial to stabilize the tooth to prevent further mobility or displacement due to chewing forces.

Relieving the occlusion will help reduce stress on the fractured root, while splinting will provide additional support and protection until healing occurs. This can be achieved using a flexible splint that allows for easy removal once the tooth has stabilized. No specific medication is required at this stage unless there's an infection or inflammation present.

It's important to note that regular follow-up appointments should be scheduled to monitor the healing process, and if necessary, further treatment such as root canal therapy might be considered in the future if symptoms of pulpitis develop."
Resistance form of endodontics is:,A,A,True,1.0,False,"The correct answer is A) Resists movement of gutta-percha in apical area.

Resistance form of endodontics refers to the ability of a root canal filling material (gutta-percha) to resist movement within the apical area, ensuring proper sealing and preventing leakage or microleakage. This resistance is crucial for maintaining the integrity of the root canal treatment and reducing the risk of post-treatment complications such as reinfection.

No specific medication is required for this form of endodontics; rather, it is achieved through careful selection and manipulation of the gutta-percha material during obturation, along with proper technique and instrumentation. This may include using specialized instruments like Lentulo spiral fillers or vertical compaction techniques to ensure adequate adaptation and resistance of the filling material in the apical area.

In summary, resistance form of endodontics is a desirable outcome that ensures effective sealing of the root canal system and reduces the risk of treatment failure. It can be achieved through proper technique and instrumentation during obturation, rather than requiring specific medications."
Antibody in chronic allergy ?,C,D,False,1.0,False,"IgE (Immunoglobulin E) is the primary antibody involved in chronic allergies. It plays a crucial role in triggering allergic reactions by binding to allergens and activating mast cells and basophils, leading to the release of histamine and other inflammatory mediators.

In chronic allergy, IgE levels are persistently elevated due to repeated exposure to allergens, causing continuous activation of immune cells and ongoing inflammation. This results in symptoms such as rhinitis, conjunctivitis, asthma, or atopic dermatitis.

Treatment for chronic allergies typically involves avoidance of the specific allergen(s), if possible, along with medications that target IgE-mediated reactions. These may include antihistamines (e.g., loratadine) to block histamine receptors and corticosteroids (e.g., fluticasone) to reduce inflammation. In severe cases or when avoidance is not feasible, allergen immunotherapy (allergy shots) can be considered to desensitize the patient over time.

It's important to note that while IgE is a key player in chronic allergies, other immune cells and mechanisms are also involved, such as T-cells and eosinophils. Therefore, a comprehensive treatment plan should consider"
"While assessing the efficacy of a newly developed drug in comparison to placebo, the 95% confidence interval in clinical trials is used to check for:",A,A,True,1.0,False,"The selected answer is correct as it states that the 95% confidence interval in clinical trials is used to check for efficacy of the drug.

Explanation: In randomized controlled trials (RCTs), a placebo-controlled design is often employed to assess the efficacy and safety of a new drug compared to an inactive substance, or placebo. The primary outcome measures are typically continuous variables, such as mean changes from baseline or absolute values at end-point. To determine whether these differences between groups are statistically significant, confidence intervals (CIs) are calculated.

A 95% CI represents the range within which the true population parameter is likely to lie with a probability of 95%. If this interval does not include zero, it indicates that the observed difference between groups is unlikely to be due to chance alone. In other words, if the lower bound of the CI is above zero and the upper bound below zero, the drug effect is deemed statistically significant.

No specific medication or treatment is required for this answer as it pertains to a statistical method used in clinical trials rather than a particular intervention."
Which material is the most difficult to remove from the patient's mouth?,A,D,False,1.0,False,"Impression plaster (Type 3 plaster of Paris) is considered the most difficult material to remove from a patient's mouth due to its high viscosity and strong bonding properties with oral tissues. This makes it challenging for both patients and dental professionals to dislodge, especially when set.

There are no specific medications or treatments required for removing impression plaster. However, dental professionals may use various techniques such as gentle irrigation with water or saline solution, mechanical removal using a spoon excavator or explorer, or chemical dissolution with an acid (e.g., hydrochloric acid) to aid in the process. It is essential to exercise caution during these procedures to avoid damaging oral tissues and causing discomfort for the patient.

In general, it's crucial to minimize the risk of impression plaster getting into contact with the patient's mouth by using protective barriers such as dams or isolation devices during impressions. Additionally, ensuring proper mixing and application techniques can help prevent excessive material from entering the oral cavity."
Main cause of RPD failure is:,B,C,False,1.0,False,"RPD stands for Removable Partial Denture. The main cause of RPD failure is indeed due to insufficient contact of teeth and improper clasp design (option C). This occurs when the denture base does not adequately engage the underlying supporting tissues, leading to instability and potential dislodgment.

Insufficient contact can result from inadequate preparation of abutment teeth or poor selection of restorative materials. Improper clasp design may lead to excessive stress concentration on the tooth structure, causing wear, fracture, or even loss of the abutment tooth.

To address this issue, a dentist should evaluate and adjust the denture base and clasps accordingly. This might involve modifying the denture base to improve its fit and engagement with the underlying tissues or redesigning the clasp mechanism to distribute forces more evenly across the abutment teeth. In some cases, additional restorative procedures may be necessary to strengthen the abutment teeth.

No specific medication is required for RPD failure due to insufficient contact of teeth and improper clasp design. Instead, a dentist should focus on improving the denture's fit and function through adjustments or modifications as needed."
"A 40 years old female presented with acute onset shoness of breath. She has a history of nephrotic syndrome 1 year back and recent prolonged air travel. She has a BP of 90/60 mm Hg, hea rate of 115 per minute and sinus tachycardia on ECG. A 2-D echocardiogram revealed dilation of right ventricle with bulging of the interventricular septum to the left. What will be the primary treatment modality?",A,C,False,1.0,False,"The patient's presentation with acute onset shortness of breath, hypotension (BP 90/60 mmHg), tachycardia (HR 115 bpm), sinus tachycardia on ECG, and dilation of the right ventricle with bulging of the interventricular septum to the left on echocardiogram suggests a diagnosis of pulmonary embolism (PE).

The primary treatment modality for PE is anticoagulation. Unfractionated heparin (option C) is an appropriate choice as it can be initiated quickly and has been shown to improve outcomes in patients with PE. Low-molecular-weight heparins, such as enoxaparin or dalteparin, may also be used.

In addition to anticoagulation, supplemental oxygen should be provided if the patient's oxygen saturation is low. If the patient remains hemodynamically unstable despite anticoagulation and supportive care, thrombolytic therapy with alteplase (tPA) might be considered as a rescue treatment option.

It is essential to note that the patient has a history of nephrotic syndrome, which may require careful monitoring of renal function when initiating anticoagulant therapy."
"In multirooted teeth, formation of multiple roots is due to presence of:",A,C,False,0.83,False,"The correct answer is C) Tooth bud division or bell stage.

During tooth development, the tooth bud undergoes a series of morphogenetic stages, including the bell stage. During this stage, the tooth bud divides into two or more parts, leading to the formation of multiple roots in multirooted teeth. This process occurs due to the differential growth and differentiation of the dental epithelium and mesenchyme.

No specific medication is required for this developmental process. However, if complications arise from multirooted teeth, such as periodontal disease or tooth injury, appropriate treatment should be administered by a dentist or oral surgeon."
"In Down syndrome patient, which teeth have severe periodontitis",A,C,False,0.83,False,"In individuals with Down syndrome, there is an increased prevalence of dental abnormalities, including delayed eruption times, small teeth, and periodontal disease. Among these issues, severe periodontitis often affects upper molars (option C).

The reason for this predilection lies in the genetic predisposition associated with Down syndrome, which can lead to abnormal tooth development and attachment apparatus formation. This results in a higher susceptibility to periodontal infections and inflammation.

Treatment of severe periodontitis in Down syndrome patients typically involves non-surgical scaling and root planing, followed by regular maintenance therapy. In some cases, surgical intervention may be necessary if the disease is advanced or has not responded well to conservative treatment. Antibiotics are often prescribed for acute infections, while anti-inflammatory medications can help manage chronic inflammation.

It's important to note that individuals with Down syndrome may require specialized dental care due to their unique oral health challenges. Regular dental check-ups and preventive measures, such as good oral hygiene practices and fluoride treatments, should be emphasized to maintain optimal oral health."
Folic acid deficiency occurs in:,A,B,False,1.0,False,"Folic acid deficiency can occur due to various reasons such as inadequate dietary intake, malabsorption, or increased demand during pregnancy. Among medications, phenytoin (an anticonvulsant) is known to interfere with folic acid absorption and metabolism, leading to a deficiency.

Phenytoin inhibits the intestinal absorption of folic acid by reducing its transport across the brush border membrane. Additionally, it induces enzymes involved in folic acid catabolism, further contributing to decreased levels. This can result in megaloblastic anemia, which is characterized by large, immature red blood cells.

To manage this deficiency, supplementation with folic acid is necessary. Patients taking phenytoin should be advised to consume a balanced diet rich in folate and consider taking a daily supplement if their healthcare provider recommends it. Regular monitoring of hemoglobin levels and complete blood counts can help identify any potential complications related to megaloblastic anemia.

In summary, folic acid deficiency can occur due to phenytoin use, leading to megaloblastic anemia. Supplementation with folic acid is essential for managing this condition, along with dietary modifications and regular monitoring of hematologic parameters."
Which of the following will not decrease mother to child transmission of HIV?,A,B,False,1.0,False,"The correct answer is indeed B) Vaginal delivery.

Mother-to-child transmission (MTCT) of HIV occurs primarily during pregnancy, childbirth, or breastfeeding. Vaginal delivery itself does not decrease MTCT; rather, it increases the risk compared to cesarean section (C-section). A C-section can significantly reduce the risk of MTCT by minimizing exposure to infected blood and bodily fluids.

To further decrease MTCT, antiretroviral therapy (ART) should be initiated in HIV-positive pregnant women. ART reduces viral load, thereby decreasing transmission risks during pregnancy, childbirth, or breastfeeding. Additionally, elective C-sections are recommended for women with high viral loads (>1,000 copies/mL)."
"On the day following a formocresol pulpotomy of a
mandibular molar, a three year old patient returned with
a large ulcer near the midline of the lower lip. What is
the probable cause of the ulcer?",A,D,False,1.0,False,"The probable cause of the ulcer in this case is indeed leakage of formocresol on the lip (option D). Formocresol is a disinfectant used for pulpotomy procedures, which involves removing infected pulp tissue from the tooth and filling the canal with an inert material. If formocresol accidentally comes into contact with the oral mucosa during the procedure, it can cause chemical burns or ulceration.

In this case, the three-year-old patient returned on the day following the pulpotomy with a large ulcer near the midline of the lower lip, suggesting that formocresol may have leaked onto the lip during the procedure. The ulcer could be painful and might require symptomatic treatment such as topical anesthetics or pain relievers like acetaminophen.

To prevent further complications, it is essential to monitor the patient closely for signs of infection or allergic reactions. If necessary, the dentist should consider re-doing the pulpotomy using a different disinfectant or taking extra precautions during the procedure to avoid leakage onto the lip."
Which of the following conditions is associated with polyhy dramnios?,A,C,False,1.0,False,"Polyhydramnios is a condition characterized by an excessive accumulation of amniotic fluid during pregnancy. Among the options provided, congenital diaphragmatic hernia (CDH) is associated with polyhydramnios.

CDH occurs when there's an abnormal opening in the diaphragm that allows abdominal organs to herniate into the chest cavity. This can lead to impaired swallowing and gastroesophageal reflux, resulting in increased fetal urine production and contributing to polyhydramnios.

There is no specific medication required for polyhydramnios itself; however, management of CDH may involve prenatal counseling, serial ultrasound monitoring, and potential surgical intervention after birth. In some cases, maternal hydration restriction might be advised to manage polyhydramnios symptoms."
Chemotactic cytokine is,B,C,False,1.0,False,"Chemotactic cytokines are proteins that attract immune cells to sites of inflammation or infection by creating a chemical gradient. Among various chemotactic cytokines, Interleukin-8 (IL-8) plays a significant role in recruiting neutrophils and macrophages to the site of injury.

The selected answer is C) IL-8 because it is a well-known chemotactic cytokine that mediates neutrophil recruitment during inflammation. IL-8 binds to its receptors on neutrophils, causing them to migrate towards the source of inflammation or infection.

No specific medication or treatment is required for IL-8 as an individual molecule; however, targeting IL-8 signaling pathways may be beneficial in certain conditions such as chronic inflammatory diseases (e.g., rheumatoid arthritis) or cancer metastasis. In these cases, anti-IL-8 antibodies or inhibitors of its receptors can be used to modulate the immune response and prevent excessive inflammation.

In summary, IL-8 is a chemotactic cytokine that attracts neutrophils and macrophages during inflammation. While no specific treatment for IL-8 itself exists, targeting its signaling pathways may be useful in managing certain chronic inflammatory diseases or cancer metastasis."
"A 38 years old female presented to the emergency with extensive burns. The patient had grade 3 burns on the face, back, upper arms and forearms along with singeing of hairs. Which of the following is not a proof of inhalation burns?",A,D,False,1.0,False,"Singeing of eyebrows and facial hair (option D) is not a definitive proof of inhalation burns. Inhalation burns are typically characterized by soot deposition in the upper airways, carbonaceous sputum, and respiratory symptoms such as coughing, wheezing, or shortness of breath.

In this case, singeing of eyebrows and facial hair could be due to direct exposure to flames rather than inhalation of hot gases. Therefore, it is not a reliable indicator for inhalation burns.

Treatment for extensive burns should include fluid resuscitation, pain management, wound care, and monitoring for potential complications such as infection or respiratory distress. If inhalation injury is suspected, the patient may require intubation and mechanical ventilation to protect their airways."
After spleenectomy patient becomes more prone to,C,B,False,1.0,False,"After a spleenectomy, patients become more susceptible to infections caused by encapsulated bacteria such as Streptococcus pneumoniae, Haemophilus influenzae type b, and Neisseria meningitidis. These organisms have polysaccharide capsules that protect them from phagocytosis by immune cells like neutrophils and macrophages. The spleen plays a crucial role in filtering the blood and removing encapsulated bacteria.

The selected answer, B) Gram -ve & anaerobic, is not entirely accurate for this scenario. Instead, the correct answer would be A) Encapsulated bacteria (Gram-positive).

Patients who have undergone splenectomy should receive vaccinations against Streptococcus pneumoniae, Haemophilus influenzae type b, and Neisseria meningitidis to prevent infections. In addition, they may require prophylactic antibiotics such as penicillin or amoxicillin for a certain period after the surgery. Regular monitoring of their immune status and prompt treatment of any signs of infection are essential.

It is important to note that splenectomy patients should avoid contact sports and take precautions against trauma to minimize the risk of overwhelming postsplenectomy infection (OPSI)."
All of the following are developed from Meckel's cartilage except:,C,A,False,0.83,False,"A) Zygomatic bone

Meckel's cartilage develops into various facial bones, including the mandible (lower jawbone), maxilla, zygoid process of the temporal bone, and incus and malleus in the middle ear. The zygomatic bone is not derived from Meckel's cartilage.

The diagnosis/answer here is based on embryological development and anatomy. There is no specific medication or treatment required for this answer as it is an anatomical fact rather than a medical condition."
"In judicial hanging, the knot is placed at:",A,B,False,1.0,False,"In judicial hanging, the knot is typically placed under the angle of the jaw (option B). This placement ensures that the force of the drop concentrates on the neck, causing rapid and humane death by breaking the cervical vertebrae. The other options listed are not correct for judicial hanging:

A) Chin: Placing the knot at the chin would result in a more painful and prolonged death as it would cause strangulation rather than instantaneous fracture of the neck.

C) Back of the head: This placement would lead to decapitation, which is not intended or desired in judicial executions.

D) Nape of the neck: While this location could potentially cause death by breaking the cervical vertebrae, it may not be as effective as placing the knot under the angle of the jaw due to variations in anatomy and potential slippage of the noose.

E) Throat: This placement would also result in strangulation rather than instantaneous fracture of the neck.

No specific medication or treatment is required for judicial hanging. The primary goal is to ensure a humane and swift execution, which can be achieved by following established protocols and techniques."
Non-pulsatile dose of GnRH agonist is used in all the following conditions except-,A,B,False,0.83,False,"The correct answer is infertility.

A non-pulsatile dose of GnRH (Gonadotropin-Releasing Hormone) agonist is not typically used for infertility treatment. Instead, pulsatile GnRH therapy is employed to stimulate ovulation in women with hypothalamic amenorrhea or other forms of hypogonadotropic hypogonadism.

Non-pulsatile GnRH agonists are usually administered continuously and suppress the pituitary gland's production of gonadotropins (FSH and LH), leading to a decrease in sex hormone levels. This is often used for medical castration or as part of hormonal therapy for prostate cancer, endometriosis, or uterine fibroids.

In contrast, pulsatile GnRH therapy mimics the natural pulsatile secretion pattern of GnRH by the hypothalamus and stimulates the release of FSH and LH from the pituitary gland. This results in increased sex hormone production and ovulation in women with infertility due to low gonadotropin levels.

Therefore, non-pulsatile GnRH agonists are not suitable for infertility treatment, whereas pulsatile GnRH therapy can be beneficial for certain cases of female infertility."
Eisenmenger syndrome–True are A/E –,A,B,False,1.0,False,"Eisenmenger syndrome is a condition in which high blood pressure in the lungs causes abnormal connections between the heart chambers (defects), leading to deoxygenated blood mixing with oxygenated blood. This results in cyanosis (blue discoloration of the skin) and other complications.

The correct answer, B) RV & LV walls come back to normal size, is an exception or error in this context. In Eisenmenger syndrome, the right ventricle (RV) hypertrophies due to increased pressure from pulmonary hypertension, while the left ventricle (LV) remains relatively normal in size.

Treatment for Eisenmenger syndrome typically focuses on managing symptoms and preventing complications. This may include medications such as anticoagulants, diuretics, and vasodilators, as well as supplemental oxygen therapy. In severe cases or when medical management fails, heart-lung transplantation might be considered. However, there is no known treatment that reverses the ventricular hypertrophy in Eisenmenger syndrome."
"Gap healing, a type of primary healing having gap of 0.8 mm is healed as:",A,B,False,0.67,True,"Gap healing, also known as interfragmentary healing, occurs when there's a gap of more than 1 mm between fracture fragments during primary bone healing. In this case, with a gap of 0.8 mm, it falls within the range for primary healing.

The selected answer, B) Woven bone formation replaced by lamellar bone, is correct because in gap healing, initially, woven bone forms at both ends of the fracture site and gradually bridges the gap through the process of creeping substitution. Over time, this woven bone is replaced by more organized lamellar bone, leading to a stronger and more stable repair.

No specific medication or treatment is required for this type of healing as it occurs naturally during the bone remodeling process. However, proper immobilization of the affected limb with a cast or splint may be necessary to ensure optimal healing conditions."
"The radiographic examination of a traumatized tooth is
essential -",C,D,False,0.67,True,"D) All of the above

A radiographic examination of a traumatized tooth is essential for several reasons:

1. Detection of fractures: Radiographs can reveal whether there are any fractures in the tooth structure, which may not be visible to the naked eye.

2. Assessment of pulp damage: Trauma can cause pulp necrosis or hemorrhage, and radiographs can help identify these conditions.

3. Identification of luxation injuries: Radiographs can differentiate between various types of luxation injuries (e.g., extrusion, intrusion, lateral displacement) and guide appropriate treatment.

4. Detection of root fractures: Radiographs are crucial for diagnosing root fractures, which may not be apparent on clinical examination alone.

5. Evaluation of alveolar bone injury: Trauma can cause damage to the surrounding alveolar bone, and radiographs can help assess this injury.

Treatment options depend on the severity of the injury and the presence or absence of pulp necrosis. If pulp necrosis is present, root canal treatment may be necessary. In cases with significant tooth structure damage, extraction might be considered as a last resort. Otherwise, conservative management involving splinting and monitoring for signs of infection or complications may be appropriate.

No specific medication is required"
The fifth nerve innervates the following:,A,B,False,1.0,False,"The correct answer is A) Mandibular division (V3), which innervates muscles of mastication (masseter, temporalis, medial and lateral pterygoids), mylohyoid, anterior belly of digastric, tensor tympani, and tensor palati.

Explanation: The fifth cranial nerve, also known as the trigeminal nerve, has three main branches: ophthalmic division (V1), maxillary division (V2), and mandibular division (V3). V3 innervates muscles of mastication, mylohyoid, anterior belly of digastric, tensor tympani, and tensor palati. These muscles are involved in jaw movement, facial expression, and middle ear function.

No specific medication or treatment is required for the normal functioning of these muscles. However, if there's an injury to V3 or any of its branches, it may lead to pain, numbness, or weakness in the affected areas. In such cases, appropriate medical evaluation and management should be sought."
A study was conducted to find average intra-ocular pressure. IOP was measured in 400 people and the mean was found to be 25 mm Hg with a standard detion of 10 mm Hg. What is the range in which 10P of 95% of the population would be lying?,B,B,True,1.0,False,"The given information describes a normal distribution with a mean intraocular pressure (IOP) of 25 mmHg and a standard deviation of 10 mmHg.

To find the range in which 95% of the population would be lying, we can use the z-score method or the empirical rule. According to this rule, approximately 95% of data points fall within two standard deviations (2σ) from the mean. Therefore, for a normal distribution:

Lower bound = Mean - 2 × Standard Deviation
Upper bound = Mean + 2 × Standard Deviation

Plugging in the given values:
Lower bound = 25 mmHg - 2 × 10 mmHg = 5 mmHg
Upper bound = 25 mmHg + 2 × 10 mmHg = 45 mmHg

Since IOP cannot be negative, we need to adjust the lower bound. Intraocular pressure should not fall below 6 mmHg (normal physiological range). Therefore:

Lower bound = 6 mmHg
Upper bound = 45 mmHg

The correct answer is: C) 6-45 mmHg.

This range indicates that approximately 95%"
The lag phase of tooth movement usually lasts for:,C,D,False,1.0,False,"The correct answer is D) 2-3 weeks.

Explanation: The lag phase, also known as the ""cellular adaptation phase,"" is an initial period of orthodontic tooth movement where there is minimal tooth displacement due to the body's cellular response to orthodontic forces. During this time, the periodontal ligament (PDL) cells undergo remodeling and reorganization in preparation for tooth movement. This lag phase typically lasts around 2-3 weeks.

No specific medication or treatment is required during this phase as it is a natural part of the orthodontic process. However, maintaining good oral hygiene practices and regular dental check-ups are essential to ensure optimal orthodontic treatment outcomes."
"Which of the following is a common osseous lesion in
periodontitis is",A,A,True,1.0,False,"A) Exostosis

Exostosis is a common osseous lesion associated with periodontitis. It refers to an abnormal growth of bone tissue that protrudes outward from the surface of the jawbone, typically in response to chronic inflammation and infection caused by periodontal disease.

This diagnosis is made based on radiographic findings showing bony defects or irregularities around teeth affected by periodontitis. Exostosis can lead to tooth mobility and potential tooth loss if left untreated.

Treatment for exostosis involves managing the underlying periodontal disease through non-surgical scaling and root planing, as well as surgical intervention if necessary (e.g., flap surgery or bone recontouring). Antibiotics may be prescribed in cases of active infection. Regular follow-up appointments are essential to monitor treatment outcomes and prevent recurrence.

It is important to note that exostosis can also occur due to other factors such as trauma, genetics, or developmental abnormalities; however, in the context of periodontitis, it is a common osseous lesion."
Which of the following groups of fibres are not attached to alveolar bone?,A,A,True,1.0,False,"Transseptal fibers are a group of periodontal ligament (PDL) fibers that run between adjacent alveolar bone ridges, connecting them without attaching to either ridge directly. They do not anchor into the alveolar bone but instead provide additional stability and support to the tooth by distributing forces across neighboring ridges.

No specific medication or treatment is required for transseptal fibers as they are a normal anatomical feature of periodontal structures. However, understanding their role in maintaining dental stability can be important during periodontal surgery or orthodontic treatments that involve tooth movement."
First nerve fiber present in vicinity of dental papilla in,A,B,False,1.0,False,"The correct answer is indeed B) Cap stage.

During tooth development, the dental papilla represents the mesenchymal tissue that will eventually form the dentin of the tooth. The first nerve fibers to invade this area are those of the trigeminal nerve (cranial nerve V), specifically the mandibular branch (V3). These fibers enter the developing tooth at the Cap stage, which is characterized by the formation of a cap-like structure overlying the dental papilla.

At this stage, the tooth bud has differentiated into an enamel organ and a dental papilla. The enamel organ will give rise to the enamel, while the dental papilla will form the dentin. As the tooth continues to develop, more nerve fibers will invade the area, eventually forming the odontoblasts responsible for producing dentin.

No specific medication or treatment is required at this stage of development. However, it's important to note that any disturbances in tooth development can lead to dental anomalies and may require orthodontic or surgical interventions later on."
A 32 years old female came for routine PAP smear testing. The repo came as carcinoma in situ. What is the next step?,C,D,False,1.0,False,"The correct answer is D) Colposcopy and biopsy.

Carcinoma in situ (CIS), also known as stage 0 cervical cancer, is a precancerous condition where abnormal cells are confined to the surface layer of the cervix. The next step after receiving this diagnosis from a PAP smear test would be colposcopy and biopsy to further evaluate the extent of the disease.

Colposcopy involves using a specialized microscope called a colposcope to examine the cervix, vagina, and vulva for any abnormal areas or lesions. During this procedure, the healthcare provider may also perform a biopsy by taking small tissue samples from suspicious areas for histopathological examination. This will help confirm the diagnosis of CIS and determine if there are any invasive cancer cells present.

There is no specific medication required at this stage, as CIS is not yet an invasive cancer. However, it's essential to follow up with regular PAP smears and colposcopy examinations to monitor for any progression or recurrence of the disease. If invasive cervical cancer is confirmed, treatment options such as surgery, radiation therapy, or chemotherapy may be necessary depending on the stage and extent of the cancer."
The frontal paranasal sinus drains into the:,A,B,False,1.0,False,"The correct answer is indeed B) Middle meatus.

Explanation: The frontal paranasal sinus drains primarily into the middle meatus of the nasal cavity. This drainage pathway allows for proper mucociliary clearance and prevents accumulation of mucus within the sinus, which can lead to infection or inflammation (sinusitis).

No specific medication or treatment is required for this anatomical fact alone; however, if there were an underlying condition such as frontal sinusitis, appropriate management would involve antibiotics, pain relief, and possibly nasal decongestants. It's essential to consult a healthcare professional for proper diagnosis and treatment of any sinus-related conditions."
"In the mammalian genome, maximum number of genes code for the receptors of:",C,D,False,1.0,False,"The correct answer is indeed D) Odorants.

In mammals, the maximum number of genes codes for odorant receptors in the olfactory system. These receptors are responsible for detecting odor molecules in the air we breathe and transmitting this information to the brain for processing. There are approximately 400-500 functional odorant receptor genes in humans, which is significantly more than any other type of sensory receptor.

The high number of odorant receptor genes allows us to detect a vast array of different odors, contributing to our ability to distinguish between various scents and identify specific smells. This complex system enables us to navigate our environment based on olfactory cues and aids in the detection of food sources or potential threats.

No specific medication or treatment is required for this condition, as it is an inherent part of normal human physiology. However, if there are issues with odor perception, such as anosmia (loss of smell), medical evaluation may be necessary to identify any underlying causes and provide appropriate management strategies."
Pegloticase is used in,A,A,True,1.0,False,"Pegloticase is a uric acid-lowering agent specifically indicated for the treatment of chronic gout in adult patients who have failed to respond to conventional therapy. This includes those with frequent severe attacks despite adequate trials of available urate-lowering therapies and/or NSAIDs, or those with recurrent attacks that are refractory to colchicine.

The diagnosis of chronic gout is based on clinical presentation (recurrent episodes of acute arthritis), laboratory findings (elevated serum uric acid levels, presence of monosodium urate crystals in synovial fluid), and imaging studies (joint damage). Pegloticase works by converting uric acid into allantoin, which is more soluble and easily excreted. This reduces the concentration of uric acid in the blood and prevents its deposition in joints.

In addition to pegloticase, other treatment options for chronic gout include lifestyle modifications (weight loss, dietary changes), pain management with NSAIDs or colchicine, and corticosteroid injections for acute attacks. Regular monitoring of serum uric acid levels and joint damage is essential to assess the effectiveness of therapy and adjust treatment as needed."
"Wave patterns of EEF, ECG and EMG are depicted below. The B pattern belongs to (Figure was not provided in the exam):",B,A,False,1.0,False,"Without the figure provided, I cannot accurately determine the wave patterns of EEF, ECG, and EMG for this question. However, based on the given information that the B pattern belongs to NREM sleep, I can provide an explanation.

NREM (Non-Rapid Eye Movement) sleep is characterized by slow delta waves in EEG recordings, which are typically seen during stages 3 and 4 of non-rapid eye movement sleep. These delta waves represent a state of deep relaxation and restoration for the body and brain.

The B pattern mentioned could refer to the presence of delta waves in an EEG recording, indicating that the individual is in NREM sleep. There is no specific medication or treatment required for this diagnosis as it is a normal physiological process. However, if there are concerns about sleep quality or insomnia, medications like benzodiazepines (e.g., temazepam) or non-benzodiazepine hypnotics (e.g., zolpidem) may be prescribed to help individuals fall asleep and stay asleep.

Please note that without the figure provided in the exam, it's impossible for me to accurately determine the wave patterns of EEF, ECG, and EMG."
Staphylococcus aureus and pneumoniae are responsible for:,A,A,True,1.0,False,"Staphylococcus aureus and Streptococcus pneumoniae are both bacteria that can cause subacute bacterial endocarditis (SBE), a type of infective endocarditis.

The selected answer, A) Subacute endocarditis, is correct because these bacteria can adhere to damaged heart valves or prosthetic valves, leading to the formation of vegetations and subsequent infection. This condition typically presents with fever, fatigue, night sweats, weight loss, and heart murmurs.

Treatment for SBE involves a combination of antibiotics targeting both Staphylococcus aureus and Streptococcus pneumoniae, such as nafcillin or oxacillin (for methicillin-sensitive S. aureus) along with gentamicin, vancomycin (for methicillin-resistant S. aureus), or ceftriaxone for pneumococcal infections. In addition to antibiotics, patients may require anticoagulation therapy if they have mechanical heart valves.

It is essential to note that prompt diagnosis and initiation of appropriate antibiotic treatment are crucial in managing SBE to prevent complications such as embolization, valve destruction, or even death."
First paranasal sinus to develop at bih is:,A,A,True,1.0,False,"The correct answer is indeed A) Maxillary.

At birth, the maxillary sinuses are already present as small pouches in the maxilla bone. They develop from the nasal mucosa and begin to expand during childhood, reaching adult size by adolescence. The other paranasal sinuses (frontal, ethmoid, and sphenoid) develop later in life.

No specific medication or treatment is required for this developmental process. However, if any complications arise due to sinus development or infection, appropriate medical care should be sought from a healthcare professional."
Which of the following is the best test for assessment of intestinal malabsorption?,A,A,True,1.0,False,"Fecal fat estimation (A) is considered the best test for assessing intestinal malabsorption because it directly measures the amount of fat excreted in stool, which can indicate impaired absorption due to conditions such as pancreatic insufficiency, small bowel bacterial overgrowth, or celiac disease.

The presence of increased fecal fat (>7% of total daily intake) indicates malabsorption. This test is more accurate than other methods like hydrogen breath tests or D-xylose absorption tests, which can be influenced by various factors such as diet and gut transit time.

Treatment for intestinal malabsorption depends on the underlying cause. For example, pancreatic enzyme replacement therapy may be necessary in cases of pancreatic insufficiency, while a gluten-free diet is essential for celiac disease management. In some instances, antibiotics might be prescribed to treat bacterial overgrowth."
Primary Colonization of plaque is dominated by,C,A,False,1.0,False,"Primary colonization of dental plaque is indeed dominated by facultative aerobic Gram-positive rods, specifically Streptococcus sanguis and Streptococcus oralis. These bacteria are well-adapted to adhere to tooth surfaces and form biofilms, which protect them from host defenses and antimicrobial agents.

The dominance of these organisms in dental plaque contributes to the development of dental caries (tooth decay) and periodontal diseases such as gingivitis and periodontitis. The ability of these bacteria to ferment carbohydrates produces acid, leading to demineralization of tooth enamel and dentin, which can result in cavities.

There is no specific medication required for primary colonization of plaque by these organisms; however, maintaining good oral hygiene practices, including regular brushing with fluoride toothpaste, flossing, and professional dental cleanings, can help prevent the progression of dental caries and periodontal diseases. Additionally, avoiding sugary snacks and drinks between meals can also contribute to a healthier oral environment.

In cases where dental caries or periodontal disease has already developed, treatment may involve restorative dentistry (filling cavities) or periodontal therapy (scaling and root planing), depending on the severity of the condition"
Types of pocket respectively:,A,B,False,0.67,True,"In the context of anatomy, specifically referring to the human body, pockets can be classified into three types based on their structure and complexity: simple, complex, and compound.

1. Simple pocket: A simple pocket is a single, enclosed space within an organ or tissue that does not communicate with other cavities. Examples include the pleural cavity surrounding the lungs and the pericardial sac around the heart. No specific medication or treatment is required for this type of pocket unless there's an underlying pathology.

2. Complex pocket: A complex pocket has multiple compartments or communicates with adjacent structures, such as the pancreatic ductal system. This type of pocket can be prone to complications like infections and stones due to its intricate nature. Treatment may involve antibiotics for infections or surgical intervention for obstructions or stones.

3. Compound pocket: A compound pocket is a multilocular structure consisting of multiple interconnected cavities, such as the gallbladder. Complications in this type of pocket can include cholelithiasis (gallstones) and cholecystitis (inflammation). Treatment may involve antibiotics for infections or surgical removal of the gallbladder if necessary.

In summary, the selected answer is B) Simple pocket, complex pocket"
Depression of mandible is achieved by:,C,B,False,1.0,False,"Depression of the mandible (opening of the jaw) is primarily achieved by the lateral pterygoid muscle. This muscle is one of the four muscles of mastication (chewing), responsible for moving the mandible in various directions, including depression.

The lateral pterygoid muscle originates from the infratemporal fossa and inserts into the neck of the mandible. When it contracts, it pulls the condyle of the mandible downward and forward, resulting in jaw opening. The other muscles involved in jaw movement include the medial pterygoid, masseter, and temporalis.

There is no specific medication required for normal depression of the mandible as this function is a physiological process. However, if there are issues with jaw movement due to muscle imbalance or temporomandibular joint (TMJ) disorders, physical therapy exercises or dental treatments may be necessary under the guidance of a healthcare professional."
"18 year old female presents with an ovarian mass, her serum bio marker are found to be normal except for LDH, which is found to be elevated. The most likely diagnosis is:",A,A,True,1.0,False,"The selected answer is: A) Dysgerminoma.

Explanation: Among ovarian germ cell tumors, dysgerminoma has a high association with elevated serum lactate dehydrogenase (LDH). This tumor type accounts for approximately 40% of all malignant ovarian germ cell tumors and typically affects young women. Dysgerminomas are highly sensitive to radiation therapy and chemotherapy, particularly platinum-based agents such as cisplatin or carboplatin.

Treatment: The management of dysgerminoma usually involves surgical resection followed by adjuvant chemotherapy with cisplatin or carboplatin combined with etoposide (EP regimen). Radiation therapy may be considered for advanced stages or in cases where there is residual disease after surgery and chemotherapy. Regular follow-up is necessary to monitor for recurrence.

It's important to note that while LDH elevation can support the diagnosis of dysgerminoma, other diagnostic tools such as imaging studies (e.g., ultrasound, CT scan) and histopathological examination are essential for confirming the diagnosis."
Most common infection post solid organ transplantation,A,A,True,1.0,False,"Answer: A) CMV (Cytomegalovirus)

Explanation: Cytomegalovirus (CMV) is the most common infection post solid organ transplantation due to immunosuppression of the recipient. The transplanted organ may carry latent CMV, which can reactivate in the immunocompromised host leading to disease. Additionally, the donor and recipient may have different serostatus for CMV, increasing the risk of transmission from a seropositive donor to a seronegative recipient.

Treatment: Antiviral medications such as valganciclovir or ganciclovir are commonly used for prophylaxis against CMV infection in high-risk transplant recipients. In cases where CMV disease is diagnosed, treatment with antivirals should be initiated promptly. Monitoring of viral load and immune function is essential to guide therapy and prevent complications such as graft rejection."
Tuberculous otitis media is characterized by all except -,B,D,False,1.0,False,"Tuberculous otitis media is characterized by thick, purulent discharge with a foul odor, not thin and odorless fluid (option D). This condition results from Mycobacterium tuberculosis infection of the middle ear, often secondary to pulmonary tuberculosis.

Treatment for tuberculous otitis media typically involves a combination of anti-tuberculosis medications such as isoniazid, rifampicin, ethambutol, and pyrazinamide. In addition, surgical drainage or tympanostomy tube insertion may be necessary to manage the middle ear effusion and prevent complications like mastoiditis.

The selected answer (D) thin odourless fluid is not characteristic of tuberculous otitis media; instead, it is more indicative of a non-infectious condition such as serous otitis media."
"Child Pugh score put patients into three categories of Score A (<7), Score B (7-9) and Score C (10-15). The following is a type of which scale?",A,B,False,1.0,False,"The Child-Pugh score is an ordinal scale used to assess liver disease severity in patients with cirrhosis. It categorizes patients into three groups based on their scores: A (<7), B (7-9), and C (10-15). This scale takes into account factors such as bilirubin levels, albumin levels, international normalized ratio (INR), and the presence of ascites and encephalopathy.

The Child-Pugh score is considered an ordinal scale because it ranks patients in categories rather than assigning numerical values that can be compared directly. The categorization allows for a more practical approach to assessing liver disease severity and guiding treatment decisions, such as liver transplantation or palliative care.

There are no specific medications required based solely on the Child-Pugh score; however, management of cirrhosis often involves addressing complications like ascites (with diuretics) and encephalopathy (with lactulose). Additionally, patients with advanced disease (Child-Pugh C) may be considered for liver transplantation."
Skin of the entire upper lip is supplied by:,A,A,True,1.0,False,"The correct answer is A) Maxillary nerve.

Explanation: The maxillary nerve (CN V2), a branch of the trigeminal nerve, supplies sensation to the skin of the entire upper lip. This includes both the vermilion border and the surrounding skin. There are no specific medications or treatments required for this anatomical fact; it is simply an important aspect of cranial nerve anatomy.

However, if you're referring to a medical condition affecting the upper lip, such as pain or numbness due to injury or disease (e.g., Bell's palsy), appropriate treatment would depend on the underlying cause and should be determined by a healthcare professional."
Microangiopathic hemolytic anemia,A,A,True,1.0,False,"Microangiopathic hemolytic anemia (MAHA) is a type of hemolytic anemia characterized by the presence of microangiopathy, which refers to damage in small blood vessels. The selected answer, A) TTP (thrombotic thrombocytopenic purpura), is a diagnosis because it is one of the most common causes of MAHA.

TTP is an autoimmune disorder that leads to the formation of platelet thrombi in small blood vessels, causing mechanical damage to red blood cells and leading to hemolysis. This results in anemia, thrombocytopenia (low platelet count), and organ dysfunction due to ischemia.

Treatment for TTP typically involves plasma exchange therapy to remove the abnormal antibodies and replace them with normal plasma components. Corticosteroids may also be used as adjunctive therapy to suppress the immune response. In severe cases or when plasma exchange is not effective, rituximab (a monoclonal antibody) can be considered to target B cells involved in autoantibody production.

It's important to note that other causes of MAHA should be ruled out before making a definitive diagnosis of TTP, such as hemolytic uremic syndrome ("
Treatment of choice for anaphylactic shock is:,A,A,True,1.0,False,"The correct answer is A) Adrenaline (epinephrine) 0.5 mL of 1:1000 solution administered via the intramuscular route.

Anaphylactic shock is a severe, life-threatening allergic reaction that requires immediate medical attention and specific treatment. Epinephrine is the first-line medication for anaphylaxis due to its ability to rapidly reverse airway constriction, improve cardiac function, and reduce peripheral vasodilation. The recommended dose of epinephrine in this scenario is 0.5 mL (500 mcg) of a 1:1000 solution administered intramuscularly into the mid-antlerolateral thigh.

This treatment choice is supported by evidence-based guidelines from organizations such as the American Academy of Allergy, Asthma & Immunology (AAAAI), the European Resuscitation Council (ERC), and the World Allergy Organization (WAO). The use of epinephrine in anaphylaxis has been consistently demonstrated to improve patient outcomes and reduce mortality rates.

In addition to epinephrine administration, other essential components of managing anaphylactic shock include:

1. Call for emergency medical services or transport the patient to a hospital immediately."
"The	cotton	applied	to	the	pulpal	stumps	in	the
formocresol pulpotomy technique should be",A,A,True,1.0,False,"The correct answer is A) Slightly dampened with formocresol.

In the formocresol pulpotomy technique, a cotton pellet is placed over the pulp stumps to protect them from further irritation and promote healing. The cotton should be slightly dampened with formocresol, which acts as an antiseptic and fixative agent, helping to preserve the tissue and prevent infection.

No specific medication or treatment is required beyond following proper dental hygiene practices and regular check-ups with a dentist. However, if any signs of infection or complications arise, appropriate antibiotic therapy may be prescribed by a healthcare professional."
Which of following is not a tumor suppressor gene?,C,D,False,1.0,False,"c-erbB1 (also known as HER2) is an oncogene, not a tumor suppressor gene. Oncogenes are genes that have the potential to cause cancer when mutated or overexpressed, whereas tumor suppressor genes normally inhibit cell growth and division, preventing uncontrolled proliferation.

The diagnosis/answer provided is correct because c-erbB1 is associated with various types of cancers, such as breast cancer, gastric cancer, and lung cancer, particularly when it's overexpressed. In contrast, tumor suppressor genes like TP53 or BRCA1 help prevent tumors from forming by regulating cell growth and division.

No specific medication or treatment is required for this diagnosis, as the answer itself (c-erbB1) is not a tumor suppressor gene but an oncogene. However, if you're referring to HER2-positive breast cancer, targeted therapies like trastuzumab (Herceptin) can be used in combination with chemotherapy to treat the disease."
All the following instruments are required for tonsillectomy except:,B,C,False,1.0,False,"The correct answer is C) Microdebrider.

A microdebrider is not typically used in tonsillectomy surgery. Tonsillectomy involves removing the entire tonsil gland, whereas a microdebrider is an instrument used for tissue removal and debulking during endoscopic sinus surgeries or other procedures where precise tissue resection is required.

The instruments commonly used for tonsillectomy include:

A) Electrocautery: A device that uses heat to cut and coagulate blood vessels.
B) Suction: To remove blood, fluids, and debris from the surgical site.
D) Scissors or harmonic scalpel: For cutting through soft tissue.

No specific medication or treatment is required for this diagnosis. However, general anesthesia is typically administered during tonsillectomy surgery to ensure patient comfort and safety. Postoperative pain management may include analgesics such as acetaminophen or ibuprofen, along with ice packs and hydration."
SUMMARY_METRICS,,,Accuracy: 30.00%,,Hallucination Rate: 13.00%,
