question_id,question,option_A,option_B,option_C,option_D,correct_letter,majority_letter,majority_reason,semantic_entropy,is_correct,hallucinated,samples_count
0,Which of the following is not true for myelinated nerve fibers:,Impulse through myelinated fibers is slower than non-myelinated fibers,Membrane currents are generated at nodes of Ranvier,Saltatory conduction of impulses is seen,Local anesthesia is effective only when the nerve is not covered by myelin sheath,A,A,Myelinated nerve fibers conduct impulses significantly faster than non-myelinated fibers due to saltatory conduction.,0.6365141682928128,True,False,6
1,Which of the following is not true about glomerular capillaries'),The oncotic pressure of the fluid leaving the capillaries is less than that of fluid entering it,Glucose concentration in the capillaries is the same as that in glomerular filtrate,Constriction of afferent aeriole decreases the blood flow to the glomerulas,Hematocrit of the fluid leaving the capillaries is less than that of the fluid entering it,A,A,"As plasma is filtered out of the capillaries, the concentration of non-filterable proteins increases, causing the oncotic pressure of the blood leaving the glomerulus to be higher, not lower, than that of the blood entering it.",1.0114042647043515,True,False,6
2,A 29 yrs old woman with a pregnancy of 17 week has a 10 years old boy with down syndrome. She does not want another down syndrome kid; best advice to her is,No test is required now as her age is below 35 years,Ultra sound at this point of time will definitely tell her that next baby will be down syndromic or not,Amniotic fluid samples plus chromosomal analysis will definitely tell her that next baby will be down syndromic or not,blood screening at this point of time will clear the exact picture,C,C,"Amniocentesis with chromosomal analysis is a diagnostic test that provides a definitive diagnosis of Down syndrome, unlike screening tests which only provide risk assessments.",0.4505612088643047,True,False,6
3,Axonal transport is:,Antegrade,Retrograde,Antegrade and retrograde,,C,C,Axonal transport is a bidirectional process involving antegrade movement from the soma to the axon terminal and retrograde movement from the terminal back to the soma.,0.6931471805579453,True,False,6
4,Low insulin to glucagon ratio is seen in all of these except:,Glycogen synthesis,Glycogen breakdown,Gluconeogenesis,Ketogenesis,A,A,"A low insulin-to-glucagon ratio promotes catabolic states, whereas glycogen synthesis is an anabolic process stimulated by a high insulin-to-glucagon ratio.",-1.000088900581841e-12,True,False,6
5,Concentration of tropicamide:,0.01,0.02,0.03,0.04,A,A,"Tropicamide is clinically available in concentrations of 0.5% and 1.0%, with 1% (0.01) being the standard concentration for effective mydriasis and cycloplegia.",0.4505612088643047,True,False,6
6,Which of the following statements is true regarding H I N1 Influenza?,Pregnant woman with sore throat can be staed immediately on oseltamivir without diagnostic testing under category B,People on long-term steroids cannot receive Os-eltam ivir,Category B concerns with low risk cases,Category B patients have to undergo immediate testing,A,A,Pregnant women are classified as a high-risk group for H1N1 and should receive empirical oseltamivir treatment immediately without waiting for diagnostic test results.,0.6365141682928128,True,False,6
7,Which of the following are not a branch of external carotid Aery in Kiesselbach's plexus.,Sphenopalatine aery,Anterior ethmoidal aery,Greater palatine aery,Septal branch of superior labial aery,B,B,"The anterior ethmoidal artery is a branch of the ophthalmic artery, which originates from the internal carotid artery, whereas the other three options are branches of the external carotid artery.",1.24245332489,True,False,6
8,Diagnosis of the following ECG-,Ventricular bigeminy,Electrical alternans,P pulmonale,Left ventricular failure,B,B,"Electrical alternans is characterized by a beat-to-beat variation in the QRS complex amplitude, typically associated with large pericardial effusions and cardiac tamponade.",1.5607104090364066,True,False,6
9,A blue new born presents with cyanosis. The X–ray chest reveal oligaemic lung field and normal sized heart. Most likely diagnosis is –,Ebstein's anomaly,Pulmonary atresia,Transposition of great arteries,Tetralogy of fallot,B,D,Tetralogy of Fallot is the most common cyanotic congenital heart disease presenting with a normal-sized heart and decreased pulmonary vascular markings (oligaemic lung fields) on chest X-ray.,1.0114042647043515,False,True,6
10,27.	The lateral spread of dental caries is facilitated mostly  by the,Enamel spindles,Dentinoenamel junction,Enamel lamellae,Striae of Retzius,B,B,The dentinoenamel junction (DEJ) has a higher organic content and a scalloped morphology that facilitates the rapid lateral spread of caries once the enamel is breached.,1.3296613488507585,True,False,6
11,A second-year PG resident tells you to perform an ABG of a patient. All of the following are true about performing an ABG except:,"Before performing the ABG, syringe should be loaded with 0.3 cc of heparin","Normal pH, HCO. and PCO, levels may not indicate absence of an acid-base imbalance",A different site should be tried i f modified Allen's test is negative,Radial aery is the preferred site,A,C,"A negative modified Allen's test indicates inadequate collateral circulation, meaning the site should be avoided, not just ""tried"" differently.",0.4505612088643047,False,True,6
12,Respiratory rhythm generation center is located at:,Dorsal respiratory group,Pre-Botzinger complex,Ventral respiratory neurons,Pneumotaxic center,B,B,The Pre-Bötzinger complex in the ventrolateral medulla acts as the primary pacemaker responsible for generating the fundamental respiratory rhythm.,0.6365141682928128,True,False,6
13,Gait apraxia is seen in thromboembolic episode involving:,ACA,MCA,PCA,Posterior choroidal aery,A,A,"The anterior cerebral artery supplies the medial frontal lobes and paracentral lobules, where damage leads to the characteristic gait apraxia associated with frontal lobe dysfunction.",0.6365141682928128,True,False,6
14,Heavy forces on periodontal ligament causes:,Hyalinization,Osteoclastic activity around tooth,Osteoblastic activity around tooth,Crest bone resorption,A,A,"Heavy orthodontic forces cause compression of the periodontal ligament, leading to blood vessel occlusion and subsequent sterile necrosis known as hyalinization.",1.0114042647043515,True,False,6
15,"About N. gonorrhoea, all are true except",Most common cause of urethritis in male,All stains are highly susceptible to penicillin,Wide spread axoregnic stains cause disseminated gonococcal infection,Found exclusively in human beings,B,B,Many strains of *N. gonorrhoeae* have developed resistance to penicillin through the production of beta-lactamase or chromosomal mutations.,0.4505612088643047,True,False,6
16,"A patient who was on ventilator and being ventilated for past few days, suddenly pulls out the endotracheal tube. What is the next step of management?","Assess the patient, give bag and mask ventilation and look for spontaneous breathing",Sta bag and mask ventilation and reintubate,Sedate and reintubate,Make him sit and do physiotherapy,A,A,"The immediate priority is to assess the patient's respiratory status and provide bag-mask ventilation if needed, as some patients may tolerate extubation and not require immediate reintubation.",1.24245332489,True,False,6
17,"In a	6-month-old child, thick curd like white	patch
appears on the buccal mucosa. On rubbing it leaves an
erythematous patch. Most likely diagnosis is:",Tuberculosis,Lichen planus,Lupus erythematous,Candidiasis,D,D,The clinical presentation of curd-like white patches that leave an erythematous base upon removal is pathognomonic for oral candidiasis (thrush).,0.6931471805579453,True,False,6
18,Characteristic of venous blood flow of lower limb in duplex Doppler is?,Monophasic,Biphasic,Triphasic,Non phasic,A,A,Normal venous flow in the lower limbs is characterized by a single continuous wave pattern that fluctuates with respiration (phasicity) rather than the pulsatile patterns seen in arterial flow.,1.0114042647043515,True,False,6
19,"The source of calcium ions of a calcific bridge in a
tooth in which calcium hydroxide pulpotomy has been
performed is:",Blood vessel borne,Derided cells,Dentin,From the calcium hydroxide,A,A,Radioactive isotope studies have confirmed that the calcium ions forming the calcific bridge are derived from the systemic circulation rather than the calcium hydroxide material itself.,0.8675632284784613,True,False,6
20,"2, 3-BPG binds to sites of haemoglobin and the affinity for oxygen","4, decreases","1, decreases","4, increases","1, increases",B,A,"2,3-BPG binds to a single central cavity formed by the four subunits of deoxyhaemoglobin, stabilizing the T-state and decreasing oxygen affinity.",1.7917594692220549,False,True,6
21,Highest concentration of oxygen is delivered through?,Nasal cannula,Venturi mask,Bag and mask,Mask with reservoir,C,D,"A non-rebreather mask with a reservoir bag provides the highest fraction of inspired oxygen (FiO2), typically reaching 80% to 95% at high flow rates.",-1.000088900581841e-12,False,True,6
22,Sharpest cusp is seen in,Upper Canine,Lower Canine,Upper Premolar,Lower premolar,A,A,"The upper canine has the most prominent and pointed cusp tip, which is essential for its function in tearing food and guiding lateral occlusion.",1.3296613488507585,True,False,6
23,A mother is Hbs Ag positive and anti Hbe Ag positive. Risk of transmission of Hep. B in child is:,20%,50%,0%,90%,A,A,"Mothers who are HBsAg positive but HBeAg negative (anti-HBe positive) have lower viral loads, resulting in a vertical transmission risk of approximately 10-20% compared to the >90% risk seen in HBeAg-positive mothers.",1.5607104090364066,True,False,6
24,"In a patient with competent lips together at rest, the lip
line is opposite the tips of the upper incisors. The lip line is then described as",Average,High,Incomplete,Low,D,A,An average lip line is defined by the resting position of the upper lip being at the level of the incisal edges of the maxillary central incisors.,0.6931471805579453,False,True,6
25,"A patient presented to emergency with overdose some drug. There were increased salivation and increased bronchial secretions. On examination, blood pressure was 88/60 mmHg. RBC esterase level is 50. What should be the treatment of this person?",Neostigmine,Atropine,Flumazenil,Physostigmine,B,B,"The patient exhibits cholinergic crisis symptoms (salivation, bronchial secretions) and low RBC esterase, which are characteristic of organophosphate poisoning, requiring atropine to block muscarinic receptors.",1.5607104090364066,True,False,6
26,The current bar clasp design used is:,Mesio-occlusal rest,Disto-occlusal rest,Mesial or distal depending on the situation,Choice of the dentist,A,B,"The RPI system requires a disto-occlusal rest to ensure the clasp disengages from the tooth during functional loading, preventing torque on the abutment.",0.8675632284784613,False,True,6
27,All of the following are true regarding Class-II inlay gingival margins preparation except?,Removal of week enamel rods,Increased metal burnishability,Lap sliding fit of metal margin,Margins of restoration in self-cleansable area,D,B,"Class II inlay margins are designed with a bevel to improve marginal adaptation and seal, not to increase the burnishability of the metal itself.",1.5607104090364066,False,True,6
28,Breakdown of periodontal fibres in periodontitis is due to bacterial enzyme: (OR) Which of the following bacterial products have been implicated in initiation of inflammatory periodontal disease?,Collagenase,Hyaluronidase,Coagulase,None of the above,A,A,"Collagenase is the primary bacterial enzyme responsible for the degradation of collagen fibers, which constitute the structural framework of the periodontal ligament.",0.6365141682928128,True,False,6
29,"In a study, two groups of newborns are checked for their weights based on whether their mothers received food supplements or not. The appropriate test which can be used for comparing the data is:",Chi square test,Paired T-test,Student's T-test,Fischer exact test,C,C,The Student's T-test is the appropriate statistical method for comparing the means of a continuous variable between two independent groups.,-1.000088900581841e-12,True,False,6
30,Which vitamin is required for glycogen Phosphorylase?,PLP,TPP,Riboflavin,Lipoic acid,A,A,"Glycogen phosphorylase requires pyridoxal phosphate (PLP), the active form of vitamin B6, as an essential prosthetic group for its catalytic activity.",1.0114042647043515,True,False,6
31,"A child's behaviour is traced to have dental difficulties
from	his	mother.	The	most	satisfactory	method	of
handling the situation is to:",Introduce another child as a good example,Modify his fear by familiarization,Use small amounts of barbiturates,Use firmness,B,B,"Familiarization techniques, such as ""tell-show-do,"" are the gold standard for desensitizing a child to dental anxiety and replacing learned negative behaviors with positive experiences.",1.24245332489,True,False,6
32,Which of the following is the only complete cailage ring in the respiratory tree?,Cricoid cailage,Thyroid cailage,Cunieform cailage,Epiglottis,A,A,"The cricoid cartilage is the only laryngeal cartilage that forms a complete, continuous ring of hyaline cartilage around the airway.",1.5607104090364066,True,False,6
33,Steps of intubation - arrange in sequence:- a. Head extension and flexion of neck b. Introduction of laryngoscope c. Inflation of cuff d. Check breath sounds with stethoscope e. fixation of the tube to prevent dislodgement,ABCDE,DBCEA,ACBED,CBAED,A,C,"The sequence follows the standard clinical protocol of positioning (sniffing position), laryngoscopy, tube placement, cuff inflation, verification of placement, and finally fixation.",1.0986122886651095,False,True,6
34,In Erythroblastosis fetalis not involved is –,Anti C,Anti D,Anti E,Anti Lewis,D,D,"Lewis antibodies are primarily IgM and do not cross the placenta, therefore they do not cause hemolytic disease of the fetus and newborn.",-1.000088900581841e-12,True,False,6
35,"A dentist suffered from Hepatitis B infection 3 months back. His laboratory tests are normal, but he is not allowed by the medical board to do surgical practice. He is:",Inactive carrier,Healthy carrier,Convalescent carrier,Paradoxical carrier,C,C,A convalescent carrier is an individual who has recovered from the clinical symptoms of an infection but continues to harbor and potentially shed the pathogen during the recovery phase.,1.3296613488507585,True,False,6
36,A pediatrician in a district hospital with specialization neonatal care unit calls an ophthalmologist for consultation for which of the following?,A newborn with respiratory distress,A baby born at 28 weeks of gestation,Newborn with jaundice,A newborn with bih weight 2300 grams,B,B,"Infants born at 28 weeks gestation meet the criteria for Retinopathy of Prematurity (ROP) screening, which is the standard indication for ophthalmological consultation in a NICU.",0.4505612088643047,True,False,6
37,"In a child with active liver failure, the most important prognosis factor for death is –",Increasing transaminases,Increasing bilirubin,Increasing prothrombin time,Gram (–)ve sepsis,D,C,"Prothrombin time reflects the liver's synthetic capacity, which is the most sensitive and reliable indicator of hepatocellular function and prognosis in acute liver failure.",1.5607104090364066,False,True,6
38,"A patient went into shock immediately after normal delivery, likely cause:",Amniotic fluid embolism,PPH,Uterine inversion,Eclampsia,C,A,"Amniotic fluid embolism is classically characterized by the sudden, catastrophic onset of cardiovascular collapse and shock occurring immediately during or shortly after delivery.",0.8675632284784613,False,True,6
39,"A patient presented with flat topped violaceous papules, thinning of nails and onycholysis. What is the microscopic finding observed in this patient?",Prominent necrotic cell,Suprabasal split,Basal cell degeneration,Acantholysis,C,C,"The clinical presentation is characteristic of Lichen Planus, which is histopathologically defined by a band-like lymphocytic infiltrate at the dermo-epidermal junction associated with liquefaction degeneration of the basal layer.",-1.000088900581841e-12,True,False,6
40,Which of the following is not. true regarding myelopathy?,Sensory loss of facial area,Brisk jaw jerk,Brisk pectoral jerk,Urgency and incontinence of micturition,B,A,"Myelopathy involves spinal cord pathology, whereas facial sensation is mediated by the trigeminal nerve (cranial nerve V), which originates in the brainstem.",-1.000088900581841e-12,False,True,6
41,Which of the following committees has recommended a 3-year bachelor degree in medical education for rural health service?,High level expe group of universal health program for india,Central bureau of health investigation,Srivastava committee,Sundar committee,A,C,"The 1975 Srivastava Committee recommended the creation of a new cadre of health professionals, including a 3-year training program for medical assistants to serve rural populations.",0.6931471805579453,False,True,6
42,Sequential arrangement of fetal scans -,Growth scan,Triple marker,Anomalous Scan and NT scan,All,D,D,"These tests are performed sequentially throughout pregnancy, starting with the NT scan (11–14 weeks), followed by the triple marker test (15–20 weeks), the anomalous scan (18–22 weeks), and finally the growth scan (28–32 weeks).",1.5607104090364066,True,False,6
43,Which one of the following is a muscle splitting incision?,Kocher's incision,Rutherford-Morrison incision,Pfannenstiel incision,Lanz incision,D,D,The Lanz incision is a transverse muscle-splitting incision used for appendectomy that follows Langer's lines in the right iliac fossa.,1.24245332489,True,False,6
44,Multiple canals in mandibular premolars are seen in?,Africas,Caucians,Not Recalled,Not Recalled,A,A,Anatomical studies consistently demonstrate a higher prevalence of multiple canals in mandibular premolars among populations of African descent compared to other ethnic groups.,0.8675632284784613,True,False,6
45,Which of the following blade angle is appropriate for scaling and root planing,A,B,C,D,B,X,"The correct blade angle for scaling and root planing is 60 to 80 degrees, but the specific option cannot be identified without the provided visual diagram.",1.7917594692220549,False,False,6
46,Which pa of brachial plexus do not give branches,Root,Division,Cord,Trunk,B,B,The divisions of the brachial plexus are the only segment that does not give rise to any named peripheral nerves.,1.0114042647043515,True,False,6
47,"If the Rb gene phosphorylation is defective, which of the following will happen?",Cell cycle will stop at GI phase,Cell cycle will stop at G2 phase,The cell cycle will progress and the cell will divide,There will be no effect on cell cycle as for Rb gene phosphorylation is not needed,A,A,"Unphosphorylated Rb protein binds to E2F transcription factors, preventing the transition from G1 to S phase and thereby arresting the cell cycle.",0.8675632284784613,True,False,6
48,Cumulative index is:,Russet's periodontal index,Ramjford's periodontal index,PMA (Massler and Schlour),Gingival index (Loe and Silness),C,B,Ramfjord’s periodontal index is classified as a cumulative index because it measures both the reversible (gingivitis) and irreversible (periodontal attachment loss) components of periodontal disease history.,1.5607104090364066,False,True,6
49,The cells which will proliferate from top to bottom of villi are:,Chief cells,Goblet cells,Paneth cells,Parietal cells,C,C,"Paneth cells are unique because they migrate downward from the stem cell niche to reside at the base of the crypts, whereas other epithelial cells migrate upward toward the villus tip.",0.8675632284784613,True,False,6
50,What is the usual weight of rabbit used in ophthalmological experiments?,0.5-1 kg,1.5-2.5 kg,5-7 kg,10-12 kg,B,B,"Adult New Zealand White rabbits within this weight range are the standard model for ocular research due to their eye size, ease of handling, and physiological similarity to human ocular structures.",0.6365141682928128,True,False,6
51,"In plasmodium vivax malaria, relapse is caused by:September 2012",Sporozoite,Schizont,Hypnozoite,Gamteocyte,C,C,Hypnozoites are dormant liver-stage parasites that reactivate after a period of latency to cause clinical relapse in P. vivax malaria.,0.4505612088643047,True,False,6
52,Retraction of mandible is achieved by:,Lateral pterygoid,Temporalis,Medial pterygoid,Masseter,B,B,The posterior fibers of the temporalis muscle are the primary muscles responsible for the retraction of the mandible.,0.8675632284784613,True,False,6
53,How is modified shock index represented as?,HR/MAP,MAP/HR,HR/SBP,HR/DBP,A,A,The Modified Shock Index (MSI) is calculated by dividing the heart rate (HR) by the mean arterial pressure (MAP).,0.4505612088643047,True,False,6
54,"A 3 week neonate with ambiguous genitalia presented with Na+ 127 meq/L, K+ 7.2 meq/L wit BP 52/24 mm Hg and he was managed with IV fluids. What is the next step of management?",Spironolactone,Hydrocoisone administration,Broad spectrum antibiotics,Calcium gluconate,B,B,"The patient presents with a classic salt-wasting adrenal crisis due to congenital adrenal hyperplasia, requiring immediate glucocorticoid replacement.",1.0114042647043515,True,False,6
55,Base pairs in DNA,1.5 billion,46 billions,3.2 billion,100 billion,C,C,The haploid human genome contains approximately 3.2 billion base pairs of DNA.,0.4505612088643047,True,False,6
56,Which of the following is a solid solution?,Amalgam,Cobalt-chromium,Silver-palladium,Gallium-silver,C,B,Cobalt-chromium is a classic example of a substitutional solid solution where chromium atoms are dissolved within the cobalt crystal lattice.,0.6365141682928128,False,True,6
57,Tracheal secretions should be suctioned for:,10-15 seconds,60 seconds,30 seconds,3 minutes,A,A,"Limiting suctioning to 10–15 seconds prevents hypoxemia, mucosal trauma, and vagal-induced cardiac arrhythmias.",0.8675632284784613,True,False,6
58,"A patient presents with carcinoma of the larynx involving the left false cords, left arytenoid and the left aryepiglottic folds with bilateral mobile true cords. Treatment of choice is -",Vertical hemilaryngectomy,Horizontal partial hemilaryngectomy,Total laryngectomy,Radiotherapy followed by chemotherapy,A,B,"The tumor is confined to the supraglottic region with mobile true cords, making a horizontal partial (supraglottic) laryngectomy the appropriate organ-preserving surgical procedure.",1.24245332489,False,True,6
59,Which of the following lipoproteins does not move towards charged end in electrophoresis?,VLDL,LDL,HDL,Chylomicrons,D,D,"Chylomicrons have the lowest protein content and largest size, causing them to remain at the origin during electrophoresis rather than migrating toward the anode.",1.0114042647043515,True,False,6
60,"A 60 years old male presented with fever, chills and dysuria. Patient was hospitalized in emergency for 5 days. PSA level was 7.4. Next best step in this patient:",Repeat PSA,TURP,TRUS guided biopsy,Antibiotics and admit,D,D,"The patient presents with signs of acute prostatitis, which causes transient PSA elevation and requires immediate antibiotic therapy and stabilization rather than diagnostic procedures like biopsy.",0.8675632284784613,True,False,6
61,Name the structure marked with arrow,Mitochondria,Golgi bodies,Secretory vesicles,Rough Endoplasmic reticulum,C,A,[1 sentence explanation],1.24245332489,False,True,6
62,"A patient from,nqh-eastern states was diagnosed to have infection with P. falciparum malaria. What is the most appropriate drug for this patient?",Aemether plus lumefantrine,Sulfadoxine plus pyrimethamine,Chloroquine,Mefloquine,A,A,"North-Eastern India has high prevalence of chloroquine-resistant P. falciparum, making Artemether-lumefantrine the first-line ACT treatment according to NVBDCP guidelines.",0.4505612088643047,True,False,6
63,"Iron is present in all, EXCEPT",Myoglobin,Cytochrome,Catalase,Pyruvate kinase,D,D,"Pyruvate kinase is a metalloenzyme that requires magnesium and potassium ions as cofactors, but it does not contain iron.",1.0114042647043515,True,False,6
64,The most common bone tumor that occurs in children is:,Osteosarcoma,Ewing's sarcoma,Metastatic carcinoma,Multiple myeloma,A,A,Osteosarcoma is the most frequent primary malignant bone tumor diagnosed in the pediatric and adolescent population.,0.6365141682928128,True,False,6
65,"In a couple for treatment of infeility from the last four years, female paner is normal. Male paner has 0.8 ml semen volume per ejaculate on two repeated samples and absent fructose, with no sperms on examination under microscope. What is the next line of management?",Per-rectal examination to check ejaculatory duct obstruction,Give antioxidants,Testicular biopsy,Transrectal ultrasound to detect duct obstruction,D,D,"The combination of low semen volume, azoospermia, and absent fructose is diagnostic of ejaculatory duct obstruction, for which transrectal ultrasound is the gold standard imaging modality for confirmation.",0.4505612088643047,True,False,6
66,The zygomatic bone does not articulate with:,Frontal bone,Maxillary bone,Nasal bone,Temporal bone,C,C,"The zygomatic bone articulates with the frontal, maxillary, temporal, and sphenoid bones, but it does not make contact with the nasal bone.",0.6931471805579453,True,False,6
67,Which of the following statements is true regarding medical aboion?,Ultrasound should be done in all cases,"If the patient has an IUCD in-situ, it doesn't need to be removed",Can only be done up to 72 days,Only a person ceified under MTP act can perform medical termination of pregnancy,D,D,The MTP Act mandates that medical termination of pregnancy must be performed only by a registered medical practitioner who meets specific legal certification and training requirements.,1.3296613488507585,True,False,6
68,Calcium ions triggers muscle contraction by binding to:,Actin,Myosin,Troponin,Tropomyosin,C,C,"Calcium ions bind to the troponin complex, causing a conformational change that moves tropomyosin away from the myosin-binding sites on actin.",0.6365141682928128,True,False,6
69,"SD plasma destroys lipid enveloped virus. On SD plasma transfusion, which of the following infection is the likely possibility?",HIV,HAV,HBV,HCV,B,B,"Solvent/detergent treatment effectively inactivates lipid-enveloped viruses (HIV, HBV, HCV), but non-enveloped viruses like Hepatitis A (HAV) remain resistant to this process.",1.3296613488507585,True,False,6
70,"According to the intelligence quotient classification, a score of 90-110 is:",Low average.,Average,Superior,Mentally retarded.,B,B,"In standard IQ classification systems, a score of 90–110 represents the middle range of the normal distribution, which is defined as average intelligence.",0.6931471805579453,True,False,6
71,"Due to which of the following enzyme deficiency, vitamin C cannot be synthesised in humans?",L-Glucuronic acid oxidase,L-Gulonic acid reductase,L-Gulonolactone oxidase,L-Gulonolactone reductase,C,C,"Humans lack the functional gene for L-gulonolactone oxidase, which is the final enzyme required to convert L-gulonolactone into ascorbic acid.",0.6365141682928128,True,False,6
72,In a patient of heart disease antibiotic prophylaxis for dental extraction is:,Amoxicillin.,Imipenem.,Gentamicin.,Erythromycin.,A,A,Amoxicillin is the standard first-line prophylactic antibiotic recommended by the AHA for patients at high risk of infective endocarditis undergoing dental procedures.,1.3296613488507585,True,False,6
73,"Which of the following type of failure may occur, if the coefficient of thermal expansion of ceramic is much lower than that of metal?",Cohesive failure of ceramic,Adhesive failure of metal ceramic bond,Cohesive failure of metal,Cohesive failure of metal ceramic bond,B,B,"If the ceramic's CTE is significantly lower than the metal's, the metal contracts excessively during cooling, creating tensile stresses at the interface that lead to debonding.",1.0114042647043515,True,False,6
74,Anti monsoon curve seen in :,Premolar,Molar,Anterior,All of the above.,D,B,The anti-monsoon curve (Reverse Curve of Spee) refers to the buccolingual inclination of the mandibular molars where the buccal cusps are positioned higher than the lingual cusps.,1.24245332489,False,True,6
75,"A 10 years old child has lytic lesions in upper femur, the differential diagnosis can be all except :",Plasmacytoma,Browns tumour,Metastasis,Histiocytosis,A,A,"Plasmacytoma is a manifestation of multiple myeloma, a condition almost exclusively seen in adults over 50, making it extremely rare in a 10-year-old child.",1.5607104090364066,True,False,6
76,During periradicular surgery bone is removed with?,Round burr,Double inverted cone burr,Fissure burr,Taper Burr,A,A,A round burr is the standard instrument used for osteotomy to gain access to the periradicular area due to its efficiency in removing cortical bone.,1.3296613488507585,True,False,6
77,The primary function of the dental pulp is:,Nutritive,Production of dentin,Production of enamel,Vascular supply to the teeth,B,B,"The primary physiological function of the dental pulp is dentinogenesis, which is the formation of dentin by odontoblasts throughout the life of the tooth.",0.4505612088643047,True,False,6
78,Which of the following increases callus formation:,Rigid immobilization,Movement at fracture site,Compression plating,Intraosseous nailing,B,B,"Micromotion at the fracture site stimulates secondary bone healing through endochondral ossification, which promotes the formation of a cartilaginous callus.",1.24245332489,True,False,6
79,Child of Vasanthi was weaned from breast milk on the 5th day and was given sugarcane juice the child developed hypoglycemia and hepatomegaly biochemical examination showed hypophosphatemia and enzyme deficiencies–reducing substances in urine. The child is probably suffering from which of the following enzyme deficiencies –,Fructokinase,Aldolase B,Glucose 6 Phosphatase,Beta galactosidase,B,B,"The clinical presentation of hypoglycemia, hepatomegaly, and reducing substances in urine following fructose ingestion is diagnostic of Hereditary Fructose Intolerance caused by an Aldolase B deficiency.",-1.000088900581841e-12,True,False,6
80,Skeletal muscles,Contracts when calcium is taken up by sarcoplasmic reticulum,Contracts when actin and myosin filaments shorten,Contraction is initiated by calcium binding to troponin,Contraction is initiated by calcium binding to tropomyosin,C,C,"Calcium binding to troponin induces a conformational change in the troponin-tropomyosin complex, exposing the myosin-binding sites on actin to initiate cross-bridge cycling.",0.8675632284784613,True,False,6
81,Which of the following is most effective for gluconeogenesis in starvation?,Acetyl Co-A stimulation of pyruvate carboxylase,"Fructose-1, 6-biphosphate stimulation of phosphofructokinase-1",Citrate stimulation of acetyl carboxylase,"Fructose-2, 6-biphosphate stimulation of phosphofructokinase-2",A,A,"During starvation, elevated Acetyl-CoA from fatty acid oxidation allosterically activates pyruvate carboxylase, committing pyruvate to the gluconeogenic pathway.",1.3296613488507585,True,False,6
82,Which is not involved in iron metabolism?,Transthyretin,Ceruloplasmin,Hepcidin,Ferropoin,A,A,"Transthyretin is a transport protein for thyroxine and retinol, playing no role in iron homeostasis.",0.6365141682928128,True,False,6
83,A 14 year girl presented with absent thelarche.On examination uterus was present. Investigations showed high FSH. karyotype is XY.What is the probable diagnosis?,Gonadal dysgenesis,Kallman syndrome,Androgen insensitivity syndrome,Adrenal hyperplasia,A,A,"High FSH indicates primary gonadal failure (hypergonadotropic hypogonadism), and an XY karyotype with a uterus is characteristic of Swyer syndrome, a form of pure gonadal dysgenesis.",1.24245332489,True,False,6
84,Reciprocal arm taper in,1 dimension,2 dimension,3 dimension,Not tapered,A,B,Reciprocal arm taper refers to the design of files where the taper is constant across two dimensions of the instrument's cross-section.,1.5607104090364066,False,True,6
85,Bluegrass appliance is used to treat:,Thumb sucking.,Tongue thrusting.,Both,Mouth breathing.,C,C,The Bluegrass appliance uses a Teflon roller to discourage thumb sucking and serves as a reminder to correct tongue thrusting habits.,1.24245332489,True,False,6
86,On a primary 2nd molar caries occur most commonly on,Occlusal pit and fissures,Proximal caries below contact point,Buccal surface,Promixal caries above contact point,A,A,"The complex anatomy of primary molar occlusal surfaces, characterized by deep pits and fissures, makes them the most frequent site for plaque accumulation and subsequent caries development.",0.8675632284784613,True,False,6
87,Waldeyer's lymphatic chain is formed by all except,Palatine tonsils,Pharyngeal tonsils,Tubal and lingual tonsils,Post auricular nodes,D,D,"Waldeyer's ring consists of the pharyngeal, tubal, palatine, and lingual tonsils, whereas post-auricular nodes are peripheral lymph nodes not part of this pharyngeal lymphoid structure.",0.8675632284784613,True,False,6
88,"Polydactyly, craniosynostosis, Late closure of fontanelles is a feature of:",Apert's syndrome,Crouton's syndrome,Pierre robin syndrome,Down' syndrome,A,A,"Apert syndrome is uniquely characterized by craniosynostosis, midface hypoplasia, and complex syndactyly (often involving polydactyly), alongside delayed fontanelle closure.",1.0114042647043515,True,False,6
89,Physiological changes seen in laparoscopy include all except:,Increased ICP,Decreased FRC,Increased CVP,Increased pH,D,D,"CO2 absorption during pneumoperitoneum causes respiratory acidosis, which results in a decreased rather than increased pH.",1.5607104090364066,True,False,6
90,Which of the following nerve fibre types is least susceptible to LA blockade?,A beta,A alpha,B fibers,C fibers,B,B,"Large, heavily myelinated A-alpha fibers have the greatest diameter and conduction velocity, making them the most resistant to local anesthetic blockade compared to smaller or unmyelinated fibers.",1.5607104090364066,True,False,6
91,"A child born with multiple congenital defect including cleft palate, neural tube defect, atrial septal defect and microcephaly which of the following drug is used by mother during pregnancy:",Erythromycin,Isotretinoin,Ibuprofen,Metronidazole,B,B,"Isotretinoin is a potent teratogen known to cause a specific pattern of craniofacial, cardiac, and central nervous system malformations known as retinoic acid embryopathy.",0.8675632284784613,True,False,6
92,Incorporation of peripheral seal in an impression is necessary to obtain;,Stability,Functionally moulded periphery,Harmonious occlusion,Posterior palatal seal,B,A,"The peripheral seal creates a border seal that prevents air ingress, which is essential for achieving the negative pressure required for denture retention and stability.",1.24245332489,False,True,6
93,Increase in height of mandible with increase in interdental spaces in elderly man,Hyperpituitarism,Hyperthyroidism,Hypopituitarism,Hyperparathyroidism,A,A,"Hyperpituitarism in adults causes acromegaly, which is characterized by mandibular overgrowth leading to prognathism and increased interdental spacing (diastema).",0.6931471805579453,True,False,6
94,A patient has seasonal allergic rhinitis and is on terfenadine. He develops cardiac arrhythmias after a course of antibiotics. Which of the following antibiotic could have been given:,Ampicillin,Tetracycline,Erythromycin,Co-trimoxazole,C,C,"Erythromycin is a potent CYP3A4 inhibitor that prevents the metabolism of terfenadine, leading to toxic accumulation and the risk of life-threatening cardiac arrhythmias (torsades de pointes).",0.6365141682928128,True,False,6
95,Modulus of elasticity means:,Rigidity or stiffness of the material,Ability to be stretched with permanent deformation,Ductility of a material,Malleability of the metal,A,A,"The modulus of elasticity quantifies a material's resistance to elastic deformation, which is defined as its stiffness or rigidity.",0.6931471805579453,True,False,6
96,Vwf factor is produced by:,Platelets,Endothelial cells,Neutrophils,Monocytes,B,B,"Von Willebrand factor is primarily synthesized and secreted by endothelial cells, where it is stored in Weibel-Palade bodies.",1.3296613488507585,True,False,6
97,Which of the following statement is false statement about snake-bites?,Anti-venom is not effective in humpnosed pit viper bite,Cobra venom is neurotoxic,Atropine premedication should be used before administering Neostigmine,Neostigmine has a role in krait bite.,D,A,"Polyvalent anti-venom is not effective against Hump-nosed pit viper venom, as it is not neutralized by standard anti-venoms produced against the ""Big Four"" snakes.",1.7917594692220549,False,True,6
98,A prosthetic appliance given to cover the palatal defect in patients with cleft palate is called,Artificial velum,Obturator,Removable prosthetic appliance,None of the above,B,B,"An obturator is a specific maxillofacial prosthesis designed to close congenital or acquired palatal defects, restoring the separation between the oral and nasal cavities.",1.7917594692220549,True,False,6
99,Biofilm forming bacteria causes antimicrobial resist-ance by all of the following except:,Mechanical barrier,Increased excretion of antibiotics,Altered metabolism,Adherence,D,D,Adherence is a mechanism for biofilm initiation and colonization rather than a direct mechanism of antimicrobial resistance.,1.0114042647043515,True,False,6
100,Which of these drugs is an antidote for fibrinolytic therapy?,Epsilon aminocaproic acid,Protamine,Heparin,Streptokinase,A,A,"Epsilon aminocaproic acid is a lysine analog that competitively inhibits plasminogen activation, effectively reversing fibrinolysis.",0.4505612088643047,True,False,6
101,Which facial bone is most prone to fracture?,Mandible,Nasal,Zygoma,Frontal,B,B,"The nasal bone is the most frequently fractured facial bone due to its prominent, central position on the face and its thin, delicate structure.",-1.000088900581841e-12,True,False,6
102,"To check objective pain response, which is best used method",Facial pain scale,Knee jerk reflex,H - Reflex,R III Reflex,A,D,"The R III reflex is a polysynaptic spinal withdrawal reflex that provides an objective, quantifiable electrophysiological measure of nociceptive input processing.",0.8675632284784613,False,True,6
103,"A one year old child, who is earlier normal, is suffering from copious nasal discharge, coarse facial features, large tongue, bulging head and flattened nose. He is also having enlarged spleen and liver. What may be the cause?",Hypothyroidism,Beckwith widman syndrome,Proteus syndrome,Hurler syndrome,D,D,"The combination of coarse facial features, hepatosplenomegaly, and skeletal abnormalities in an infant is characteristic of Hurler syndrome, a mucopolysaccharidosis caused by alpha-L-iduronidase deficiency.",1.24245332489,True,False,6
104,The resolution of IOPA is about:,10 Lp/mm,16 Lp/mm,28 Lp/mm,30 Lp/mm,B,B,Conventional intraoral periapical film typically provides a spatial resolution of approximately 16 to 20 line pairs per millimeter.,0.6365141682928128,True,False,6
105,A patient diagnosed with carcinoma of lung presented with a serum calcium level of 16.4 mmol/L. What will be the first step in management?,IV fluids and furosemide,Immediate hemodialysis,Bisphosphonates,Chemotherapy with gemcitabine and carboplatin,A,A,Aggressive volume expansion with IV fluids followed by loop diuretics is the first-line treatment to restore renal perfusion and promote calcium excretion in hypercalcemic crisis.,0.4505612088643047,True,False,6
106,The following test may be abnormal in disseminated intravascular coagulation except:,Prothrombin,Activated partial thromboplastin time,D-timer levels,Clot solubility.,D,D,Clot solubility is a specific test for Factor XIII deficiency and is not affected by the consumption coagulopathy characteristic of DIC.,0.4505612088643047,True,False,6
107,In Xerostomia the salivary pH is:,Unaffected,Low,High,increased in morning & decreases in day,B,B,"Reduced salivary flow diminishes the buffering capacity of the mouth, leading to an accumulation of acidic byproducts and a decrease in pH.",0.4505612088643047,True,False,6
108,Which of the following is not true about stamp cusp?,Maintain vertical height of face,Facial incline might contact in MI,Sharp cusps and prominent ridges are present,Not recalled,C,C,"Stamp cusps are typically rounded and blunt to withstand occlusal forces, whereas shearing cusps are the ones characterized by sharp cusps and prominent ridges.",0.6365141682928128,True,False,6
109,Sugar restricted to diet was beneficial in presence of unfavorable hygiene was from which study?,Hopewood,Experimental,Vipeholm,Turku,A,C,"The Vipeholm study established that sugar consumption frequency is the primary determinant of caries risk, even when oral hygiene is suboptimal.",-1.000088900581841e-12,False,True,6
110,"Alginate at 20 degrees, the gel is formed in",3-4 mins.,6-8 mins.,15-16 mins.,1-2 min.,A,A,"At a standard room temperature of 20°C, the chemical reaction of alginate typically results in a gelation time of 3 to 4 minutes.",1.0114042647043515,True,False,6
111,Most common tumor of lacrimal gland:,Trans-scaphoid perilunate fracture,Scaphoid fracture,Distal radius fracture,Hamate fracture,D,X,"The provided options list wrist fractures rather than lacrimal gland tumors, for which the correct answer is pleomorphic adenoma.",0.4505612088643047,False,False,6
112,Percentage of carbon in carbon steel hand instruments is,1-1.2%,10-12%,0.6 to 0.8%,6 to 8%,A,C,Carbon steel used for dental hand instruments typically contains between 0.6% and 0.8% carbon to provide the necessary hardness and edge retention.,1.24245332489,False,True,6
113,"Topical administration of I% Pilocarpine failed to produce pupillary constriction in a patient who had a large, dilated pupil What should be the most probable reason?",Adie's tonic pupil,Diabetic III nerve palsy,Pharmacological blockade,Uncal herniation,C,C,"Pharmacological blockade by anticholinergic agents prevents pilocarpine from binding to muscarinic receptors on the iris sphincter, rendering the pupil unresponsive to cholinergic stimulation.",0.8675632284784613,True,False,6
114,Pregnancy gingivitis is caused by:,Bacteriodes melaninogenicus,Actinobacillus actinomycetemcomitans,Streptococcus sanguis,Fusobacterium,A,A,"Pregnancy gingivitis is strongly associated with an increase in *Prevotella intermedia* (formerly classified as *Bacteroides melaninogenicus*), which thrives on the elevated progesterone levels characteristic of pregnancy.",0.6365141682928128,True,False,6
115,Artery palpable at the anterior border of the masseter is :,Superficial temporal artery,Facial artery,Lingual artery,Maxillary artery,B,B,"The facial artery crosses the lower border of the mandible at the anterior edge of the masseter muscle, where its pulse is easily palpable.",1.24245332489,True,False,6
116,In DIC following are seen except,Fibrinogen decreased,Thrombocytopenia,Normal APTT,PT elevation,C,C,DIC is a consumptive coagulopathy that typically results in prolonged (elevated) PT and APTT due to the depletion of clotting factors.,1.24245332489,True,False,6
117,Absorption of which of the following drugs is increased after a fatty meal?,Amphotericin B,Griseofulvin,Ampicillin,Aspirin,B,B,Griseofulvin is a highly lipophilic drug whose dissolution and absorption are significantly enhanced by the bile flow stimulated by a high-fat meal.,1.3296613488507585,True,False,6
118,What is the basis of behavior shaping:,Stimulus response theory,Social learning principle.,Hierarchy of needs,None of the above.,A,A,"Behavior shaping is rooted in operant conditioning, which is a fundamental mechanism within stimulus-response theory involving the reinforcement of successive approximations toward a target behavior.",1.0986122886651095,True,False,6
119,Shortest root of maxillary 1st molar,Distobuccal,Mesiobuccal,Palatal,All are equal,A,A,"The distobuccal root is the shortest of the three roots, while the palatal root is the longest.",-1.000088900581841e-12,True,False,6
120,Malaria relapse common with which type plasmodium species?,Plasmodium malariae and vivax,Plasmodium falciparum and vivax,Plasmodium vivax and ovale,Plasmodium ovale and malariae,C,C,"Plasmodium vivax and ovale are the only human malaria species that form dormant liver-stage hypnozoites, which can reactivate to cause clinical relapse.",-1.000088900581841e-12,True,False,6
121,"Which of the following constituents is common in occlusal sealants, bonding agents, composite resins?",BIS GMA,Polymethyl methacrylate,Benzoin methyl ether,Silica filter,A,A,"BIS-GMA is the primary dimethacrylate monomer used as the organic matrix in the formulation of dental composite resins, bonding agents, and pit and fissure sealants.",1.3296613488507585,True,False,6
122,Which primary tooth resemble premolar,Upper 1st molar,Lower 1st molar,Upper 2nd molar,Lower 2nd molar,A,A,The primary maxillary first molar is unique because it possesses features of both a premolar (occlusal anatomy) and a molar (three roots).,1.3296613488507585,True,False,6
123,"According to Transplantation of Human Organs Act, which of the following doctors is/are not authorized to declare brainstem death?",RMP incharge of the hospital,Treating physician,Neurosurgeon,Surgeon doing liver transplant,D,B,"The treating physician is excluded from the certification panel to prevent a conflict of interest, as the law requires the board to be independent of the transplant team.",1.3296613488507585,False,True,6
124,Which of the following types of lipase is controlled by glucagon?,Lipoprotein lipase,Hormone-sensitive lipase,Gastric lipase,Pancreatic lipase,B,B,Hormone-sensitive lipase is activated via phosphorylation by protein kinase A in response to glucagon to stimulate lipolysis in adipose tissue.,-1.000088900581841e-12,True,False,6
125,In dentistry which sedatives are generally used:,Benzodiazepines,Morphine,NSAID,Pethidine,A,A,Benzodiazepines are the standard pharmacological agents used in dentistry for conscious sedation due to their effective anxiolytic and sedative properties.,1.24245332489,True,False,6
126,In case of Fracture of mandible; alveolar border experiences which force,Tension,Compression,Torsion,Rotation,A,A,"The mandible acts as a curved beam under load, causing the superior alveolar border to undergo tensile stress while the inferior border undergoes compression.",1.3296613488507585,True,False,6
127,The hormone having the maximum effect on granulation wound healing is:,Thyroxine,Cortisone,Parathormone,Epinephrine,B,B,"Cortisone is a potent glucocorticoid that inhibits the inflammatory response, fibroblast proliferation, and collagen synthesis, thereby significantly impairing the granulation phase of wound healing.",1.5607104090364066,True,False,6
128,The clot formed is not stable unless extensive cross-linking occurs. This extensive cross-linking of blood clot is done by:,Plasmin,Thrombin,HMWK,Factor XIII,D,D,"Factor XIII (fibrin stabilizing factor) is activated by thrombin to catalyze the formation of covalent cross-links between fibrin monomers, transforming the unstable mesh into a stable clot.",1.0114042647043515,True,False,6
129,Pre-carve burnishing is useful for all except:,Bring further excess mercury to surface,Increase surface hardness,Decrease number and size of voids,Marginal adaptation,B,B,"Pre-carve burnishing improves marginal adaptation, reduces surface voids, and brings excess mercury to the surface, but it does not increase the internal surface hardness of the amalgam.",-1.000088900581841e-12,True,False,6
130,"A neonate is being investigated for jaundice. A liver biopsy shows features of a ""Giant Cell/Neonatal hepatitis"". Which one of the following conditions usually results in this case –",Congenital hepatic fibrosis,Hemochromatosis,Alpha–1–antitrypsin deficiency,Glycogen storage disease Type 1,C,C,Alpha-1-antitrypsin deficiency is a classic metabolic cause of neonatal cholestasis characterized histologically by giant cell transformation of hepatocytes.,1.3296613488507585,True,False,6
131,Ammonia from brain is removed as:,Urea,Alanine,Glutamate,Glutamine,D,D,The brain lacks a complete urea cycle and detoxifies ammonia by combining it with glutamate to form glutamine via the enzyme glutamine synthetase.,1.0114042647043515,True,False,6
132,Use of lithium during pregnancy increases the risk of development of which of the following malformations in the baby?,Facial defects,Cardiac defects,Neural tube defects,Urogenital defects,B,B,"Lithium exposure during the first trimester is specifically associated with an increased risk of Ebstein's anomaly, a congenital cardiac defect involving the tricuspid valve.",-1.000088900581841e-12,True,False,6
133,Most common presentation of abdominal desmoids tumor is?,Abdominal pain,Abdominal mass,Fever,Urinary retention,B,B,"Desmoid tumors typically present as a slow-growing, firm, and often painless abdominal wall mass arising from the musculoaponeurotic structures.",1.7917594692220549,True,False,6
134,Noise induced hearing toss inosto affects:,Inner hair cell,Outer hair cell,Macula,Cupula,B,B,"Outer hair cells are the most metabolically active and mechanically vulnerable structures in the organ of Corti, making them the primary site of damage in noise-induced hearing loss.",0.8675632284784613,True,False,6
135,Replacing amino acid will not change its functions,Glutamine to Asparagine,Aspaate and Glutamate,Alanine to tryptophan,None of these,A,B,"Both amino acids are acidic and possess negatively charged side chains, making them chemically similar enough to often preserve protein function.",1.3296613488507585,False,True,6
136,"A 75 year old chronic smoker who is diabetic and edentulous for the last 30 years has a bilateral body fracture, best treatment modality is",ORIF with reconstruction plate,Gunning splints,Two mini plates,Wire osteosynthesis,B,B,"In an edentulous, atrophic mandible, the reduced bone height makes rigid internal fixation technically difficult and increases the risk of fracture or further resorption, making Gunning splints a safer, conservative management option.",-1.000088900581841e-12,True,False,6
137,"Which of the following is used as, surface hardener in Impression material?",2% potassium sulfate,0.2% potassium sulfate,2% sodium sulfate,4% potassium sulfate,A,A,A 2% potassium sulfate solution is the standard concentration used as an accelerator and surface hardener for gypsum-based impression materials to ensure rapid setting and improved surface hardness.,1.5607104090364066,True,False,6
138,A 59-year-old female presents with gingival condition punched out crater-like depression covered with membrane which can be pulled off painlessly?,Diphtheritic lesion,Acute herpetic gingivostomatitis,ANUG,Syphilitic lesion,C,C,"ANUG is characterized by pathognomonic ""punched-out"" interdental papillae covered by a necrotic pseudomembrane.",1.3296613488507585,True,False,6
139,Visual cortex is present in the:,Occipital lobe,Temporal lobe,Frontal lobe,Parietal lobe,A,A,The primary visual cortex is anatomically situated in the occipital lobe at the posterior aspect of the brain.,1.0114042647043515,True,False,6
140,Bartholins duct is the name of :,Parotid duct,Submandibular gland,Sublingual duct,Lacrimal duct,C,C,Bartholin's duct is the main excretory duct of the sublingual gland that typically joins the submandibular duct to drain into the oral cavity.,0.6365141682928128,True,False,6
141,Which of the following exists as yeast at 37deg and hyphae at 25deg?,Histoplasma capsulatum,Sporothrix globosa,Candida albicans,Cryptococcus neoformans,A,A,Histoplasma capsulatum is a thermally dimorphic fungus that grows as mold (hyphae) at 25°C and converts to yeast at 37°C.,1.0114042647043515,True,False,6
142,Pulsatile varicose veins in lower limbs is seen in –,Klippel trenaunay syndrome,TR,RV failure,Carcinoid stenosis of tricuspid,A,D,"Tricuspid regurgitation, often caused by carcinoid heart disease, allows right ventricular pressure to be transmitted retrograde into the venous system, resulting in pulsatile varicose veins.",1.3296613488507585,False,True,6
143,"The number of dental caries cases reported during last 10 years are given below 250, 320, 190, 300, 5000, 100, 260, 350, 320 and 160. The epidemiologist wants to find out average number of caries cases reported in that town for last 10 yrs. The most appropriate average per this data will be",Arithmetic mean,Mode,Median,Geometric mean,C,C,"The presence of the extreme outlier (5000) significantly skews the arithmetic mean, making the median the most robust measure of central tendency for this skewed dataset.",-1.000088900581841e-12,True,False,6
144,The most common bone cancer is:,Osteosarcoma,Metastatic bone cancer,Multiple myelonia,Squamous cell carcinoma,B,B,Metastatic bone disease occurs far more frequently than primary bone malignancies because it represents the spread of cancer from other organs to the skeletal system.,1.3296613488507585,True,False,6
145,Which is the ligand for receptors present in liver for uptake of LDL?,Apo B-100,Apo B-48,Apo E and Apo B-100,Apo A-I,A,C,The LDL receptor recognizes both Apo B-100 (found on LDL) and Apo E (found on IDL and chylomicron remnants) for hepatic endocytosis.,1.0986122886651095,False,True,6
146,Amyloid protein in Hemodialysis associated with amyloidosis is-,AA,A b,b- 2 microglobulin,Transthyretin,C,C,"β2-microglobulin is a low-molecular-weight protein that is poorly cleared by conventional dialysis membranes, leading to its systemic accumulation and deposition as amyloid fibrils.",0.8675632284784613,True,False,6
147,Teeth that erupt in 30 days of birth,Neonatal teeth,Natal teeth,Premature teeth,,A,A,Neonatal teeth are defined as teeth that erupt into the oral cavity within the first 30 days of life.,-1.000088900581841e-12,True,False,6
148,Arrange the following in the sequence of closure :,Umbilical Aery,Umbilical Vein,Ductus venosus and Foramen ovale,All,D,A,"The umbilical arteries constrict almost immediately after birth due to thermal and mechanical stimuli, preceding the closure of the umbilical vein and the subsequent functional closure of the ductus venosus and foramen ovale.",0.8675632284784613,False,True,6
149,"Drug adveisement letter is a necessary component of each drug formulation and contains various information about the drug like drug dosing, frequency and half-life. Which of the following information need not be given in the drug adveisement letter?",Research papers and other aicles proving efficacy of the drug,Date of expiry of the drug,"Rare, but serious life threatening adverse-effects","Common, not so serious adverse-effects",B,A,"Regulatory package inserts must contain essential safety and usage data, whereas research papers are supplementary evidence not required for the clinical labeling document.",0.4505612088643047,False,True,6
150,"In a patient with fresh blow out fracture of the orbit, best immediate management is",Wait & watch,Antral pack,Titanium Mesh,Glass bead mesh,A,A,Immediate management involves observation to allow orbital edema and emphysema to subside before surgical intervention is considered.,1.24245332489,True,False,6
151,Which of the following drugs can be stopped abruptly without any withdrawal symptoms?,Esctilaopram,Fluoxetine,Fluvoxamine,Seraline,B,B,"Fluoxetine has a significantly longer half-life and active metabolite duration compared to other SSRIs, allowing for a gradual self-tapering effect that minimizes withdrawal symptoms.",-1.000088900581841e-12,True,False,6
152,Keyhole-shaped visual field defect is seen in lesion involving which of the following regions?,Optic disk,Optic chiasma,Lateral geniculate body,Occipital lobe,C,A,"A keyhole-shaped visual field defect is a classic clinical manifestation of an optic disk coloboma, which results from the incomplete closure of the embryonic optic fissure.",1.5607104090364066,False,True,6
153,The soft tissue tooth interface that forms after flap surgery in a previously denuded area is,Long junctional epithelium,Collagen adhesion,Scar tissue attachment,Connective tissue attachment,A,A,"Epithelial cells migrate more rapidly than connective tissue cells, resulting in the formation of a long junctional epithelium rather than a new connective tissue attachment.",0.4505612088643047,True,False,6
154,The test done for a statistically significant change in cholesterol values in a group of patients following an interventional programme is:,Chi square test,"Paired ""t"" test","Unpaired ""t"" test",Fisher test,B,B,"The paired ""t"" test is used to compare the means of the same group of subjects measured at two different time points (before and after an intervention).",0.4505612088643047,True,False,6
155,Mw vaccine is prepared from:,Mycobacterium bovis,Mycobacterium indicus pranii,Mycobacterium welchii,Mycobacterium tuberculosis,B,B,"The Mw vaccine is derived from the non-pathogenic, rapidly growing bacterium *Mycobacterium indicus pranii*, formerly known as *Mycobacterium w*.",1.0114042647043515,True,False,6
156,Guiding planes are:,Located adjacent to the edentulous area,Located far anterior to the edentulous area,Helps in the stability of the denture,Provides a different path of insertion and removal,A,A,Guiding planes are prepared on the proximal surfaces of abutment teeth adjacent to the edentulous space to establish a specific path of insertion and removal for the removable partial denture.,1.3296613488507585,True,False,6
157,Reflex which never disappear:,Walking and stepping reflex,Limb placement reflex,Parachute reflex,All of the above,D,B,"The limb placement reflex is a postural reaction that persists throughout adulthood, whereas the walking/stepping and parachute reflexes are primitive reflexes that typically integrate or disappear during infancy.",1.7917594692220549,False,True,6
158,Vitamin D toxicity is treated with,Chloroquine,Hydroxycholoquine,Dexamethasone,Ketoconazole,C,D,"Ketoconazole inhibits the cytochrome P450 enzymes (specifically 25-hydroxylase and 1-alpha-hydroxylase) required for the activation of Vitamin D, thereby reducing serum calcium levels.",1.24245332489,False,True,6
159,Which of the following is not the component of qSOFA?,Respiratory rate >22/min,Systolic BP<100 mmHg,Altered mental status,Unequally dilated pupils,D,D,"The qSOFA score consists only of respiratory rate ≥22/min, systolic blood pressure ≤100 mmHg, and altered mental status; unequal pupils are not a criterion.",0.4505612088643047,True,False,6
160,How much hone can be stretched at a time before it fractures:,1%,2%,6%,8%,B,B,Cortical bone is a brittle material that typically fractures after undergoing approximately 2% strain (deformation) under mechanical loading.,0.6931471805579453,True,False,6
161,Tonsils developed from:,Ventral part of 3rd pouch.,Ventral part of 2nd pouch.,Dorsal part of 2nd pouch.,Ventral part of 3rd pouch.,B,C,The palatine tonsils develop from the endodermal lining of the dorsal part of the second pharyngeal pouch.,-1.000088900581841e-12,False,True,6
162,Gutta Percha can effectively be sterilized by?,Hot salt sterilizer,Chemical solutions,Autoclaving,Dry heat,B,B,Gutta-percha is a thermoplastic material that loses its dimensional stability and physical properties when exposed to the high temperatures required for heat-based sterilization methods.,0.6365141682928128,True,False,6
163,Which of these conditions  does not require SABE prophylaxis,MR,ASD,MS,CABG,D,B,Atrial septal defect (ASD) is considered a low-risk cardiac condition that does not require antibiotic prophylaxis for the prevention of infective endocarditis.,1.5607104090364066,False,True,6
164,Motor supply of infrahyoid muscle is:,Branches of cervical plexus,Vagus nerve,Glossopharyngeal nerve,Mandibular nerve,A,A,"The infrahyoid muscles are innervated by the ansa cervicalis, which is a loop formed by the ventral rami of the cervical spinal nerves (C1-C3).",0.6931471805579453,True,False,6
165,This direction of force can cause:,Reduce overbite,Worsen open bite,Both,,C,X,"The direction of force is not specified, making it impossible to determine the clinical outcome on vertical dimension.",1.0114042647043515,False,False,6
166,Cystinuria is characterised by –,Generalised aminoaciduria,Systemic acidosis,Deposition of cystine crystals in Renal tubular cells,Recurrent urinary caliculi,D,D,"Impaired renal reabsorption of cystine leads to its high concentration in urine, causing the formation of recurrent cystine stones.",0.6931471805579453,True,False,6
167,"Patient with PPF transfusion complaint of breathing difficulty, tachycardic, tachypnia, Had Batwing sign present in X-ray. What will be the possible reason?",Transfusion related lung injury,Due to overload of PPF,Acute renal tubular acidosis,Hemoglobinuria,B,B,"The presence of a ""batwing"" sign on chest X-ray is a classic radiographic finding of pulmonary edema caused by Transfusion-Associated Circulatory Overload (TACO) resulting from rapid or excessive infusion of colloid solutions like PPF.",0.6365141682928128,True,False,6
168,Which of these is not a theory of TMJ ankylosis?,Calcification in the soft tissues around the joint space,Synovial fluid attracting calcium ions,Lateral displacement of fracture condyle with fusion  with zygomatic bone,Condylar burst,B,D,Condylar burst is a descriptive term for a specific type of fracture pattern rather than a recognized pathophysiological theory explaining the development of TMJ ankylosis.,1.24245332489,False,True,6
169,Fingerprinting (FINDER) involves recording prints of 8 fingers. Which finger pair is excluded?,Ring finger,Thumb,Little finger,Middle finger,C,B,"The FINDER system captures the four fingers of each hand, specifically excluding the thumbs from the standard eight-finger scan.",1.7917594692220549,False,True,6
170,Impression compound is characterized by all the following except:,Warps at room temperature,Is a thermoset material,Shows increased flow when kneaded with water,Low coefficient of thermal conductivity,B,B,"Impression compound is a thermoplastic material that softens upon heating and hardens upon cooling, rather than a thermoset material which undergoes an irreversible chemical change.",1.0114042647043515,True,False,6
171,"In Galactorrhoea--amenorrhea syndromes, which is the investigation you should advise (apa from serum prolactin)?",TSH,LH,hCG,Urinary ketosteroids,A,A,"Primary hypothyroidism causes elevated TRH, which stimulates prolactin secretion, making TSH measurement essential to rule out this reversible secondary cause of hyperprolactinemia.",0.6365141682928128,True,False,6
172,What is common in class I cavity preparation for amalgam and gold inlay?,Buccolingually divergent walls,Mesiodistally divergent walls,Maximum depth is needed in both cases to provide sufficient thickness,All of the above,B,A,Both preparations require a slight occlusal divergence of the buccolingual walls to facilitate the withdrawal of the wax pattern for gold inlays and to accommodate the restorative material's properties for amalgam.,1.7917594692220549,False,True,6
173,Periodontal surgery is best performed,4 weeks after completion of the hygienic phase,8 weeks after the completion of the restorative phase,4 weeks before completion of occlusal adjustments,Immediately after the completion of the hygienic phase,A,A,"A 4-week interval allows sufficient time for the resolution of gingival inflammation and the maturation of the junctional epithelium, facilitating a more accurate assessment of the remaining periodontal pockets and tissue response.",1.3296613488507585,True,False,6
174,Endocrine glands that are not influenced by the pituitary gland include the:,"Thyroid gland, testes, and adrenal medulla","Adrenal medulla, parathyroids, and the islets of langerhans","Adrenal cortex, parathyroids and ovaries","Pancreas, adrenal medulla and thyroid gland",B,B,"The adrenal medulla, parathyroid glands, and islets of Langerhans are regulated by autonomic nervous system activity or blood chemistry rather than pituitary tropic hormones.",1.5607104090364066,True,False,6
175,Rooting reflex also known as search reflex disappears:,2 month,3 month,4 month,5 month,C,C,The rooting reflex is a primitive reflex that typically integrates and disappears by 4 months of age as the infant transitions to voluntary feeding behaviors.,1.24245332489,True,False,6
176,Migratory motor complexes in the gut reappear after intervals of:,60 minutes,90 minutes,120 minutes,150 minutes,B,B,"Migrating motor complexes occur in the fasting state and typically recur at intervals of approximately 90 to 120 minutes, with 90 minutes being the standard physiological reference.",0.4505612088643047,True,False,6
177,IV ultrashort acting barbiturate:,Meprobamate,Pentobarbitone,Thiopentone,Phenobarbitone,C,C,"Thiopentone is a highly lipid-soluble barbiturate that rapidly crosses the blood-brain barrier for induction, followed by quick redistribution to inactive tissues.",0.4505612088643047,True,False,6
178,The component that sensitizes bacteria and virus to UV irradiation,Lipids,Carbohydrates,Inorganic salts,Nucleic acids,D,D,"Nucleic acids are the primary chromophores that absorb UV radiation, leading to the formation of pyrimidine dimers that disrupt replication and cause microbial inactivation.",1.0114042647043515,True,False,6
179,"All these are Included In active tissue engineering, except",Antigens fibroblasts,Bilayered cell therapy,Enamel matrix derivative,Acellular dermal matrix,D,D,Acellular dermal matrix is classified as passive tissue engineering because it acts as a scaffold without containing living cells.,1.24245332489,True,False,6
180,For which of the following is PPV-23 is most beneficial:,Cystic fibrosis patient,Sickle cell anemia patient,Patient with recurrent rhinitis and sinusitis,Child less than 2 years,B,B,"Sickle cell anemia causes functional asplenia, significantly increasing the risk of overwhelming infection by encapsulated organisms like *Streptococcus pneumoniae*, for which PPV-23 provides essential protection.",1.3296613488507585,True,False,6
181,Characteristic histopathological feature of basal cell car cinoma is,Nuclear palisading,Keratin pearls,Psammoma bodies,Foam cells,A,A,"Basal cell carcinoma is characterized by nests of basaloid cells with peripheral nuclei arranged in a parallel, picket-fence pattern known as nuclear palisading.",0.4505612088643047,True,False,6
182,Most common mediastinal tumor:,Neurogenic tumor,Thymoma,Lymphoma,Bronchogenic cyst,A,A,"Neurogenic tumors are the most frequent primary mediastinal neoplasms, accounting for approximately 20% of all mediastinal masses.",1.0114042647043515,True,False,6
183,All are the branches of ECA that supply nasal septum except:,Anterior ethmoidal aery,Sphenopalatine aery,Facial aery,Superior labial aery,A,A,"The anterior ethmoidal artery is a branch of the ophthalmic artery, which originates from the internal carotid artery, not the external carotid artery.",-1.000088900581841e-12,True,False,6
184,All of these are continuous variables except:,Height in cms,Weight in kg,Blood groups A. B. ABO,Age in years and months,C,C,"Blood groups are categorical (nominal) variables that represent distinct, non-numeric groups rather than measurements on a continuous scale.",0.4505612088643047,True,False,6
185,Which of the following type of tongue thrusting has the worst prognosis?,Simple,Complex,Retained infantile swallow,All of the above,C,B,"Complex tongue thrust is associated with severe skeletal malocclusions and posterior open bites, making it the most resistant to orthodontic correction and habit therapy.",1.0114042647043515,False,True,6
186,CYP50 inhibition is least by:,Pantoprazole,Rabeprazole,Lansoprazole,Omeprazole,B,B,"Rabeprazole undergoes significant non-enzymatic metabolism, resulting in the least inhibitory effect on the cytochrome P450 enzyme system compared to other PPIs.",1.24245332489,True,False,6
187,Which of the following is a component of Pentalogy of Fallot –,Atrial septal Defect (ASD),Patent Ductus Arteriosus (PDA),Coarctation of Aorta (COA),Left Ventricular Hypertrophy (LVH),A,A,Pentalogy of Fallot consists of the four features of Tetralogy of Fallot plus an atrial septal defect.,0.4505612088643047,True,False,6
188,The contractile element in a skeletal muscle is present in:,Sarcolemma,Sarcoplasm,Myofibril,Endomysium,C,C,"Myofibrils are the specialized, rod-like contractile organelles within muscle fibers that contain the repeating sarcomeres responsible for muscle contraction.",-1.000088900581841e-12,True,False,6
189,Cherry red spot and Hollenhorst plaque are seen in:,CRAO,CRVO,Branch RAO,Branch RVO,A,A,"A cherry-red spot results from the opacification of the retina due to ischemia in CRAO, while a Hollenhorst plaque is a cholesterol embolus typically lodged in the retinal arterial tree.",1.0114042647043515,True,False,6
190,Optimal location for intra osseous anesthesia for mandibular second molars is,Distal to the molar,Mesial to the molar,In the furcation area,Apical perforation and injection,B,B,The interdental bone mesial to the mandibular second molar provides the most consistent access and avoids the risk of damaging the roots or the inferior alveolar nerve often associated with distal or furcation sites.,1.5607104090364066,True,False,6
191,Which statements is true regarding VENTOUSE :,Minor scalp abrasions and subgaleal hematomas in new born are more frequent than forceps,Can be applied when foetal head is above the level of ischial spine,Maternal trauma is more frequent than forceps,Can not be used when fetal head is not fully rotated,A,A,"Vacuum extraction is associated with a higher incidence of scalp trauma, including chignon, abrasions, and subgaleal hematomas, compared to forceps delivery.",1.24245332489,True,False,6
192,"After cleaning and pumicing the tooth surface, plaque formation takes place within",A few minutes,1/2 to 1 hour,2 to 4 hour,After 1 hour,B,A,"The acquired pellicle, which serves as the foundation for plaque formation, begins to adsorb onto the clean enamel surface within seconds to a few minutes.",1.5607104090364066,False,True,6
193,Which of the following structure is not present on floor of third ventricle?,Optic stalk,Third nerve,Infundibulum,Mammillary body,B,B,"The third cranial nerve emerges from the interpeduncular fossa, which is located posterior to the floor of the third ventricle, not within it.",1.3296613488507585,True,False,6
194,Speech problems in cleft palate patients are due to,Lisping of tongue,Inability of soft palate to stop air to go into nasopharynx,Inability of learning process,All of the above,B,B,"Cleft palate causes velopharyngeal insufficiency, preventing the soft palate from sealing the nasopharynx and resulting in hypernasal speech.",-1.000088900581841e-12,True,False,6
195,"According to the WHO definition of hearing loss, what is the value to classify as profound hearing loss?",61-71 dB,>81 dB,>91 dB,>101 dB,B,C,"According to the WHO classification, profound hearing loss is defined as a pure-tone average of greater than 95 dB (often categorized as >91 dB in standard clinical ranges).",-1.000088900581841e-12,False,True,6
196,"What we will define it ""ratio of no. of death under 1 year of age to total live birth per 1000 live births per year""?",Infant mortality rate,Child mortality rate,Child morbidity rate,Life expectancy rate,A,A,"Infant mortality rate is the standard demographic indicator measuring the number of deaths of children under one year of age per 1,000 live births in a specific year.",0.8675632284784613,True,False,6
197,"The necrotising pressure areas, undergoing bone resorption and endosteal bone formation",Juvenile periodontitis,Occlusal trauma,Chronic suppurative periodontitis,ANUG,B,B,Occlusal trauma creates zones of pressure in the periodontal ligament that lead to bone resorption and subsequent compensatory endosteal bone formation.,0.4505612088643047,True,False,6
198,CLED is better medium than MacConkey medium for processing of urine samples,It differentiate LF from NLF Bacteria,Prevents swarming of proteus,Identifies pseudomonas,"Allows staphylococcus,Streptococcus and candida to grow",D,B,"CLED agar is electrolyte-deficient, which inhibits the swarming motility of Proteus species that would otherwise obscure other colonies on MacConkey agar.",-1.000088900581841e-12,False,True,6
199,Pre-maturity in edge to edge position is relieved by reducing:,Mandibular incisal edge.,Maxillary lingual fossa.,Both AB,Either AB,A,D,Premature contact in an edge-to-edge position can be relieved by reducing either the mandibular incisal edge or the maxillary lingual surface to allow for proper closure.,1.7917594692220549,False,True,6
200,Most effective method of assessing breathing is by measuring:,Tidal volume,Respiratory rate,Alveolar ventilation,FEV 1,D,C,"Alveolar ventilation represents the actual volume of fresh air reaching the gas-exchange surfaces per unit of time, making it the most accurate measure of effective pulmonary ventilation.",0.6365141682928128,False,True,6
201,Major aim of phase 1 clinical trials is:,Safety,Efficacy,Dose,Pharmacokinetics,C,A,"The primary objective of Phase 1 clinical trials is to determine the safety, tolerability, and dose-limiting toxicities of a new drug in humans.",0.8675632284784613,False,True,6
202,The blood pressure data of 200 persons were collected. The first quaile BP of the data was 94 mm Hg and third quaile was 110 mm. How many patients have blood pressures between the 3rd and 4th quaile?,25,50,100,200,B,B,"Since each quartile represents 25% of the total population, the interval between the 3rd and 4th quartile contains 25% of 200 patients, which equals 50.",1.0114042647043515,True,False,6
203,Which of the following defines the pressure in the vascular system in the absence of blood flow? (Asked twice),Pulse pressure,Critical closing pressure,Mean circulatory filling pressure,Perfusion pressure,C,C,Mean circulatory filling pressure is the equilibrium pressure measured throughout the vascular system when blood flow is stopped and blood is redistributed equally.,1.0114042647043515,True,False,6
204,Best parameter for ultrasound evaluation of IUGR is:,Placental membrane,Length of femur,Abdominal circumference,BPD,C,C,"Abdominal circumference is the most sensitive single ultrasound parameter for detecting intrauterine growth restriction because it reflects fetal liver size and nutritional status, which are the first to be affected by placental insufficiency.",1.3296613488507585,True,False,6
205,"According to WHO classiﬁcation of periapical pathology, sinus to oral cavity comes  under:",4.6,4.6,4.61,4.62,D,D,"In the WHO classification of periapical pathology, code 4.62 specifically denotes a sinus tract (fistula) communicating with the oral cavity.",0.4505612088643047,True,False,6
206,"In a child, surgery was done for biliary stricture with hepatojejunal anastomosis. Postoperative bilirubin level after 2 weeks was 6 mg/dL from a preoperative level 12mg/dL. The reason for this could be:",Normal lowering of bilirubin takes time,Anastomotic stricture,Delta bilirubin,Mistake in lab technique,C,C,"Delta bilirubin is covalently bound to albumin and has a long half-life, causing it to persist in the serum even after the underlying biliary obstruction has been successfully relieved.",0.4505612088643047,True,False,6
207,"A 2 month old girl has failure to thrive, polyuria and medullary nephrocalcinosis affecting both kidneys. Investigations show blood pH 7.48, bicarbonate 25 mEq/l, potassium 2 mEq/l, sodium 126 mEq/l and chloride 88 mEq/l. The most likely diagnosis is -",Distal renal tubular acidosis,Primary hyperaldosteronism,Bartter syndrome,Pseudohypoaldosteronism,C,C,"The patient exhibits hypokalemic metabolic alkalosis with hypercalciuria (leading to nephrocalcinosis) and hyponatremia, which is the classic presentation of Bartter syndrome.",1.5607104090364066,True,False,6
208,Resin teeth:,Show a high compressive strength,Contraindicated in patients with decreased inter occlusal distance,Show crazing,Show a high fracture strength,D,C,"Resin teeth (polymethyl methacrylate) are prone to the formation of fine, superficial hairline cracks known as crazing when subjected to stress or chemical exposure.",0.4505612088643047,False,True,6
209,"In alpha-thalassemia trait,electrophoresis shows:March 2005",Increased HbF and normal HbA2,Normal HbF and normal HbA2,Normal HbF and decreased HbA2,Decreased HbF and normal HbA2,B,B,"Alpha-thalassemia trait involves a mild reduction in alpha-globin chain synthesis, which does not significantly alter the proportions of HbA2 or HbF, typically resulting in normal hemoglobin electrophoresis patterns in adults.",0.8675632284784613,True,False,6
210,Zone of stimulation contains all except:,Fibroblasts,Osteoclasts,Osteoblasts,New bone formation,B,B,"The zone of stimulation is characterized by anabolic activity and bone formation, whereas osteoclasts are responsible for bone resorption.",1.5607104090364066,True,False,6
211,Minimum number of lobes require to form a tooth,1,2,3,4,A,D,"All permanent teeth, with the exception of some mandibular premolars, develop from a minimum of four developmental lobes.",-1.000088900581841e-12,False,True,6
212,In the odontoblastic layer the following connections is/are found,Zona adherens,Gap junctions,Zonula occludens,All of the above,D,D,"The odontoblastic layer contains a junctional complex consisting of tight junctions (zonula occludens), intermediate junctions (zona adherens), and gap junctions to facilitate cell-to-cell communication and structural integrity.",1.5607104090364066,True,False,6
213,All are features of Neonatal Tetanus except –,Refusal to feed is common initial symptom,Caused by clostridium tetani,Usually occurs in 1st 2 days of life,Mortality is 50–75%.,C,C,"Neonatal tetanus typically presents between 3 to 28 days of life, with a peak onset around the first week, rather than the first 2 days.",1.3296613488507585,True,False,6
214,"In assessing infant deaths, Ploucquet's test involves:",Change in specific gravity of lungs,Presence of air in stomach and duodenum,Change in paial weight of lungs,Air in middle ear,C,C,Ploucquet's test determines live birth by calculating the ratio between the weight of the lungs and the weight of the body.,1.0114042647043515,True,False,6
215,Scammon's growth curve. False is,Neural tissues-Most of the growth is completed by 6 years,Lymphoid tissues — growth reaches 200%  by age 13 and regresses afterwards,Genital tissues — most of the growth is completed by the age of puberty,None of the above,C,D,All provided statements accurately describe the growth patterns of the respective tissues according to Scammon's curves.,1.3296613488507585,False,True,6
216,The transport of CO is diffusion limited because,Binds avidly with Hb,Partial pressure of CO is less,CO is less absorbed in water,Alveolar membrane is less permeable,A,A,"Carbon monoxide binds so avidly to hemoglobin that the partial pressure of CO in the blood remains near zero, preventing equilibration with alveolar gas during the transit time.",0.8675632284784613,True,False,6
217,Acetazolamide is given to a patient of angle closure glaucoma. It is a non-competitive inhibitor of carbonic anhydrase enzyme. Which of the following should be the effect of this drug?,Decrease in Vmax,A.Decrease in Km,Increase in both Km and Vmax,No change in Vmax,A,A,"Non-competitive inhibitors bind to an allosteric site, which reduces the enzyme's catalytic activity and effectively decreases the Vmax without altering the affinity (Km) for the substrate.",1.5607104090364066,True,False,6
218,All are true about rapid sequence induction done in a cardiac patient in emergency except:,Inducing agent and neuromuscular relaxant are administered together,The patient is pre-oxygenated for 3 minutes before the procedure,Cricoid pressure has to be applied till the endotracheal tube has been secured with a cuff,Induction should be done with thiopentone sodium and succinylcholine for muscle relaxation,D,D,"Thiopentone is a potent myocardial depressant and vasodilator, making it contraindicated for hemodynamically unstable cardiac patients who require more stable induction agents like etomidate or ketamine.",0.8675632284784613,True,False,6
219,"A 25-year-old lady presents with sudden severe bilateral loss of vision, more so on the right side, with no perception of light. Rest of the examination including pupillary reflexes, fundus and optokinetic nystagmus are normal. She was able to touch the tips of her fingers with her right eye closed but not with her left eye closed. The most like1 tgnosis is:",Optic neuritis,Anterior ischemic optic neuropathy,CMV retinitis,Functional vision loss,D,D,"The presence of normal pupillary reflexes and optokinetic nystagmus despite a claim of total blindness, combined with inconsistent performance on finger-to-nose testing, indicates a non-organic etiology.",0.8675632284784613,True,False,6
220,"A 60-year old male presents with painful, 141 oupet. vesicles over erythematous plaques in T3 dermatome region of trunk. Which of the following would be the most likely causative organism?",Varicella zoster,Herpes simplex,Pox virus,Papilloma virus,A,A,"The clinical presentation of painful, grouped vesicles in a single dermatomal distribution is the classic manifestation of herpes zoster, which is caused by the reactivation of the varicella-zoster virus.",-1.000088900581841e-12,True,False,6
221,"A patient is administered 200 mg of a drug. 75 mg of the drug is eliminated from the body in 90 minutes. If the drug follows first order kinetics, how much drug will remain after 6 hours?",12.5 mg,25 mg,30 mg,50 mg,C,B,"After 90 minutes, 125 mg remains (200-75), indicating a half-life of 180 minutes (3 hours); since 6 hours represents two half-lives, the remaining amount is 200 mg × (0.5)^2 = 50 mg × 0",0.6931471805579453,False,True,6
222,The most common side effect of the oral administration of ampicillin is,Anaphylactic shock,Diarrhoea,Oral candidiasis,Renal failure,B,B,"Ampicillin is incompletely absorbed in the small intestine, leading to an accumulation of the drug in the colon that disrupts the normal gut flora and causes diarrhea.",0.8675632284784613,True,False,6
223,Adverse effects of salbutamol are all except,Tremors,Tachycardia,Hypoglycemia,Hypokalemia,C,C,"Salbutamol causes hyperglycemia due to increased glycogenolysis and gluconeogenesis, not hypoglycemia.",0.8675632284784613,True,False,6
224,Most common extraradicular microorganism is/ are:,Actinomyces species.,Propioni bacterium.,Propionicum.,All of the above.,D,D,"Actinomyces species, Propionibacterium, and Propionicum are all recognized as microorganisms capable of surviving and proliferating in the periradicular tissues, forming extraradicular infections.",1.0114042647043515,True,False,6
225,Ludwig's angina is characterized by,Raised tongue,Elevation of ear lobe,Trismus,Unilateral swelling,A,A,"Edema in the sublingual space displaces the tongue superiorly and posteriorly, which is a hallmark clinical sign of Ludwig's angina.",0.8675632284784613,True,False,6
226,Least condensation pressure is required in:,"Spherical amalgam alloy, high copper","Admixed amalgam alloy, high copper","Admixed amalgam alloy, low copper",Lathe cut alloy,A,A,"Spherical particles have a smaller surface area-to-volume ratio and act like ball bearings, requiring significantly less condensation pressure compared to irregular or admixed particles.",0.4505612088643047,True,False,6
227,Denominator in perinatal moality rate,Total bihs,Total live bihs,Live bihs + Still bih,Total number of newborns,A,C,"The denominator for the perinatal mortality rate is the total number of births, which is the sum of live births and stillbirths.",0.4505612088643047,False,True,6
228,A child spends 8 years of life in a temperate climate where the drinking water had fluoride of 3 ppm. The teeth that are effected are:,All primary teeth,"All permanent teeth, except third molars","Incisors, canines, premolars and third molars",Only molars,B,B,"Fluorosis affects teeth undergoing mineralization during the first 8 years of life, which includes all permanent teeth except the third molars, which begin calcifying after age 8.",-1.000088900581841e-12,True,False,6
229,The ideal instrument that is used to widen the canal is,Broach,File,Fissure bur,Reamer,B,D,Reamers have fewer flutes and a more aggressive cutting design specifically optimized for enlarging and widening the root canal space.,1.7917594692220549,False,True,6
230,"According to instrument formula given by G.V. Black, primary cutting edge angle should be:",More than 50 degree,More than 90 degree,Less than 50 degree,Less than 90 degree,A,C,G.V. Black defined the primary cutting edge angle as less than 90 degrees to ensure the blade functions as a cutting instrument rather than a scraping one.,0.8675632284784613,False,True,6
231,Which of the following is not true for incubation period?,For determining isolation period of a disease,To prevent infection among contacts,For quarantine of disease,To differentiate among secondary cases and co-primary cases,A,B,"The incubation period is used to determine the duration of quarantine for contacts, but it is not used to prevent infection itself, which is achieved through interventions like vaccination or PPE.",1.5607104090364066,False,True,6
232,Treatment of ANUG utilizes all except:,Debridement,Oral hygiene,Penicillin,Topical steroid,D,D,"ANUG is a bacterial infection treated with debridement, oral hygiene, and antibiotics, whereas topical steroids are contraindicated as they suppress the immune response needed to combat the infection.",0.8675632284784613,True,False,6
233,Median rhomboid glossitis is associated with:,Burning mouth syndrome,Fungal infection,Bacterial infection,Absence of filiform papillae,D,B,Median rhomboid glossitis is a chronic form of oral candidiasis caused by the fungus *Candida albicans*.,-1.000088900581841e-12,False,True,6
234,A young male present with loose motions and intermittent abdominal pain over the past 1 year. Wet mount stool specimen showed the presence of multiple ova which are more than 100u in diameter. The causative organisms for the disease shall not include?,Fasciola gigantica,Gastrodiscoides hominis,Echinostoma ilocanum,Opisthorchis viverrini,D,D,"The ova of Opisthorchis viverrini are small (approximately 25–30 µm), whereas the other listed trematodes produce large eggs exceeding 100 µm in length.",1.5607104090364066,True,False,6
235,"Concentric teeth bite mark on forearm, what to do next?",2 swab technique for saliva collection,Keep scale for measuring below the mark and take photo in the plane of bite,Complete description of injury as seen,Prepare cast using vinyl polysiloxane,C,B,Proper forensic photography with a scale in the same plane as the injury is the immediate priority to prevent distortion and ensure accurate subsequent analysis.,0.8675632284784613,False,True,6
236,A patient believes he is the most impoant person in the world than anyone so his neighbors and family is trying to harm him as they are jealous of him. His wife says otherwise and says he behaves like this recently only before he was working as a school-teacher peacefully and brought to OPD. He is suffering from:,Delusion of grandiosity,Delusion of persecution,Delusion of grandiosity and persecution,"Delusion of grandiosity, persecution and reference",D,C,The patient exhibits grandiosity by claiming to be the most important person and persecution by believing others are conspiring to harm him due to jealousy.,0.6931471805579453,False,True,6
237,Measuring variation between two different units is done through,Variance,Standard deviation,Coefficient of variation,Range,C,C,The coefficient of variation is a dimensionless ratio that allows for the comparison of variability between datasets with different units or means.,1.5607104090364066,True,False,6
238,Which of the following diseases is diagnosed with the help of the flowcytometry pattern?,Bruton disease,Bare lymphocyte syndrome,Hyper IgM syndrome,Severe combined immunodeficiency disease,C,B,Flow cytometry is the diagnostic gold standard for Bare lymphocyte syndrome as it directly quantifies the absence of MHC class I or II molecules on the surface of lymphocytes.,0.4505612088643047,False,True,6
239,Best indicator of developing cardiovascular disease is,LDL cholesterol level more than 120 mg/dl,History of salt intake of more than 6 gm/day,LDL/HDL ratio,All of the above,C,C,The LDL/HDL ratio provides a more comprehensive assessment of cardiovascular risk by accounting for both the atherogenic and protective components of the lipid profile.,0.8675632284784613,True,False,6
240,Pulp proper contains,Large Blood vessels,Nerve fibers,Fibroblasts,All of the above,D,D,"The dental pulp is a loose connective tissue that contains fibroblasts, nerve fibers, and a vascular supply consisting of blood vessels.",1.5607104090364066,True,False,6
241,"Which of the following is used as a bio-degradable membrane in ""guided tissue regeneration"" process?",Polylactic acid,Poly tetrafluoroethylene,Millipore,Core membrane,A,A,"Polylactic acid is a synthetic, biocompatible, and resorbable polymer commonly used as a biodegradable barrier membrane in guided tissue regeneration.",0.6365141682928128,True,False,6
242,Pulmonary-renal syndromes include-,Goodpasture,Leptospirosis,Hantavirus and Wegner's,All,D,D,"Pulmonary-renal syndrome is a clinical constellation of diffuse alveolar hemorrhage and glomerulonephritis that can be caused by Goodpasture syndrome, Leptospirosis, Hantavirus, and Granulomatosis with polyangiitis (Wegener's).",0.8675632284784613,True,False,6
243,Bone sounding done in modern times is performed by which method?,RVG,Probing,CBCT,Radiovisiography,C,B,Bone sounding is a clinical procedure performed by inserting a periodontal probe through the anesthetized gingiva to the alveolar bone crest to measure bone levels.,1.0114042647043515,False,True,6
244,Oil red '0' stain is used for:,Glutaraldehyde fixed specimen,Alcohol fixed specimen,Formalin fixed specimen,Frozen specimen,D,D,"Routine histological processing solvents dissolve lipids, so frozen sections are required to preserve the fat for staining.",0.8675632284784613,True,False,6
245,Jaw or tooth apart swallow is:,Infantile swallow.,Mature swallow.,Both,None.,A,A,The infantile swallow pattern involves the tongue thrusting between the gum pads or teeth while the mandible is stabilized by circumoral muscle contraction.,0.4505612088643047,True,False,6
246,A female with suspected child abuse was brought to the casualty with severe bleeding from the perineum. What should be the first line of management?,Airway maintenance,Internal iliac aery ligation,Whole blood transfusion,Inform police before staing the treatment,A,A,"According to the ATLS protocol, airway maintenance is the immediate priority in any trauma patient to ensure adequate oxygenation before addressing hemorrhage or other injuries.",1.5607104090364066,True,False,6
247,Classify the class of recession:,Class 1,Class 2,Class 3,Class 4,C,X,The classification cannot be determined without an image or clinical description of the gingival recession.,1.7917594692220549,False,False,6
248,Method of choice for a New born child not passing urine for 36 hours :,Ultrasound of kidney & bladder,CT Scan,Cystoscopy,X–ray pelvis,A,A,"Ultrasound is the non-invasive, gold-standard initial imaging modality to evaluate for structural anomalies, hydronephrosis, or urinary tract obstruction in a neonate.",1.5607104090364066,True,False,6
249,Bacteria free zone of dentinal caries is,a)Zone of decomposed dentin,Zone of bacterial invasion,Zone of decalcification,Zone of dentinal sclerosis,D,D,"The zone of dentinal sclerosis is the deepest layer of dentinal caries, characterized by the deposition of minerals within the dentinal tubules in response to irritation, resulting in a bacteria-free area.",0.4505612088643047,True,False,6
250,Which is not a type of Gracey curvettes?,# 1-2,# 11-12,# 13-14,# 5-16,D,D,"Gracey curettes are numbered in specific pairs (e.g., 1-2, 11-12, 13-14), and #5-16 is not a recognized or standard configuration in the Gracey series.",1.0986122886651095,True,False,6
251,Which ion of hydroxyapatite crystals is substituted by Fluoride imparts more strength?,Hydroxyl ion,Calcium ion,Phosphate ion,,A,A,"Fluoride ions replace hydroxyl ions in the hydroxyapatite crystal lattice to form fluorapatite, which is more resistant to acid dissolution and stronger.",1.3296613488507585,True,False,6
252,Cleaning of base metal alloy is done by,Warm HCl,Cold HF,Cold H2 So4,Sand blasting with aluminium oxide,D,D,Sandblasting with aluminium oxide is the standard clinical procedure to remove surface contaminants and create a micro-retentive surface on base metal alloys.,0.8675632284784613,True,False,6
253,Estimation of the blood sugar is relevant in all except –,Birth asphyxia,Large for date baby,Baby of hypothyroid mother,Rh Incompatibility,C,C,"Infants of hypothyroid mothers are not at an increased risk for hypoglycemia, whereas birth asphyxia, large-for-date babies, and Rh incompatibility are all established risk factors for neonatal hypoglycemia.",1.3296613488507585,True,False,6
254,All are true about isolated aoic stenoses except:,Pulsus bisferiens,Cardiac apex is displaced laterally to left,Thrill in carotid aery,Blood pressure maintained in initial phase,A,A,"Pulsus bisferiens is characteristic of aortic regurgitation or mixed aortic valve disease, whereas aortic stenosis typically presents with pulsus parvus et tardus.",-1.000088900581841e-12,True,False,6
255,"Which of the following is the most common site for the
occurrence of a basal cell carcinoma?",Buccal mucosa,Hard palate,Skin of the lower lip,Dorsum of the tongue,C,C,"Basal cell carcinoma is primarily caused by chronic ultraviolet radiation exposure, making sun-exposed skin areas like the lower lip the most common site among the given options.",1.24245332489,True,False,6
256,Who was associated with second amalgam war?,G V Black,Charles bell,Huggins,Alfred stock,D,D,"Alfred Stock was a German chemist who suffered from mercury poisoning and campaigned against the use of dental amalgam in the 1920s, sparking the second amalgam war.",1.0114042647043515,True,False,6
257,Reticular fibers of collagen tissues are present in all of the following except:,Thymus,Spleen,Bone marrow,Lymph node,A,A,The thymus is unique among lymphoid organs because its structural framework is composed of epithelial reticular cells rather than reticular fibers (Type III collagen).,0.4505612088643047,True,False,6
258,Which of the following muscle is not supplied by the nerve marked in the diagram?,Superior oblique,Medial rectus,Inferior rectus,Inferior oblique,A,A,"The superior oblique muscle is supplied by the trochlear nerve (CN IV), whereas the oculomotor nerve (CN III) supplies the medial rectus, inferior rectus, and inferior oblique muscles.",1.0114042647043515,True,False,6
259,Which is a direct content of cavernous sinus?,Ophthalmic division of trigeminal nerve,Trochlear nerve,Abducent nerve,Oculomotor nerve,C,C,"The abducent nerve is the only structure that travels directly through the venous blood of the cavernous sinus, whereas the other listed nerves are located within its lateral wall.",0.8675632284784613,True,False,6
260,"In Mount and Hume classification, what will be the site size of the following lesion?",2.1,2.2,3.1,3.2,C,B,"In the Mount and Hume classification, site 2 refers to proximal lesions and size 2 refers to a lesion that has progressed beyond the stage of minimal involvement but still retains sufficient tooth structure to support a restoration.",1.24245332489,False,True,6
261,Keeping in Jack-knife position for long leads to death by:,Wedging,Burking,Positional asphyxia,Traumatic asphyxia,C,C,"The jack-knife position restricts chest expansion and diaphragmatic movement, leading to respiratory compromise and fatal hypoxia.",0.6365141682928128,True,False,6
262,Extraction of 3rd molar tooth bud in 7-9 yr old child:,Improves growth of maxilla,Causes excessive damage to the mandible,Results of future orthodontic treatment are	improved anterior teeth,Results in less crowding,D,D,"Germectomy of third molars is primarily indicated to provide additional space in the dental arch, thereby reducing future crowding of the permanent dentition.",1.5607104090364066,True,False,6
263,Which of the following statements is false in relation to myofacial pain dysfunction syndrome?,Mainly affects young females,Is caused by muscle fatigue due to chronic oral habits as grinding and clenching,Treatment involves construction of occlusal guard and stress free emotional condition,The perioral musculature becomes hypotonic,D,D,"In myofascial pain dysfunction syndrome, the muscles of mastication typically exhibit hypertonicity and spasm rather than hypotonicity.",-1.000088900581841e-12,True,False,6
264,Which of the following features is not seen in Crouzon syndrome?,Midface hypoplasia,Syndactyly,Beak shaped nose,Ocular hypertelorism,B,B,"Syndactyly is a hallmark feature of Apert syndrome, whereas Crouzon syndrome is distinguished by the absence of limb abnormalities.",-1.000088900581841e-12,True,False,6
265,The best finish line for anterior metal ceramic crown is,Chamfer with bevel,Heavy chamfer,Shoulder,Shoulder with bevel,D,C,The shoulder finish line provides the necessary space for adequate porcelain thickness to ensure optimal esthetics and structural integrity for metal-ceramic restorations.,1.24245332489,False,True,6
266,"Kamlesh, a 2 year old girl, has Down's syndrome. Her karyotype is 21/21 translocation. What is the risk ofrecurrence in subsequent pregnancies if the father is a balanced translocation carrier :",100%,50%,25%,0%,A,X,"The recurrence risk for a paternal balanced 14;21 translocation carrier is approximately 1-3%, which does not match any of the provided options.",1.3296613488507585,False,False,6
267,Which of the following are the predominant connective tissue cells of the periodontal Ligament?,Cementoblasts,Fibroblasts,Osteoblasts,Rests of Malassez,B,B,"Fibroblasts are the most abundant cell type in the periodontal ligament, responsible for the continuous synthesis and turnover of collagen fibers.",0.4505612088643047,True,False,6
268,Which of the following is characterized by Apple Jelly Nodules?,Scrofula,Lupus vulgaris,Ghon’s focus,Ghon's complex,B,B,"Apple jelly nodules are the pathognomonic clinical feature of lupus vulgaris, representing cutaneous tuberculosis lesions that appear brownish-red and translucent under diascopy.",1.0986122886651095,True,False,6
269,"A 50 years okl smoker and hypeensive was diagnose to have non-small cell lung carcinoma with brain metastases. He is on enalapril and hydrochlorothiazide for hypeension. On investigation, he had a serum Sodium 120 mg/dl|, Urinary Sodium ll0 mg/dl, Serum creatinine 0.8 mg/dL, Serum osmolarity 285 mOsm/L, Urinary osmolarity 35l mOsm/L, Urinary K+ 9 mg/dl, Blood sugar ll2 mgldL and BP of 150/90 mm Hg. Which of the following is the mnst probable cause for his hyponatremia?",Cerebral salt wasting,Diuretic induced,SIADH,Pseudohyponatremia,C,C,"The patient exhibits euvolemic hyponatremia (serum osmolality 285 mOsm/L is borderline/normal, but clinical context of lung cancer and high urinary sodium/osmolarity is classic for SIADH), whereas Cerebral Salt Wasting would typically present with signs of hypovolemia.",1.3296613488507585,True,False,6
270,"A 40 year male complaining of hot flushes each time he baths. Hb: 20%gm, Platelet: 89,000/mL, WBC: 30,000/mL, Investigation revealed JAK2 mutation. What is the most likely diagnosis?",PMF,CML,PCV,Essential thrombocytosis,C,C,"The combination of elevated hemoglobin, leukocytosis, thrombocytopenia, JAK2 mutation, and aquagenic pruritus is diagnostic of Polycythemia Vera.",1.0114042647043515,True,False,6
271,A 55- year old diabetic patient presents with transient obscuration in vision for 2-3 days followed by sudden loss of vision. Which of the following would be the best test to evaluate the symptoms?,Serum ACE levels,Quantiferon-Gold TB test,Elevated homocysteine levels,Serum creatinine levels,D,C,"The clinical presentation of transient obscuration followed by sudden vision loss is suggestive of retinal vascular occlusion, for which hyperhomocysteinemia is a known systemic risk factor.",1.24245332489,False,True,6
272,One of the most common side effects of phenytoin is,Gingival Hyperplasia,Gingival Necrosis,Dental stains,Hypertension,A,A,"Phenytoin is well-documented to cause gingival hyperplasia, an overgrowth of gum tissue, in a significant percentage of patients undergoing long-term therapy.",0.4505612088643047,True,False,6
273,"A 38-years old patient who had a total abdominal hysterectomy presents 2 months postop complaining of leakage of urine from the vagina. On examination, no fistula can be identified. Dilute methylene blue (100mL) is injected into the bladder through a Foley catheter and a tampon is placed in the vagina. The patient is asked to walk for about 15 minutes, after which the patient is found to be wet, but there is no blue stain anywhere on the tampon. Which of the following is true:-","100mL was probably not enough methylene blue, and the test should be repeated with a higher volume",The patient probably has stress incontinence not a fistula,The patient probably has a ureterovaginal fistula,The patient most likely has small apical vesicovaginal fistula that was too small to leak the dye in 15 minutes,C,C,"The absence of blue dye on the tampon despite vaginal leakage indicates the urine is bypassing the bladder, which is diagnostic of a ureterovaginal fistula.",1.24245332489,True,False,6
274,Freedom of centric relation correlates with,0.15 - 1.5 mm,0.20 - 0.40 mm,0.5 to 1.5 mm,1 to 2 mmm,C,C,Freedom in centric (long centric) is defined as the horizontal range of 0.5 to 1.5 mm within which the mandible can move anteriorly from centric relation to maximum intercuspation without a change in vertical dimension.,1.0114042647043515,True,False,6
275,Ganglionic transmission is mediated by:,Presynaptic alpha-receptors,Postsynaptic beta-receptors,Postsynaptic dopaminergic receptors,Postsynaptic nicotinic receptors,D,D,"Preganglionic neurons release acetylcholine, which binds to nicotinic (NN) receptors on the postganglionic neurons to initiate transmission.",0.4505612088643047,True,False,6
276,Which of the following is not an example of a syndrome caused by uniparental disomy?,Prader-Willi syndrome,Angelman syndrome,Russell-Silver syndrome,Bloom syndrome,D,D,"Bloom syndrome is an autosomal recessive disorder caused by mutations in the BLM gene, not by uniparental disomy.",-1.000088900581841e-12,True,False,6
277,"One of the many mechanisms of adverse events is its increased binding to secondary targets, usually proteins. With respect to the primary target, the secondary target:",Should be present in the same tissue as the primary target,Should have similar binding sites,Should have absolutely identical secondary structure,Should have a similar primary structure,B,D,"Off-target binding typically occurs because secondary targets share conserved amino acid sequences or structural motifs with the primary target, allowing the drug to interact with both.",1.5607104090364066,False,True,6
278,School based dental health care for whole country is adopted by which of the following country?,USA,NewZealand,Sweden,Australia,B,B,"New Zealand established the world's first comprehensive, state-funded, nationwide school-based dental service in 1921.",1.3296613488507585,True,False,6
279,Postrenal transplant patient presents with diarrhoea after 3 months; it was showing organism measuring 2-6 micron meter and kinoyn stain positive. Most likely it is caused by:,Balantidium coli,Clostridium difficile,Cystoisospora belli,Cryptosporidium hominis,D,D,"Cryptosporidium oocysts are characteristically 2–6 micrometers in size and acid-fast (Kinyoun) positive, whereas Cystoisospora oocysts are significantly larger (20–30 micrometers).",0.6365141682928128,True,False,6
280,Iron entry into enterocytes occurs which of the following?,DMT-1,Ferropoin,Transferrin,Hepcidin,A,A,DMT-1 is the apical membrane transporter responsible for the uptake of ferrous iron from the intestinal lumen into the enterocyte.,-1.000088900581841e-12,True,False,6
281,"An elderly male patient presented with fever, chest pain, and dry coughp; sputum culture showed growth on Charcoal Yeast Extract Medium, the organism is",H. influenza,Moraxella catarrhalis,Legionella,Burkholderia cepacia,C,C,Legionella pneumophila is a fastidious organism that specifically requires Buffered Charcoal Yeast Extract (BCYE) agar supplemented with L-cysteine and iron for growth.,0.4505612088643047,True,False,6
282,Ashley-Howe model analysis is used to predict:,Tooth material excess,Maxillo-mandibular relationships,Basal bone-transverse relationship,Growth prediction,C,C,The Ashley-Howe analysis evaluates the relationship between tooth material and basal bone width to determine the space available for dental alignment.,0.8675632284784613,True,False,6
283,"A neonate on routine examination at bih was found to have hepatomegaly. Rest of the examination was essentially unremarkable. On investigations, Anti-HCMV antibodies were found to be positive. What sequelae in later life is the child at risk of?",Renal failure,Mental retardation,Hepatic fibrosis,Sensorineural hearing loss,D,D,"Sensorineural hearing loss is the most common long-term sequela of congenital cytomegalovirus infection, occurring even in infants who are asymptomatic at birth.",-1.000088900581841e-12,True,False,6
284,"Patient is a known case of epilepsy, taking levetiracetam 1 gm BD. He is now seizure free from 2 years but he developed agitation and anger issues interfering with day to day activities as a result of the drug intake. What should be the next best step?",Stop levetiracetam and sta on a different antiepileptic,Discontinue the drug as he is seizure free,Slowly taper the drug over next 6 months,Continue levetiracetam since a 5-year seizure free interval is needed,C,A,"Levetiracetam is associated with significant neuropsychiatric side effects, and switching to an alternative antiepileptic is necessary when these symptoms interfere with daily functioning despite the patient being seizure-free.",1.0114042647043515,False,True,6
285,"Which of the following statements regarding the National Programme for Non-communicable diseases-Cancer, Diabetes, Cardiovascular diseases (CVD) and stroke (NPCDCS) is true?",The plan is to implement the programme in 10 districts across the 5 states during 2010-2012,The diagnosis or treatment of non-communicable diseases to be carried out at the subcentre level,Coronary care unit and cancer care facility to be established at the district level hospital,"All the components of the programme to be addressed separately- cancer, diabetes, CVD and stroke",C,C,"The NPCDCS mandates the establishment of NCD clinics, including coronary care units and cancer care facilities, specifically at the district hospital level.",-1.000088900581841e-12,True,False,6
286,Contractile element in myofibril is:,H band,Sarcoplasm,Sarcomere,A line,C,C,"The sarcomere is the basic functional and contractile unit of a myofibril, spanning the distance between two Z-lines.",1.0114042647043515,True,False,6
287,All of the following complications are more common in ventouse assisted delivery than forceps except:,Subgaleal hemorrhage,Cephalhematoma,Intracranial hemorrhage,Transient lateral rectus palsy,D,D,"Transient lateral rectus palsy is a known complication specifically associated with the use of forceps due to direct pressure on the facial or abducens nerves, whereas the other listed complications are more frequently associated with vacuum extraction.",1.0114042647043515,True,False,6
288,All of the following are true about aspiration pneumonia except:,Aspiration of 20-30 mL of contents with pH < 2.5 is required,Fungal infection is the common cause of pneumonia,Posterior segment of the right upper lobe is most commonly affected in the recumbent position,Aspiration responsible for 5-15% of community acquired pneumonia,B,B,"Aspiration pneumonia is typically caused by oropharyngeal bacteria (anaerobes and aerobes), whereas fungal infections are rare causes of aspiration-related pneumonia.",0.8675632284784613,True,False,6
289,Which of the following is not associated with haemorrhage?,Ecchymosis,Petechiae,Melanosis,Purpura,C,C,"Melanosis refers to the abnormal deposition of melanin pigment in tissues, whereas the other options are clinical terms for extravasation of blood into the skin.",0.6365141682928128,True,False,6
290,Dapsone is used for treatment of bacterial and fungal infections as well as for immunomodulatory actions. What is mechanism of dapsone for these indication?,Inhibition of cell wall synthesis,Inhibition of ergosterol in cell membranes,Inhibition of protein synthesis,Competition with PABA in folic acid synthesis,D,D,"Dapsone acts as a structural analog of PABA, competitively inhibiting dihydropteroate synthase to block bacterial folic acid synthesis.",0.8675632284784613,True,False,6
291,"In processing methyl methacrylate, the resin may show porosity if the flask is placed too soon. Porosity most likely occur",Throughout the denture,Near the borders,In the thickest part,On the denture surface,C,C,"Gaseous porosity occurs when the exothermic reaction of polymerization causes the monomer to boil, which happens most readily in the thickest sections of the resin where heat dissipation is slowest.",0.6931471805579453,True,False,6
292,Pre-maxillary hard palate is supplied by which nerve,Nasopalatine nerve,Pharyngeal branch of glossopharyngeal nerve,Greater palatine nerve,Tensor palatine nerve,A,A,The nasopalatine nerve passes through the incisive canal to provide sensory innervation to the pre-maxillary region of the hard palate.,1.0114042647043515,True,False,6
293,23 serotypes pneumococcal vaccine Most useful in,Cystic fibrosis,Recurrent otitis media & sinusitis,Child less than 2 years,Sickle cell anaemia,D,D,"Patients with sickle cell anaemia are functionally asplenic and at high risk for encapsulated bacterial infections, making them a primary target for the 23-valent pneumococcal polysaccharide vaccine.",0.6931471805579453,True,False,6
294,Fourth generation apex locater based on,Resistance,lmpedence,Frequency,Multiple frequency ratio,D,D,"Fourth-generation apex locators utilize multiple frequencies simultaneously to calculate the position of the apical foramen, improving accuracy in varying canal conditions.",1.0114042647043515,True,False,6
295,Biopsy specimens removed for examinations are immediately placed in:,10% ethanol,10% formalin,Hydrogen peroxide,1% formalin,B,B,10% formalin is the standard histopathological fixative that preserves tissue structure by cross-linking proteins to prevent autolysis and putrefaction.,0.4505612088643047,True,False,6
296,True open bite is caused by,Horizontal fracture of the maxilla,Unilateral fracture of mandibular angle,Fracture of the coronoid process of left side of mandible,Fracture of mandibular symphysis,A,D,"A fracture at the mandibular symphysis allows the two halves of the mandible to rotate downward and backward due to the pull of the suprahyoid muscles, resulting in an anterior open bite.",1.24245332489,False,True,6
297,Greatest potential hazard of mercury toxicity occurs due to:,Skin contact with mercury,Inhalation of mercury vapours,During amalgam restoration,Ingestion of amalgam scrap during removal,B,B,"Mercury vapor is rapidly absorbed through the alveolar membranes into the bloodstream, making inhalation the most efficient and hazardous route of systemic exposure.",-1.000088900581841e-12,True,False,6
298,Which of the following is an indiction for tonsillectomy –a) Rheumatic feverb) Glomerulonephritisc) Recurrent upper respiratory infectiond) Persistent carrier of diptheria bacilli,ab,cd,bd,ac,B,B,"Recurrent tonsillitis and the persistent carrier state of diphtheria are both recognized clinical indications for tonsillectomy, whereas rheumatic fever and glomerulonephritis are sequelae of streptococcal infection rather than direct indications for the procedure.",1.3296613488507585,True,False,6
299,Which of the following is not an effect of efferent aeriole constriction :,Decreased GFR,Increased glomerular hydrostatic pressure,Decreased blood flow in peritubular vessels,Increased oncotic pressure in peritubular vessels,A,A,"Efferent arteriole constriction increases glomerular hydrostatic pressure, which leads to an increase, rather than a decrease, in the glomerular filtration rate (GFR).",1.0114042647043515,True,False,6
300,Cleft lip is due to non-union of,Maxillary process with MNP,MNP - LNP,MNP - MNP,All of the above,A,A,Cleft lip results from the failure of fusion between the medial nasal process (MNP) and the maxillary process during embryonic development.,0.4505612088643047,True,False,6
301,Sickle cell anemia is a -,Gene deletion,Gene modification,Point mutation,Frame shift mutation,C,C,"It is caused by a single nucleotide substitution (missense mutation) in the beta-globin gene, replacing adenine with thymine.",0.4505612088643047,True,False,6
302,All are true about widal test except,Base lines differ depending on the endemicity of the disease,O antibodies last longer and hence is not indicative of recent infection,H antigen cannot differentiate between subtypes,High titre value in a single widal test is not confirmative,B,B,"O antibodies appear early and disappear quickly, whereas H antibodies persist for a longer duration, making O antibodies more indicative of recent infection.",0.6365141682928128,True,False,6
303,"What is the name of the given instrument, used for harvesting the graft from healthy area in split thickness skin graft?",Dermatome,Silver's knife,Catlin amputating knife,Humby knife,D,A,"A dermatome is the specialized surgical instrument designed to harvest split-thickness skin grafts of a precise, predetermined thickness from a donor site.",1.24245332489,False,True,6
304,"A person working in an abattoir presented with a papule on hand, which turned in to an ulcer. Which will best help in diagnosis",Polychrome Methylene blue,Carbol Fuschin,Acid Fast Stain,Calcoflour White,A,A,Polychrome methylene blue (M'Fadyean stain) is used to demonstrate the characteristic polypeptide capsule of *Bacillus anthracis* in clinical specimens.,0.6365141682928128,True,False,6
305,A midwife at a PHC did per vaginal examination of a women in labor with 8 cm cervical dilation and 70% cervical effacement with the fetal head at +1 station. This +1 station implies the position of fetal head is-,1 cm above the ischial spine,1 cm below the ischial spine,At the level of ischial spine,1 cm below the cervical os,B,B,"Fetal station is measured in centimeters relative to the ischial spines, where positive numbers indicate the distance in centimeters below the level of the spines.",0.6365141682928128,True,False,6
306,High content of cholesterol is present in:,Coconut oil,Egg yolk,Hydrogenated fat,Ghee (unsaturated),B,B,"Egg yolk is a concentrated dietary source of cholesterol, whereas plant-based oils and hydrogenated fats contain little to no cholesterol.",-1.000088900581841e-12,True,False,6
307,Tooth with smallest root,Mandibular central incisor,Mandibular lateral incisor,Maxillary lateral incisor,Maxillary 1st premolar,A,A,The mandibular central incisor is the smallest tooth in the permanent dentition and possesses the shortest root length among the options provided.,-1.000088900581841e-12,True,False,6
308,The function of a sprue is to,Form an opening for molten metal to enter the mold,Help polish cast restorations,Eliminate air bubbles on the wax pattern,Reproduce fine detail,A,A,The sprue creates a channel that allows molten metal to flow from the crucible into the mold cavity during the casting process.,0.4505612088643047,True,False,6
309,Access cavity of mandibular 1st molar is:,Oval,Rounded triangle,Rhomboid,None of the above,B,B,The access cavity for a mandibular first molar is traditionally shaped as a rounded triangle or trapezoid to accommodate the two mesial canals and the distal canal.,0.4505612088643047,True,False,6
310,A pier abutment is:,Periodontally weak abutment,With an edentulous space on mesial and distal sides of the abutment,Edentulous space on one side of the abutment,Abutment adjacent to edentulous space,B,B,A pier abutment is an intermediate tooth that serves as a support for a fixed dental prosthesis while being positioned between two edentulous spaces.,1.24245332489,True,False,6
311,"According to the new RNTCP guidelines, the following is not a suspect of tuberculosis",Confirmed extra-pulmonary tuberculosis patient with cough of 2 weeks or more,HIV-positive patient with cough of any duration,Contacts of sputum positive tuberculosis patient with cough of any duration,Any individual having cough of duration 2 weeks or more,A,D,"Under NTEP guidelines, a presumptive TB case requires specific risk factors or clinical indicators, and a cough of 2 weeks or more alone is insufficient without considering the broader clinical context or specific high-risk criteria.",0.6365141682928128,False,True,6
312,All are topical hemostatic agents except?,Bone wax & patty,HemCon bandage,Quikclot,Fixclot,D,D,"Fixclot is not a recognized medical topical hemostatic agent, whereas bone wax, HemCon, and Quikclot are established products used for hemorrhage control.",0.4505612088643047,True,False,6
313,Which of the following pulp horn of primary molar is commonly exposed during restorative procedures:,Mesiobuccal puplhorn of 1st molars.,Distobuccal pulp horn of 1st molars.,Mesiobuccal pulp horn of 2nd molars.,Distobuccal pulp horn of 2nd molars.,A,A,"The mesiobuccal pulp horn of the primary first molar is the most prominent and extends furthest occlusally, making it the most susceptible to accidental exposure during cavity preparation.",-1.000088900581841e-12,True,False,6
314,Rate of Dentinal fluid permeability depends on all except?,Temperature variation,Pressure gradient across dentinal tubule,Increase viscosity of dentinal fluid,Rate of removal of substances by blood vessels,A,A,"Dentinal fluid flow is governed by Poiseuille’s law, which depends on pressure gradients, tubule radius, fluid viscosity, and pulpal blood flow, but not directly on temperature variations.",1.7917594692220549,True,False,6
315,Extraction of disto-angular impaction of mandibular 3rd molar can cause:,Slippage in lingual pouch,# of ramus of mandible,Excessive Haemorrhage,Dry socket,B,B,"The distal inclination of the tooth places the crown deep within the ramus, increasing the risk of mandibular fracture during the application of excessive force for extraction.",0.8675632284784613,True,False,6
316,Acetazolamide is given to a patient of angle closure glaucoma. It is a non- competitive inhibitor of carbonic anhydrase enzyme. Which of the following should be the effect of this drug?,Decrease in Vmax,Decrease in Km,Decrease in both Km and Vmax,No change in Vmax,A,A,"Non-competitive inhibitors bind to an allosteric site, which reduces the enzyme's catalytic activity and effectively decreases the Vmax without altering the affinity (Km) for the substrate.",0.8675632284784613,True,False,6
317,Which of the following does not require 5'capping?,tRNA of alanine,mRNA for histone,U6 snRNA,siRNA,A,A,"tRNA molecules are processed via cleavage and base modification but do not undergo 5' capping, which is a hallmark of RNA Polymerase II transcripts.",1.5607104090364066,True,False,6
318,Peau d'orange in carcinoma breast is due to:,Obstruction of sub-dermal lymphatics,Infiltration of Cooper's ligament,Hematogenous dissemination,Hematogenous dissemination,A,A,"Obstruction of the sub-dermal lymphatic vessels by tumor cells leads to localized lymphedema, causing the skin to appear pitted like an orange peel.",1.3296613488507585,True,False,6
319,"True about adult polycystic kidney disease is all, except:",Autosomal dominant inheritance,Hypertension is rare,"Can be associated with cysts in liver, lungs and pancreas",Pyelonephritis is common,B,B,"Hypertension is a very common and early clinical manifestation of ADPKD, occurring in the majority of patients due to activation of the renin-angiotensin-aldosterone system.",-1.000088900581841e-12,True,False,6
320,Propranolol is drug of choice for -,Ulcerated infantile hemangioma,Lymphangioma,Pyogenic granuloma,Capillary malformation,A,A,Propranolol is the first-line systemic therapy for problematic or ulcerated infantile hemangiomas due to its ability to induce vasoconstriction and inhibit angiogenesis.,-1.000088900581841e-12,True,False,6
321,During pregnancy baby can be affected in utero in all except:,Candida,Syphilis,Toxoplasmosis,Polio,D,A,Candida is typically acquired via vertical transmission during passage through the birth canal rather than through transplacental infection in utero.,0.4505612088643047,False,True,6
322,Long term assessment of glucose control can be made by:,Estimation of post prandial blood sugar,Estimation of fasting blood sugar,Estimation of urine sugar level,Estimation of blood level of glycosylated hemoglobin,D,D,"HbA1c reflects the average blood glucose concentration over the previous 8 to 12 weeks, providing a reliable measure of long-term glycemic control.",1.24245332489,True,False,6
323,Mosaic pattern of bone is seen in radiographic features of:,Fibrous dysplasia,Paget's disease,Osteopetrosis,Osteogenesis imperfecta,B,B,"The mosaic pattern is a pathognomonic histological feature of Paget's disease caused by the disorganized, haphazard deposition of lamellar bone during rapid remodeling.",1.0114042647043515,True,False,6
324,Fourth generation meth-acrylate based resin sealer include?,Endorez,Resilon,Hydron,Real Seal E,D,A,"Endorez is a dual-cured, hydrophilic, methacrylate-based resin sealer designed to penetrate dentinal tubules.",-1.000088900581841e-12,False,True,6
325,Maternal moality ratio expressed in:-,"Maternal death per 10,000 lives","Maternal death per 100,000 lives","Maternal death per 1,000,000 lives",Maternal death per 100 lives,B,B,"The Maternal Mortality Ratio is internationally standardized as the number of maternal deaths per 100,000 live births.",-1.000088900581841e-12,True,False,6
326,Which induction anaesthetic agent has antiemetic effect?,etomidate,propofol,thiopentone,ketamine,B,B,"Propofol possesses intrinsic antiemetic properties, likely due to its modulation of GABA receptors and reduction of serotonin levels in the area postrema.",0.6365141682928128,True,False,6
327,A 10 year old boy following a road traffic accident presents to the casualty with contaminated wound over the left leg. He has received his com- plete primary immunization before preschool age and received a booster of DT at school entry age. All of following can be done except :,Injection of TT,Injection of human antiserum,Broad spectrum antibiotics,Wound debridement and cleaning,B,B,"The child is fully immunized with a recent booster, so he is adequately protected and does not require tetanus immunoglobulin (human antiserum).",0.6365141682928128,True,False,6
328,"In Myocardial infarction, the major pathology is",Ischemia caused by dynamic obstruction of a coronary artery.,Myocardial necrosis caused by acute occlusion of a coronary artery.,Ischemia due to fixed atheromatous stenosis of one or more coronal artery.,Altered conduction due to ischemia or infarction.,B,B,Myocardial infarction is pathologically defined as myocardial cell death (necrosis) resulting from prolonged ischemia due to acute coronary artery occlusion.,0.8675632284784613,True,False,6
329,Localized Juvenile Periodontitis- primary pathogen is,Acinobacillus Actinomycetemcomitans,Prevotella intermedia,Mycoplasma,all the above,D,A,Aggregatibacter actinomycetemcomitans (formerly Actinobacillus actinomycetemcomitans) is the primary periodontal pathogen strongly associated with the localized form of molar-incisor pattern periodontitis.,0.4505612088643047,False,True,6
330,A male child with Fanconi syndrome with nephrocalcinosis has a variant of dent disease. All are true except :,Hypercalciuria,Proteinuria,Similar presentation in father,Rickets,C,C,"Dent disease is an X-linked recessive disorder, meaning it is transmitted by carrier mothers to their sons, so the father would not typically manifest the disease or pass it to his sons.",1.0114042647043515,True,False,6
331,Which of the following is not involved in blood clotting?,Calcium,Prothrombin,Fibrinogen,Fe+2,D,D,"Fe+2 (iron) is a component of hemoglobin involved in oxygen transport, whereas calcium, prothrombin, and fibrinogen are essential components of the blood coagulation cascade.",1.3296613488507585,True,False,6
332,DNA Methylation is not related with?,Mismatch repair,DNA Replication,Gene silencing,Capping,D,D,"Capping is a post-transcriptional modification of mRNA involving the addition of a 7-methylguanosine cap, which is a process distinct from the epigenetic regulation of DNA methylation.",1.0114042647043515,True,False,6
333,While preparing a Class II cavity on a maxillary first molar which of the pulp horns are likely to get exposed:,Mesiolingual and mesiobuccal,Distolingual and distobuccal,Mesiolingual and distobuccal,Distolingual and mesiobuccal,A,A,"The mesiobuccal and mesiolingual pulp horns are the most prominent and extend furthest occlusally, making them the most susceptible to exposure during cavity preparation.",0.8675632284784613,True,False,6
334,Additional period required for enamel calcification after eruption into oral cavity,1 yr,2 yr,3 yr,4 yr,B,B,"Posteruptive maturation of enamel, involving the uptake of minerals like fluoride and calcium from saliva, typically continues for approximately two years following tooth eruption.",0.8675632284784613,True,False,6
335,All are Gp lIbilIla inhibitors except:,Prasugrel,Abciximab,Tirofiban,Eptifibatide,A,A,"Prasugrel is a P2Y12 receptor inhibitor, whereas Abciximab, Tirofiban, and Eptifibatide are GPIIb/IIIa inhibitors.",-1.000088900581841e-12,True,False,6
336,The active principle of white oleander is:,Nicotine,Nerin,Abrine,Pilocarpine,B,B,Nerin is a cardiac glycoside found in Nerium oleander that acts by inhibiting the Na+/K+-ATPase pump.,1.7917594692220549,True,False,6
337,"The yellowish white soft sticky deposit loosely adherent
present on tooth surface is",Materia alba,Food debris,Plaque,Calculus,A,A,"Materia alba is clinically characterized as a soft, yellowish-white, loosely adherent deposit consisting of bacteria, food debris, and epithelial cells that can be easily removed with a water spray.",0.6365141682928128,True,False,6
338,A term gestation newborn developed respiratory distress. Which of the following would favour Respiratory distress syndrome (HIVID) ?,History of receiving antenatal corticosteroids,Air bronchogram on chest x–ray,Onset of distress after 6 hours of birth,Term birth,B,B,"Air bronchograms are a classic radiographic finding in Respiratory Distress Syndrome (HMD) caused by alveolar collapse against patent, air-filled bronchi.",-1.000088900581841e-12,True,False,6
339,‘Fleur -de- lys’ term is used for:,Dens invaginatus,Denticle,Odontome,Supernumerary tooth,A,A,"The term ""fleur-de-lis"" describes the characteristic radiographic appearance of a dens invaginatus where the invaginated enamel creates a lily-like shape within the tooth structure.",1.0114042647043515,True,False,6
340,Renal feed for CKD patients-,Low calorie low volume,Low calorie high volume,High calorie low volume,High calorie high volume,C,C,CKD patients require high caloric density to prevent muscle wasting while maintaining low fluid volume to accommodate restricted intake and prevent fluid overload.,1.0114042647043515,True,False,6
341,Point used as termination of Root canal procedure is,Apical constriction,Apical foramen,Both,,A,A,The apical constriction is the narrowest part of the canal and serves as the ideal biological and clinical landmark for terminating root canal instrumentation and obturation.,-1.000088900581841e-12,True,False,6
342,"Kwashiorkar , true is",Deficiency of protein with sufficient calorie intake,Occurs in children between 6 months and 3 years of age,Subcutaneous fat preserved but atrophy of different tissues,All of the above,D,D,"Kwashiorkor is characterized by protein deficiency despite adequate calories, typically affects children aged 6 months to 3 years, and presents with preserved subcutaneous fat alongside muscle wasting.",0.8675632284784613,True,False,6
343,Lenolin is added in ZOE paste to:,Decrease flow,Increase flow,Accelerate reaction,Decrease irritation due to eugenol,B,B,"Lanolin acts as a plasticizer or lubricating agent that reduces internal friction, thereby increasing the flow of the ZOE paste.",1.5607104090364066,True,False,6
344,Which of the following is not transmitted by lice,Q fever,Trench fever,Relapsing fever,Epidemic typhus,A,A,"Q fever is caused by *Coxiella burnetii* and is primarily transmitted via inhalation of contaminated aerosols or ingestion of unpasteurized dairy, not by lice.",1.7917594692220549,True,False,6
345,What will be the oxygen carrying capacity of an 18-year-old patient with a hemoglobin of 14 g/dL?,7,14,18,28,C,C,"The oxygen-carrying capacity is calculated as 1.34 mL O2/g Hb multiplied by 14 g/dL, which equals approximately 18.76 mL O2/dL, rounding to the nearest provided option.",1.3296613488507585,True,False,6
346,All the following muscles of larynx are supplied by the recurrent laryngeal nerve except:,Cricohyoid,Cricothyroid,Arytenoid,Aryepiglotticus,B,B,"The cricothyroid muscle is the only intrinsic laryngeal muscle innervated by the external branch of the superior laryngeal nerve, while all others are supplied by the recurrent laryngeal nerve.",0.6365141682928128,True,False,6
347,Which of the following techniques is based on RNA?,PCR,Sanger's technique,Next generation sequencing,Western blot,A,X,"None of the listed techniques are exclusively based on RNA, as PCR, Sanger sequencing, and NGS typically utilize DNA templates, while Western blot detects proteins.",0.6365141682928128,False,False,6
348,Minimum concentration of oxygen needed in NO analgesia,10%,20%,30%,40%,C,C,Safety standards and hypoxic guard mechanisms mandate a minimum oxygen concentration of 30% to prevent hypoxia during nitrous oxide administration.,-1.000088900581841e-12,True,False,6
349,In rheumatoid arthritis there is inflammation of:,Cartilage,Synovial membrane,Sclerosis of joints,Articular bone,B,B,"Rheumatoid arthritis is a systemic autoimmune disease primarily characterized by chronic inflammation of the synovial membrane, known as synovitis.",0.6931471805579453,True,False,6
350,Winged rubber dam retainer in endodontics advantages are all except,Radiographs are good showing full length of canals,Stability,Provide extra bucco-lingual retraction,"Dam, clamp and frame placed in one operation",A,A,"The wings of the retainer are bulky and often obstruct the radiographic view, potentially obscuring the full length of the canals.",1.5607104090364066,True,False,6
351,"A 11-year-old child comes to the dental office one hour
after injury to a maxillary central incisor. The tooth is
vital and	slightly	mobile.	Radiographic	examination
reveals a fracture at the apical third of the root. What is
the best treatment at this point of time:",Render palliative therapy,Extract the tooth,Relieve the occlusion and splint the tooth,Perform immediate root canal treatment and splint,C,C,Apical third root fractures in vital teeth are best managed by stabilizing the segment with a splint and relieving occlusal forces to promote healing of the periodontal ligament and fracture site.,1.5607104090364066,True,False,6
352,Resistance form of endodontics is:,Resists movement of gutta-percha in apical area,To allow use of spreader in lateral condensation,Fracture of root while vertical condensation,None of the above,A,D,"Resistance form in endodontics refers to the design of the cavity preparation that prevents the tooth structure or restoration from fracturing under occlusal forces, which is not described by any of the provided options.",0.8675632284784613,False,True,6
353,Antibody in chronic allergy ?,IgM,IgA,IgG,IgE,D,D,"IgE is the primary antibody class that mediates type I hypersensitivity reactions by binding to mast cells and basophils, triggering the release of inflammatory mediators upon allergen exposure.",1.24245332489,True,False,6
354,"While assessing the efficacy of a newly developed drug in comparison to placebo, the 95% confidence interval in clinical trials is used to check for:",Efficacy of the drug,Non-efficacy of the drug,Both efficacy and non-efficacy of the drug,Either efficacy or non-efficacy of the drug,A,C,"The 95% confidence interval indicates the range of plausible effect sizes, where values excluding the null (e.g., 0 or 1) suggest efficacy, while values including the null suggest non-efficacy.",1.0114042647043515,False,True,6
355,Which material is the most difficult to remove from the patient's mouth?,Metallic oxide paste,Silicone impression material,Reversible hydrocolloid,Impression plaster,A,D,"Impression plaster is a rigid, non-elastic material that sets into a hard, brittle mass, making it difficult to remove from undercuts without fracturing or causing patient discomfort.",0.6931471805579453,False,True,6
356,Main cause of RPD failure is:,Improper clasp design,Insufficient contact of teeth,Insufficient contact of teeth and improper clasp design,None of the above,C,A,"Improper clasp design is the most frequently cited primary cause of RPD failure due to its direct impact on the stability, retention, and stress distribution of the prosthesis.",1.24245332489,False,True,6
357,"A 40 years old female presented with acute onset shoness of breath. She has a history of nephrotic syndrome 1 year back and recent prolonged air travel. She has a BP of 90/60 mm Hg, hea rate of 115 per minute and sinus tachycardia on ECG. A 2-D echocardiogram revealed dilation of right ventricle with bulging of the interventricular septum to the left. What will be the primary treatment modality?",Thrombectomy,Intravenous tissue plasminogen activator,Unfractionated heparin,d. IVC filter,B,B,"The patient presents with massive pulmonary embolism characterized by hemodynamic instability (hypotension) and right ventricular strain, which is a formal indication for systemic thrombolysis.",-1.000088900581841e-12,True,False,6
358,"In multirooted teeth, formation of multiple roots is due to presence of:",Epithelial diaphragm,Cell rests of Malassez,Toot bud division or bell stage,None of the above,A,A,"The epithelial diaphragm, the proliferating edge of Hertwig’s epithelial root sheath, undergoes differential growth to divide the root trunk into two or more root canals.",0.4505612088643047,True,False,6
359,"In Down syndrome patient, which teeth have severe periodontitis",Lower Anterior,Upper Anterior,Upper Molar,Lower Molar,A,A,"Down syndrome patients exhibit a characteristic pattern of severe, early-onset periodontitis that most frequently and severely affects the mandibular anterior teeth.",1.0114042647043515,True,False,6
360,Folic acid deficiency occurs in:,Aspirin,Phenytoin,Chloromphenicol,Cyclosporine,B,B,"Phenytoin inhibits intestinal folate conjugase, impairing the absorption of dietary folates and leading to deficiency.",1.5607104090364066,True,False,6
361,Which of the following will not decrease mother to child transmission of HIV?,Avoid breastfeeding,Vaginal delivery,Zidovudine given to mother antenataly and to neonate after bih,Vitamin A supplementation given to mother,B,B,"Elective cesarean section is recommended to reduce the risk of vertical transmission compared to vaginal delivery, especially in cases with high viral loads.",0.6365141682928128,True,False,6
362,"On the day following a formocresol pulpotomy of a
mandibular molar, a three year old patient returned with
a large ulcer near the midline of the lower lip. What is
the probable cause of the ulcer?",Lip biting by the patient,Allergy to the anaesthetic solution,Pressure by the rubber dam frame,Leakage of formocresol on the lip,A,D,Formocresol is a caustic chemical that causes localized tissue necrosis and chemical burns if it contacts the oral mucosa or skin due to leakage during the procedure.,1.0114042647043517,False,True,6
363,Which of the following conditions is associated with polyhy dramnios?,Posterior urethral valve,Cleft palate,Congenital diaphragmatic hernia,Bladder exostrophy,B,B,"Cleft palate interferes with the fetal swallowing mechanism, leading to decreased amniotic fluid resorption and subsequent polyhydramnios.",1.24245332489,True,False,6
364,Chemotactic cytokine is,IL-1,IL-6,IL-8,TNF,C,C,IL-8 is a member of the CXC chemokine family specifically responsible for the chemotaxis and recruitment of neutrophils to sites of inflammation.,0.8675632284784613,True,False,6
365,"A 38 years old female presented to the emergency with extensive burns. The patient had grade 3 burns on the face, back, upper arms and forearms along with singeing of hairs. Which of the following is not a proof of inhalation burns?",Yellow colored sputum,Blackish soot deposit on posterior pa of tongue,Hoarseness & stridor of voice,Singeing of eyebrows and facial hair,A,A,Yellow sputum typically indicates a lower respiratory tract infection or bronchitis rather than the acute thermal or chemical airway injury associated with inhalation burns.,1.5607104090364066,True,False,6
366,After spleenectomy patient becomes more prone to,Gram +ve & anaerobic,Gram -ve & anaerobic,Nonencapsulated,Encapsulated organisms,D,D,The spleen is essential for the clearance of encapsulated bacteria via opsonizing antibodies and splenic macrophages; its absence significantly increases susceptibility to these pathogens.,1.3296613488507583,True,False,6
367,All of the following are developed from Meckel's cartilage except:,Zygomatic bone,Malleus,Incus,Stapes,D,D,"The stapes is derived from the second pharyngeal arch (Reichert's cartilage), whereas the malleus and incus are derived from the first pharyngeal arch (Meckel's cartilage).",-1.000088900581841e-12,True,False,6
368,"In judicial hanging, the knot is placed at:",Below the chin,Angle of the jaw,The back of the neck,Choice of hangman,B,B,"Placing the knot at the angle of the jaw ensures sudden, violent hyperextension of the neck, which facilitates the fracture of the cervical vertebrae (hangman's fracture) and rapid death.",1.0114042647043517,True,False,6
369,Non-pulsatile dose of GnRH agonist is used in all the following conditions except-,Endometriosis,infeility,Precocious pubey,Prostate cancer,B,B,"Continuous (non-pulsatile) GnRH agonist administration suppresses gonadotropin secretion, whereas pulsatile administration is required to stimulate ovulation for the treatment of infertility.",0.6365141682928128,True,False,6
370,Eisenmenger syndrome–True are A/E –,Pulmonary veins are not distended,RV & LV walls come back to normal size,Dilatation of central pulmonary artery,Peripheral pruning of pulmonary arteries,B,A,"Pulmonary veins are not distended because the pathology is pre-capillary pulmonary hypertension, and peripheral pruning occurs due to severe obstructive pulmonary arteriopathy.",0.8675632284784613,False,True,6
371,"Gap healing, a type of primary healing having gap of 0.8 mm is healed as:",Direct lamellar bone formation.,Woven bone formation replaced by lamellar bone.,Woven bone formation only.,Any of the above.,B,A,"When the fracture gap is less than 1 mm and absolute stability is achieved, osteons can bridge the gap directly without the intermediate formation of woven bone.",0.6365141682928128,False,True,6
372,"The radiographic examination of a traumatized tooth is
essential -",To establish baseline data,To find associated root fracture,To determine stage of root development,All of the above,D,D,"Radiographic examination is essential in dental trauma to document the initial status, identify fractures, and assess the maturity of the root for treatment planning.",1.5607104090364066,True,False,6
373,The fifth nerve innervates the following:,"Mylohyoid, anterior and posterior belly of digastric","Mylohyoid, anterior belly of digastric, and tensor tympani","Mylohyoid, posterior belly of digastric and tensor tympani","Mylohyoid, posterior belly of digastric, Stapedius and tensor tympani",B,B,"The mandibular division of the trigeminal nerve (V3) innervates the muscles of mastication, the mylohyoid, the anterior belly of the digastric, and the tensor tympani, while the posterior belly of the digastric is innervated by the facial nerve (CN VII).",0.4505612088643047,True,False,6
374,A study was conducted to find average intra-ocular pressure. IOP was measured in 400 people and the mean was found to be 25 mm Hg with a standard detion of 10 mm Hg. What is the range in which 10P of 95% of the population would be lying?,22-28 mm Hg,20-30 mm Hg,24-26 mm Hg,23-27 mm Hg,C,B,"For a normal distribution, 95% of the population falls within approximately ±2 standard deviations of the mean (25 ± 2*2.5), but using the standard error formula (SD/√n) for the mean of the sample (25 ± 1.96*0.5) yields 24-",0.8675632284784613,False,True,6
375,The lag phase of tooth movement usually lasts for:,2-3 mins,2-3 hrs,2-3 day,2-3 weeks,D,D,"The lag phase occurs during orthodontic treatment when hyalinization of the periodontal ligament prevents tooth movement until necrotic tissue is removed by cellular activity, typically lasting 2-3 weeks.",1.5607104090364066,True,False,6
376,"Which of the following is a common osseous lesion in
periodontitis is",Exostosis,crater,buttressing bone,hemiseptum,B,B,"Interdental craters are the most prevalent form of angular bone loss observed in periodontitis, characterized by a concave defect in the interdental alveolar bone.",0.4505612088643047,True,False,6
377,Which of the following groups of fibres are not attached to alveolar bone?,Transseptal,Horizontal,Oblique,Apical,A,A,"Transseptal fibers extend from the cementum of one tooth to the cementum of the adjacent tooth, bypassing the alveolar bone entirely.",1.3296613488507583,True,False,6
378,First nerve fiber present in vicinity of dental papilla in,Bud stage,Cap stage,Bell stage,Advanced Bell stage,A,C,Nerve fibers first penetrate the dental papilla during the bell stage as the tooth germ undergoes rapid growth and differentiation.,0.4505612088643047,False,True,6
379,A 32 years old female came for routine PAP smear testing. The repo came as carcinoma in situ. What is the next step?,HPV-DNA testing,Hysterectomy,Conization,Colposcopy and biopsy,D,D,Carcinoma in situ (HSIL/CIN III) on a PAP smear requires colposcopy with directed biopsy to histologically confirm the diagnosis and rule out invasive cancer before determining definitive treatment.,1.7917594692220549,True,False,6
380,The frontal paranasal sinus drains into the:,Superior meatus,Middle meatus,Inferior meatus,Spheno-ethmoidal recess,B,B,The frontal sinus drains into the middle meatus via the frontonasal duct and the ethmoid infundibulum.,0.6365141682928128,True,False,6
381,"In the mammalian genome, maximum number of genes code for the receptors of:",Immunoglobulin receptors,Interleukins,Growth factors,Odorants,D,D,"The olfactory receptor gene family constitutes the largest multigene family in the mammalian genome, comprising hundreds of distinct genes dedicated to odorant detection.",0.4505612088643047,True,False,6
382,Pegloticase is used in,Chronic gout,Paralytic ileus,Psoriatic ahritis,Rheumatoid ahritis,A,A,Pegloticase is a recombinant uricase enzyme indicated for the treatment of chronic gout in adult patients refractory to conventional therapies.,0.8675632284784613,True,False,6
383,"Wave patterns of EEF, ECG and EMG are depicted below. The B pattern belongs to (Figure was not provided in the exam):",NREM sleep,REM sleep,Wakefulness,Quiet wakefulness,C,B,"REM sleep is characterized by low-voltage, fast-frequency EEG activity (desynchronized) that resembles wakefulness, combined with muscle atonia (EMG silence) and rapid eye movements.",1.7917594692220549,False,True,6
384,Staphylococcus aureus and pneumoniae are responsible for:,Subacute endocarditis.,Acute endocarditis.,Post operative endocarditis.,None.,B,B,"Staphylococcus aureus and Streptococcus pneumoniae are highly virulent pathogens that cause rapid, destructive infection of cardiac valves characteristic of acute endocarditis.",1.3296613488507583,True,False,6
385,First paranasal sinus to develop at bih is:,Maxillary,Ethmoidal,Frontal,Sphenoidal,A,A,"The maxillary sinuses are the first to develop, appearing as small mucosal invaginations during fetal life and becoming radiologically identifiable shortly after birth.",1.7917594692220549,True,False,6
386,Which of the following is the best test for assessment of intestinal malabsorption?,Fecal fat estimation,Serum lactose levels,Serum amylase levels,NBT-PABA test,A,A,"The 72-hour quantitative fecal fat test is the gold standard for diagnosing fat malabsorption, which is the most consistent feature of intestinal malabsorption syndromes.",0.6365141682928128,True,False,6
387,Primary Colonization of plaque is dominated by,Facultative Aerobic Gram + ve rods,Facultative Anaerobic Gram - ve rods,Facultative Aerobic Gram - ve cocci,Facultative Anaerobic Gram + ve cocci,D,D,"The initial colonization of the acquired pellicle is primarily mediated by early colonizers such as *Streptococcus* species, which are facultative anaerobic Gram-positive cocci.",-1.000088900581841e-12,True,False,6
388,Types of pocket respectively:,"Simple pocket, compound pocket, complex pocket.","Simple pocket, complex pocket, compound pocket.","Compound pocket, simple pocket, complex pocket.","Simple pocket, compound pocket, tertiary pocket.",A,A,"Periodontal pockets are classified by the number of involved surfaces as simple (one surface), compound (two or more surfaces), or complex (tortuous path from the gingival margin to the base).",1.5607104090364066,True,False,6
389,Depression of mandible is achieved by:,Digastric,Lateral pterygoid,Geniohyoid,All of the above,D,D,"The lateral pterygoid, digastric, and geniohyoid muscles all contribute to the depression of the mandible during mouth opening.",1.24245332489,True,False,6
390,"18 year old female presents with an ovarian mass, her serum bio marker are found to be normal except for LDH, which is found to be elevated. The most likely diagnosis is:",Dysgerminoma,Endodermal sinus tumor,Malignant terratoma,Mucinous cystadeno carcinoma,A,A,Dysgerminoma is the most common malignant ovarian germ cell tumor and is characteristically associated with elevated serum LDH levels.,-1.000088900581841e-12,True,False,6
391,Most common infection post solid organ transplantation,CMV,HSV,EBV,HPV,A,A,Cytomegalovirus (CMV) is the most frequent opportunistic viral infection encountered in solid organ transplant recipients due to reactivation or primary transmission from the donor.,1.24245332489,True,False,6
392,Tuberculous otitis media is characterized by all except -,Multiple perforations,Pale granulations,Pain,Thin odourless fluid,C,C,Tuberculous otitis media is classically characterized as a painless or indolent condition due to the destruction of nerve endings in the middle ear mucosa.,1.0114042647043517,True,False,6
393,"Child Pugh score put patients into three categories of Score A (<7), Score B (7-9) and Score C (10-15). The following is a type of which scale?",Nominal,Ordinal,Quantitative,Continuous,B,B,"The Child-Pugh score categorizes patients into ranked groups (A, B, and C) that represent increasing levels of disease severity, which is a characteristic of an ordinal scale.",1.3296613488507583,True,False,6
394,Skin of the entire upper lip is supplied by:,Maxillary nerve.,Facial nerve.,Mandibular nerve.,None.,A,A,"The skin of the upper lip is supplied by the infraorbital nerve, which is a terminal branch of the maxillary nerve (CN V2).",-1.000088900581841e-12,True,False,6
395,Microangiopathic hemolytic anemia,TTP,ITP,Senile purpura,CML,B,A,TTP is a classic cause of microangiopathic hemolytic anemia due to the formation of platelet-rich thrombi in small vessels that mechanically shear red blood cells.,-1.000088900581841e-12,False,True,6
396,Treatment of choice for anaphylactic shock is:,Adrenaline 0.5 mL of 1:1000 solution by intramuscular route,Adrenaline 1 mL of 1:10000 by intravenous route,Atropine 3 mg intravenously,Adenosine 12 mg intravenously,A,A,Intramuscular adrenaline (1:1000) is the first-line treatment for anaphylaxis as it provides the most rapid and safe systemic absorption to reverse airway obstruction and hypotension.,-1.000088900581841e-12,True,False,6
397,"The	cotton	applied	to	the	pulpal	stumps	in	the
formocresol pulpotomy technique should be",Slightly dampened with formocresol,Saturated with formocresol,Left for 2 hours in the cavity,Sealed until the next appointment.,A,A,Excess formocresol must be blotted from the cotton pellet to prevent systemic toxicity and irritation to the underlying periapical tissues.,1.7917594692220549,True,False,6
398,Which of following is not a tumor suppressor gene?,pRb,FHIT,PTCH,c-erbB1,D,D,"c-erbB1 is a proto-oncogene that encodes the EGFR receptor, whereas the other options are established tumor suppressor genes.",0.4505612088643047,True,False,6
399,All the following instruments are required for tonsillectomy except:,Coblation wand,Bipolar cautery,Microdebrider,Harmonic scalpel,C,C,"While coblation, bipolar cautery, and harmonic scalpels are standard energy-based tools for tonsillectomy, the microdebrider is primarily used for adenoidectomy or sinus surgery rather than tonsil dissection.",0.4505612088643047,True,False,6
