question_id,question,option_A,option_B,option_C,option_D,correct_letter,majority_letter,majority_reason,semantic_entropy,is_correct,hallucinated,samples_count
0,Which of the following is not true for myelinated nerve fibers:,Impulse through myelinated fibers is slower than non-myelinated fibers,Membrane currents are generated at nodes of Ranvier,Saltatory conduction of impulses is seen,Local anesthesia is effective only when the nerve is not covered by myelin sheath,A,A,"Myelination increases conduction velocity, so impulses are faster—not slower—than in non-myelinated fibers.",1.7917594692220549,True,False,6
1,Which of the following is not true about glomerular capillaries'),The oncotic pressure of the fluid leaving the capillaries is less than that of fluid entering it,Glucose concentration in the capillaries is the same as that in glomerular filtrate,Constriction of afferent aeriole decreases the blood flow to the glomerulas,Hematocrit of the fluid leaving the capillaries is less than that of the fluid entering it,A,C,"Constriction of the afferent arteriole decreases glomerular blood flow and GFR, so the statement is true; therefore it is not the “not true” option.",1.7917594692220549,False,True,6
2,A 29 yrs old woman with a pregnancy of 17 week has a 10 years old boy with down syndrome. She does not want another down syndrome kid; best advice to her is,No test is required now as her age is below 35 years,Ultra sound at this point of time will definitely tell her that next baby will be down syndromic or not,Amniotic fluid samples plus chromosomal analysis will definitely tell her that next baby will be down syndromic or not,blood screening at this point of time will clear the exact picture,C,B,"At 17 weeks, ultrasound can only suggest risk using markers and cannot definitively determine whether the fetus will have Down syndrome (definitive diagnosis requires karyotyping).",1.7917594692220549,False,True,6
3,Axonal transport is:,Antegrade,Retrograde,Antegrade and retrograde,None,C,C,Axonal transport occurs in both directions—anterograde transport from the cell body to the synapse and retrograde transport from the synapse back to the cell body.,1.7917594692220549,True,False,6
4,Low insulin to glucagon ratio is seen in all of these except:,Glycogen synthesis,Glycogen breakdown,Gluconeogenesis,Ketogenesis,A,A,"A low insulin:glucagon ratio indicates glucagon predominance, which promotes glycogen breakdown, gluconeogenesis, and ketogenesis—not glycogen synthesis (which requires higher insulin).",1.7917594692220549,True,False,6
5,Concentration of tropicamide:,0.01,0.02,0.03,0.04,A,B,"Tropicamide concentration for the specified use is typically 0.02%, matching option B.",1.7917594692220549,False,True,6
6,Which of the following statements is true regarding H I N1 Influenza?,Pregnant woman with sore throat can be staed immediately on oseltamivir without diagnostic testing under category B,People on long-term steroids cannot receive Os-eltam ivir,Category B concerns with low risk cases,Category B patients have to undergo immediate testing,A,A,"In suspected/confirmed H1N1 influenza, oseltamivir should be started promptly in pregnant women without waiting for diagnostic testing.",1.7917594692220549,True,False,6
7,Which of the following are not a branch of external carotid Aery in Kiesselbach's plexus.,Sphenopalatine aery,Anterior ethmoidal aery,Greater palatine aery,Septal branch of superior labial aery,B,C,"Greater palatine artery is not a classical contributor to Kiesselbach’s (Little’s) plexus, whereas anterior ethmoidal, sphenopalatine (external carotid), and septal branches of superior labial arteries participate in the anterior nasal septal anastomoses.",1.7917594692220549,False,True,6
8,Diagnosis of the following ECG-,Ventricular bigeminy,Electrical alternans,P pulmonale,Left ventricular failure,B,B,"Electrical alternans shows beat-to-beat alternation in QRS (and/or T-wave) amplitude with a typically regular rhythm, reflecting alternating cardiac position.",1.7917594692220549,True,False,6
9,A blue new born presents with cyanosis. The X–ray chest reveal oligaemic lung field and normal sized heart. Most likely diagnosis is –,Ebstein's anomaly,Pulmonary atresia,Transposition of great arteries,Tetralogy of fallot,B,B,Blue newborn with oligaemic (decreased vascularity) lung fields and normal-sized heart most strongly indicates pulmonary atresia causing markedly reduced pulmonary blood flow.,1.7917594692220549,True,False,6
10,27.	The lateral spread of dental caries is facilitated mostly  by the,Enamel spindles,Dentinoenamel junction,Enamel lamellae,Striae of Retzius,B,C,"Lateral spread of dental caries is facilitated mainly by enamel lamellae, which act as pathways within enamel for the carious process to extend sideways.",1.7917594692220549,False,True,6
11,A second-year PG resident tells you to perform an ABG of a patient. All of the following are true about performing an ABG except:,"Before performing the ABG, syringe should be loaded with 0.3 cc of heparin","Normal pH, HCO. and PCO, levels may not indicate absence of an acid-base imbalance",A different site should be tried i f modified Allen's test is negative,Radial aery is the preferred site,A,A,Loading the syringe with a fixed “0.3 cc” of heparin is not a standard universal ABG sampling requirement; the key is using an appropriately heparinized syringe to prevent clotting.,1.7917594692220549,True,False,6
12,Respiratory rhythm generation center is located at:,Dorsal respiratory group,Pre-Botzinger complex,Ventral respiratory neurons,Pneumotaxic center,B,B,The pre-Bötzinger complex in the medulla is the primary respiratory rhythm generator that generates the basic breathing rhythm.,0.8675632284784613,True,False,6
13,Gait apraxia is seen in thromboembolic episode involving:,ACA,MCA,PCA,Posterior choroidal aery,A,B,"Gait apraxia is classically due to bilateral medial frontal/supplementary motor area involvement, which is most commonly associated with thromboembolic strokes in the MCA territory.",1.7917594692220549,False,True,6
14,Heavy forces on periodontal ligament causes:,Hyalinization,Osteoclastic activity around tooth,Osteoblastic activity around tooth,Crest bone resorption,A,A,"Heavy orthodontic forces compress the periodontal ligament enough to reduce blood supply, causing hyalinization (degeneration of ligament fibers).",1.7917594692220549,True,False,6
15,"About N. gonorrhoea, all are true except",Most common cause of urethritis in male,All stains are highly susceptible to penicillin,Wide spread axoregnic stains cause disseminated gonococcal infection,Found exclusively in human beings,B,B,*Neisseria gonorrhoeae* is not “highly susceptible” to penicillin in many settings due to widespread penicillin resistance.,1.7917594692220549,True,False,6
16,"A patient who was on ventilator and being ventilated for past few days, suddenly pulls out the endotracheal tube. What is the next step of management?","Assess the patient, give bag and mask ventilation and look for spontaneous breathing",Sta bag and mask ventilation and reintubate,Sedate and reintubate,Make him sit and do physiotherapy,A,A,"Immediately assess airway/breathing and provide oxygenation with bag-and-mask ventilation, checking for spontaneous breathing before deciding on reintubation.",1.7917594692220549,True,False,6
17,"In a	6-month-old child, thick curd like white	patch
appears on the buccal mucosa. On rubbing it leaves an
erythematous patch. Most likely diagnosis is:",Tuberculosis,Lichen planus,Lupus erythematous,Candidiasis,D,D,Thick curd-like white buccal patches in an infant that rub off leaving an erythematous area are characteristic of oral candidiasis (thrush).,1.24245332489,True,False,6
18,Characteristic of venous blood flow of lower limb in duplex Doppler is?,Monophasic,Biphasic,Triphasic,Non phasic,A,D,Lower-limb venous flow on duplex Doppler is characteristically non‑phasic (not a fixed pulsatile arterial-type waveform).,1.7917594692220549,False,True,6
19,"The source of calcium ions of a calcific bridge in a
tooth in which calcium hydroxide pulpotomy has been
performed is:",Blood vessel borne,Derided cells,Dentin,From the calcium hydroxide,A,D,"In calcium hydroxide pulpotomy, Ca²⁺ released from the calcium hydroxide is the primary direct source of calcium ions for the calcific bridge.",1.7917594692220549,False,True,6
20,"2, 3-BPG binds to sites of haemoglobin and the affinity for oxygen","4, decreases","1, decreases","4, increases","1, increases",B,A,"2,3-BPG binds deoxyhemoglobin (T-state), stabilizing it and shifting the O₂–Hb dissociation curve to the right, thereby decreasing hemoglobin’s affinity for O₂.",1.7917594692220549,False,True,6
21,Highest concentration of oxygen is delivered through?,Nasal cannula,Venturi mask,Bag and mask,Mask with reservoir,C,B,"A Venturi mask delivers the highest and most precisely controlled oxygen concentration compared with nasal cannula, simple masks, or reservoir masks.",1.7917594692220549,False,True,6
22,Sharpest cusp is seen in,Upper Canine,Lower Canine,Upper Premolar,Lower premolar,A,B,"The lower canine has the sharpest cusp in the primary dentition, adapted primarily for tearing.",1.7917594692220549,False,True,6
23,A mother is Hbs Ag positive and anti Hbe Ag positive. Risk of transmission of Hep. B in child is:,20%,50%,0%,90%,A,B,"HBsAg-positive mother indicates active infection and anti-HBe positivity (HBeAg-negative) still confers substantial vertical transmission risk, approximately 50% without neonatal prophylaxis.",1.7917594692220549,False,True,6
24,"In a patient with competent lips together at rest, the lip
line is opposite the tips of the upper incisors. The lip line is then described as",Average,High,Incomplete,Low,D,B,"With competent lips at rest, a lip line opposite the tips of the upper incisors indicates the upper lip is relatively high, exposing less of the incisors.",1.7917594692220549,False,True,6
25,"A patient presented to emergency with overdose some drug. There were increased salivation and increased bronchial secretions. On examination, blood pressure was 88/60 mmHg. RBC esterase level is 50. What should be the treatment of this person?",Neostigmine,Atropine,Flumazenil,Physostigmine,B,B,"Symptoms of muscarinic excess (salivation, bronchial secretions, hypotension) with low RBC esterase indicate organophosphate/carbamate poisoning, treated with atropine (muscarinic antagonist).",1.7917594692220549,True,False,6
26,The current bar clasp design used is:,Mesio-occlusal rest,Disto-occlusal rest,Mesial or distal depending on the situation,Choice of the dentist,A,C,A bar clasp uses an occlusal rest on the mesial or distal side depending on tooth anatomy and where the rest seat/undercut provides the best support and stability.,1.7917594692220549,False,True,6
27,All of the following are true regarding Class-II inlay gingival margins preparation except?,Removal of week enamel rods,Increased metal burnishability,Lap sliding fit of metal margin,Margins of restoration in self-cleansable area,D,A,Removal of weak enamel rods is not an exception/defining requirement for Class II inlay gingival margin preparation (it is more relevant to enamel bonding/finishing concepts).,1.7917594692220549,False,True,6
28,Breakdown of periodontal fibres in periodontitis is due to bacterial enzyme: (OR) Which of the following bacterial products have been implicated in initiation of inflammatory periodontal disease?,Collagenase,Hyaluronidase,Coagulase,None of the above,A,A,"Periodontitis involves bacterial collagenase that degrades periodontal collagen fibers, initiating and contributing to inflammatory tissue destruction.",1.7917594692220549,True,False,6
29,"In a study, two groups of newborns are checked for their weights based on whether their mothers received food supplements or not. The appropriate test which can be used for comparing the data is:",Chi square test,Paired T-test,Student's T-test,Fischer exact test,C,C,"Newborn weights are continuous measurements and the study compares the mean weights of two independent groups, so the appropriate test is the Student’s t-test.",1.7917594692220549,True,False,6
30,Which vitamin is required for glycogen Phosphorylase?,PLP,TPP,Riboflavin,Lipoic acid,A,A,Glycogen phosphorylase is a PLP (pyridoxal phosphate)-dependent enzyme required for glycogen breakdown to glucose-1-phosphate.,1.7917594692220549,True,False,6
31,"A child's behaviour is traced to have dental difficulties
from	his	mother.	The	most	satisfactory	method	of
handling the situation is to:",Introduce another child as a good example,Modify his fear by familiarization,Use small amounts of barbiturates,Use firmness,B,B,"The child’s behaviour is due to dental fear, so the most satisfactory management is behavioural desensitization/familiarization (e.g., tell–show–do, gradual exposure) rather than drugs or general firmness.",1.7917594692220549,True,False,6
32,Which of the following is the only complete cailage ring in the respiratory tree?,Cricoid cailage,Thyroid cailage,Cunieform cailage,Epiglottis,A,A,"The cricoid cartilage is the only complete (fully closed) cartilaginous ring in the respiratory tract, forming a complete ring around the airway below the larynx.",1.7917594692220549,True,False,6
33,Steps of intubation - arrange in sequence:- a. Head extension and flexion of neck b. Introduction of laryngoscope c. Inflation of cuff d. Check breath sounds with stethoscope e. fixation of the tube to prevent dislodgement,ABCDE,DBCEA,ACBED,CBAED,A,A,"The correct order is to position the head, insert the laryngoscope, inflate the cuff, confirm bilateral breath sounds, then secure the tube to prevent displacement.",1.7917594692220549,True,False,6
34,In Erythroblastosis fetalis not involved is –,Anti C,Anti D,Anti E,Anti Lewis,D,D,"Anti–Lewis antibodies (anti-Leᵃ/anti-Leʸ) are not a classic cause of erythroblastosis fetalis, whereas Rh antibodies like Anti-D (and often Anti-C) are the main causes.",1.7917594692220549,True,False,6
35,"A dentist suffered from Hepatitis B infection 3 months back. His laboratory tests are normal, but he is not allowed by the medical board to do surgical practice. He is:",Inactive carrier,Healthy carrier,Convalescent carrier,Paradoxical carrier,C,C,"After an acute Hepatitis B infection within the recent months (even if labs are now normal), the patient is in the convalescent/recovery phase and may still be restricted—i.e., a convalescent carrier.",1.7917594692220549,True,False,6
36,A pediatrician in a district hospital with specialization neonatal care unit calls an ophthalmologist for consultation for which of the following?,A newborn with respiratory distress,A baby born at 28 weeks of gestation,Newborn with jaundice,A newborn with bih weight 2300 grams,B,B,"Premature infants (e.g., 28 weeks gestation) require ophthalmology for screening of retinopathy of prematurity (ROP).",1.7917594692220549,True,False,6
37,"In a child with active liver failure, the most important prognosis factor for death is –",Increasing transaminases,Increasing bilirubin,Increasing prothrombin time,Gram (–)ve sepsis,D,C,"In acute liver failure, increasing prothrombin time (PT/INR) best reflects worsening hepatic synthetic function and is the strongest predictor of mortality.",1.7917594692220549,False,True,6
38,"A patient went into shock immediately after normal delivery, likely cause:",Amniotic fluid embolism,PPH,Uterine inversion,Eclampsia,C,A,"Amniotic fluid embolism classically causes sudden, severe shock immediately after delivery due to abrupt cardiopulmonary collapse and coagulopathy.",1.7917594692220549,False,True,6
39,"A patient presented with flat topped violaceous papules, thinning of nails and onycholysis. What is the microscopic finding observed in this patient?",Prominent necrotic cell,Suprabasal split,Basal cell degeneration,Acantholysis,C,C,"Flat-topped violaceous papules with nail thinning/onycholysis is characteristic of lichen planus, where microscopy shows basal cell degeneration (interface dermatitis with basal layer “liquefaction” degeneration).",1.7917594692220549,True,False,6
40,Which of the following is not. true regarding myelopathy?,Sensory loss of facial area,Brisk jaw jerk,Brisk pectoral jerk,Urgency and incontinence of micturition,B,A,"Facial sensory loss is not a typical feature of myelopathy (spinal cord disease), whereas brisk reflexes and bladder urgency/incontinence reflect upper motor neuron and cord involvement.",1.7917594692220549,False,True,6
41,Which of the following committees has recommended a 3-year bachelor degree in medical education for rural health service?,High level expe group of universal health program for india,Central bureau of health investigation,Srivastava committee,Sundar committee,A,C,The Srivastava Committee recommended a 3-year Bachelor’s degree course in medical education aimed at training manpower for rural health service.,1.7917594692220549,False,True,6
42,Sequential arrangement of fetal scans -,Growth scan,Triple marker,Anomalous Scan and NT scan,All,D,D,"Sequential fetal assessment typically includes NT scan with early screening, anomalous (anatomy) scan, triple marker in the second trimester, and a later growth scan—so all options are included.",1.7917594692220549,True,False,6
43,Which one of the following is a muscle splitting incision?,Kocher's incision,Rutherford-Morrison incision,Pfannenstiel incision,Lanz incision,D,D,Lanz incision is a rectus-splitting (muscle-splitting) incision that separates muscle fibers rather than cutting through them.,1.7917594692220549,True,False,6
44,Multiple canals in mandibular premolars are seen in?,Africas,Caucians,Not Recalled,Not Recalled,A,C,"The only consistent option provided for “multiple canals in mandibular premolars” is “Not Recalled,” since the other choices (Africans/Caucians) do not match the standard incidence-based option set and C/D are duplicates.",1.7917594692220549,False,True,6
45,Which of the following blade angle is appropriate for scaling and root planing,A,B,C,D,B,B,"For scaling and root planing, the blade is held at about a 15–30° angle (≈25°) to effectively remove calculus while minimizing trauma to the root surface.",1.7917594692220549,True,False,6
46,Which pa of brachial plexus do not give branches,Root,Division,Cord,Trunk,B,A,"The roots (C5–T1) mainly form the brachial plexus and do not give branches within it, whereas branches arise from the divisions, cords, and trunks.",1.7917594692220549,False,True,6
47,"If the Rb gene phosphorylation is defective, which of the following will happen?",Cell cycle will stop at GI phase,Cell cycle will stop at G2 phase,The cell cycle will progress and the cell will divide,There will be no effect on cell cycle as for Rb gene phosphorylation is not needed,A,B,"Defective Rb phosphorylation keeps E2F inhibited, preventing progression into S phase and causing cell-cycle arrest (closest option given is G2-phase arrest).",1.7917594692220549,False,True,6
48,Cumulative index is:,Russet's periodontal index,Ramjford's periodontal index,PMA (Massler and Schlour),Gingival index (Loe and Silness),C,C,"PMA (Papillary–Marginal–Alveolar) index by Massler and Schour is a cumulative periodontal/gingival inflammation index that scores three gingival sites (papillary, marginal, and alveolar).",1.7917594692220549,True,False,6
49,The cells which will proliferate from top to bottom of villi are:,Chief cells,Goblet cells,Paneth cells,Parietal cells,C,B,Goblet cells are part of the surface epithelium of small-intestinal villi and are renewed by proliferation in the crypts with migration from the base to the villus tip.,1.7917594692220549,False,True,6
50,What is the usual weight of rabbit used in ophthalmological experiments?,0.5-1 kg,1.5-2.5 kg,5-7 kg,10-12 kg,B,A,Standard ophthalmological rabbit models typically use small laboratory rabbits weighing about 0.5–1 kg.,1.7917594692220549,False,True,6
51,"In plasmodium vivax malaria, relapse is caused by:September 2012",Sporozoite,Schizont,Hypnozoite,Gamteocyte,C,C,Relapse in *Plasmodium vivax* is due to dormant liver-stage hypnozoites that reactivate later to cause recurrent malaria.,1.7917594692220549,True,False,6
52,Retraction of mandible is achieved by:,Lateral pterygoid,Temporalis,Medial pterygoid,Masseter,B,C,Retraction of the mandible (pulling it backward) is primarily produced by the medial pterygoid.,1.7917594692220549,False,True,6
53,How is modified shock index represented as?,HR/MAP,MAP/HR,HR/SBP,HR/DBP,A,C,"Modified shock index is calculated as heart rate (HR) divided by systolic blood pressure (SBP), i.e., HR/SBP.",1.24245332489,False,True,6
54,"A 3 week neonate with ambiguous genitalia presented with Na+ 127 meq/L, K+ 7.2 meq/L wit BP 52/24 mm Hg and he was managed with IV fluids. What is the next step of management?",Spironolactone,Hydrocoisone administration,Broad spectrum antibiotics,Calcium gluconate,B,B,"Ambiguous genitalia with hyponatremia, hyperkalemia, and hypotension indicates salt-wasting CAH/adrenal crisis, so immediate hydrocortisone administration is the next step.",1.7917594692220549,True,False,6
55,Base pairs in DNA,1.5 billion,46 billions,3.2 billion,100 billion,C,C,The human genome contains approximately 3.2 billion (≈3.2 × 10⁹) DNA base pairs.,1.7917594692220549,True,False,6
56,Which of the following is a solid solution?,Amalgam,Cobalt-chromium,Silver-palladium,Gallium-silver,C,B,Cobalt–chromium forms a homogeneous single-phase solid solution where one component dissolves into the other in the solid state.,1.7917594692220549,False,True,6
57,Tracheal secretions should be suctioned for:,10-15 seconds,60 seconds,30 seconds,3 minutes,A,A,Suction the trachea for only 10–15 seconds to minimize hypoxia and avoid trauma to the tracheal mucosa.,1.7917594692220549,True,False,6
58,"A patient presents with carcinoma of the larynx involving the left false cords, left arytenoid and the left aryepiglottic folds with bilateral mobile true cords. Treatment of choice is -",Vertical hemilaryngectomy,Horizontal partial hemilaryngectomy,Total laryngectomy,Radiotherapy followed by chemotherapy,A,B,"Horizontal partial (supraglottic/lateral) hemilaryngectomy is indicated because the tumor is limited to the left false cord/arytenoid/aryepiglottic fold with bilateral mobile true cords, allowing adequate resection with voice preservation.",1.7917594692220549,False,True,6
59,Which of the following lipoproteins does not move towards charged end in electrophoresis?,VLDL,LDL,HDL,Chylomicrons,D,D,"Chylomicrons are very large and relatively insoluble and typically remain near the origin rather than migrating toward the charged (anodal) end, unlike VLDL, LDL, and HDL.",1.7917594692220549,True,False,6
60,"A 60 years old male presented with fever, chills and dysuria. Patient was hospitalized in emergency for 5 days. PSA level was 7.4. Next best step in this patient:",Repeat PSA,TURP,TRUS guided biopsy,Antibiotics and admit,D,D,"Fever, chills, and dysuria with elevated PSA suggest acute bacterial prostatitis/UTI with systemic involvement, so the next step is prompt antibiotics and hospital admission rather than repeat PSA, TURP, or biopsy.",1.7917594692220549,True,False,6
61,Name the structure marked with arrow,Mitochondria,Golgi bodies,Secretory vesicles,Rough Endoplasmic reticulum,C,C,"Secretory vesicles are small, round, membrane-bound sacs that typically bud from the Golgi apparatus and carry secreted materials.",1.7917594692220549,True,False,6
62,"A patient from,nqh-eastern states was diagnosed to have infection with P. falciparum malaria. What is the most appropriate drug for this patient?",Aemether plus lumefantrine,Sulfadoxine plus pyrimethamine,Chloroquine,Mefloquine,A,A,Artemether + lumefantrine is the recommended first-line ACT for uncomplicated *P. falciparum* malaria in drug-resistant regions (including much of northeastern India).,1.7917594692220549,True,False,6
63,"Iron is present in all, EXCEPT",Myoglobin,Cytochrome,Catalase,Pyruvate kinase,D,D,"Pyruvate kinase is a cytosolic glycolytic enzyme that does not contain iron as a prosthetic group, unlike myoglobin, cytochromes, and catalase which are heme/iron-containing proteins.",1.7917594692220549,True,False,6
64,The most common bone tumor that occurs in children is:,Osteosarcoma,Ewing's sarcoma,Metastatic carcinoma,Multiple myeloma,A,B,Ewing’s sarcoma is the most common primary malignant bone tumor in children and adolescents.,1.24245332489,False,True,6
65,"In a couple for treatment of infeility from the last four years, female paner is normal. Male paner has 0.8 ml semen volume per ejaculate on two repeated samples and absent fructose, with no sperms on examination under microscope. What is the next line of management?",Per-rectal examination to check ejaculatory duct obstruction,Give antioxidants,Testicular biopsy,Transrectal ultrasound to detect duct obstruction,D,D,"Very low semen volume with absent fructose and azoospermia suggests seminal vesicle/ejaculatory duct obstruction, and the next step is TRUS to localize duct obstruction.",1.7917594692220549,True,False,6
66,The zygomatic bone does not articulate with:,Frontal bone,Maxillary bone,Nasal bone,Temporal bone,C,D,"The zygomatic bone articulates with the frontal, maxillary, and nasal bones, but it does not directly articulate with the temporal bone.",1.5607104090364066,False,True,6
67,Which of the following statements is true regarding medical aboion?,Ultrasound should be done in all cases,"If the patient has an IUCD in-situ, it doesn't need to be removed",Can only be done up to 72 days,Only a person ceified under MTP act can perform medical termination of pregnancy,D,B,IUCD in-situ does not automatically require removal for medical abortion in all cases; removal is based on clinical judgement and circumstances rather than being an absolute rule.,1.7917594692220549,False,True,6
68,Calcium ions triggers muscle contraction by binding to:,Actin,Myosin,Troponin,Tropomyosin,C,C,"Ca²⁺ binds to troponin (troponin C), causing a conformational change that shifts tropomyosin to expose actin binding sites for myosin.",1.7917594692220549,True,False,6
69,"SD plasma destroys lipid enveloped virus. On SD plasma transfusion, which of the following infection is the likely possibility?",HIV,HAV,HBV,HCV,B,B,"S/D plasma inactivates enveloped viruses, so the non‑enveloped virus most likely to persist/transmit is HAV.",1.7917594692220549,True,False,6
70,"According to the intelligence quotient classification, a score of 90-110 is:",Low average.,Average,Superior,Mentally retarded.,B,B,An IQ score of 90–110 falls within the “average” range on the standard IQ classification scale.,1.5607104090364066,True,False,6
71,"Due to which of the following enzyme deficiency, vitamin C cannot be synthesised in humans?",L-Glucuronic acid oxidase,L-Gulonic acid reductase,L-Gulonolactone oxidase,L-Gulonolactone reductase,C,B,"L-Gulonic acid reductase is required for the final conversion of L-gulonic acid to ascorbic acid, so its deficiency prevents vitamin C synthesis in humans.",1.7917594692220549,False,True,6
72,In a patient of heart disease antibiotic prophylaxis for dental extraction is:,Amoxicillin.,Imipenem.,Gentamicin.,Erythromycin.,A,A,Amoxicillin is the standard first-line antibiotic prophylaxis for dental extraction in patients with selected heart diseases at risk of infective endocarditis.,1.7917594692220549,True,False,6
73,"Which of the following type of failure may occur, if the coefficient of thermal expansion of ceramic is much lower than that of metal?",Cohesive failure of ceramic,Adhesive failure of metal ceramic bond,Cohesive failure of metal,Cohesive failure of metal ceramic bond,B,B,A large CTE mismatch between ceramic and metal during heating/cooling generates interfacial thermal stresses that typically cause the metal–ceramic bond to debond (adhesive failure).,1.7917594692220549,True,False,6
74,Anti monsoon curve seen in :,Premolar,Molar,Anterior,All of the above.,D,D,Anti-monsoon curve is the curvature of the cervical line and can be seen in anterior teeth as well as premolars and molars.,1.7917594692220549,True,False,6
75,"A 10 years old child has lytic lesions in upper femur, the differential diagnosis can be all except :",Plasmacytoma,Browns tumour,Metastasis,Histiocytosis,A,C,"In a 10-year-old with lytic femoral lesions, metastasis is less likely than the classic pediatric causes (Browns tumor, histiocytosis, and plasmacytoma).",1.7917594692220549,False,True,6
76,During periradicular surgery bone is removed with?,Round burr,Double inverted cone burr,Fissure burr,Taper Burr,A,C,"In periradicular surgery (apicoectomy), a fissure (tapered/straight) burr is used to remove the bone around the root apex by creating a controlled bony window.",1.7917594692220549,False,True,6
77,The primary function of the dental pulp is:,Nutritive,Production of dentin,Production of enamel,Vascular supply to the teeth,B,A,Dental pulp’s primary function is nutritive—supplying nutrients and maintaining tooth vitality via its blood supply and connective tissue.,1.7917594692220549,False,True,6
78,Which of the following increases callus formation:,Rigid immobilization,Movement at fracture site,Compression plating,Intraosseous nailing,B,A,"Rigid immobilization provides stability at the fracture site, which promotes callus formation during secondary bone healing.",1.7917594692220549,False,True,6
79,Child of Vasanthi was weaned from breast milk on the 5th day and was given sugarcane juice the child developed hypoglycemia and hepatomegaly biochemical examination showed hypophosphatemia and enzyme deficiencies–reducing substances in urine. The child is probably suffering from which of the following enzyme deficiencies –,Fructokinase,Aldolase B,Glucose 6 Phosphatase,Beta galactosidase,B,B,"Sugarcane juice (fructose) in a child causing hypoglycemia, hepatomegaly, hypophosphatemia, and reducing substances in urine indicates hereditary fructose intolerance due to **aldolase B deficiency**.",1.5607104090364066,True,False,6
80,Skeletal muscles,Contracts when calcium is taken up by sarcoplasmic reticulum,Contracts when actin and myosin filaments shorten,Contraction is initiated by calcium binding to troponin,Contraction is initiated by calcium binding to tropomyosin,C,C,"Contraction is initiated when Ca²⁺ binds troponin (troponin C), shifting tropomyosin to expose actin binding sites for myosin.",1.7917594692220549,True,False,6
81,Which of the following is most effective for gluconeogenesis in starvation?,Acetyl Co-A stimulation of pyruvate carboxylase,"Fructose-1, 6-biphosphate stimulation of phosphofructokinase-1",Citrate stimulation of acetyl carboxylase,"Fructose-2, 6-biphosphate stimulation of phosphofructokinase-2",A,A,"In starvation, low insulin/high glucagon increase pyruvate carboxylase activity via acetyl‑CoA, promoting pyruvate → oxaloacetate for gluconeogenesis.",1.7917594692220549,True,False,6
82,Which is not involved in iron metabolism?,Transthyretin,Ceruloplasmin,Hepcidin,Ferropoin,A,B,Ceruloplasmin is primarily a copper-carrying protein (with ferroxidase activity) and is not a key regulator/participant in systemic iron metabolism compared with hepcidin–ferroportin.,1.7917594692220549,False,True,6
83,A 14 year girl presented with absent thelarche.On examination uterus was present. Investigations showed high FSH. karyotype is XY.What is the probable diagnosis?,Gonadal dysgenesis,Kallman syndrome,Androgen insensitivity syndrome,Adrenal hyperplasia,A,A,"Absent thelarche with a present uterus plus high FSH in a 46,XY patient indicates primary gonadal failure (streak gonads) consistent with gonadal dysgenesis.",1.7917594692220549,True,False,6
84,Reciprocal arm taper in,1 dimension,2 dimension,3 dimension,Not tapered,A,B,"Reciprocal arm taper involves tapering in two dimensions (e.g., changes in both height and width), not just one or three.",1.7917594692220549,False,True,6
85,Bluegrass appliance is used to treat:,Thumb sucking.,Tongue thrusting.,Both,Mouth breathing.,C,C,The Bluegrass appliance uses an anterior crib to discourage both thumb sucking and tongue thrusting by acting as a physical barrier.,1.7917594692220549,True,False,6
86,On a primary 2nd molar caries occur most commonly on,Occlusal pit and fissures,Proximal caries below contact point,Buccal surface,Promixal caries above contact point,A,B,Proximal caries on primary second molars most commonly begins just **below the contact point** where plaque and food debris stagnate.,1.7917594692220549,False,True,6
87,Waldeyer's lymphatic chain is formed by all except,Palatine tonsils,Pharyngeal tonsils,Tubal and lingual tonsils,Post auricular nodes,D,D,"Waldeyer’s ring includes the pharyngeal, palatine, tubal, and lingual tonsils, while post-auricular nodes are not part of it.",1.7917594692220549,True,False,6
88,"Polydactyly, craniosynostosis, Late closure of fontanelles is a feature of:",Apert's syndrome,Crouton's syndrome,Pierre robin syndrome,Down' syndrome,A,A,"Apert’s syndrome classically presents with craniosynostosis along with polydactyly and delayed/abnormal fontanel closure, unlike the other listed syndromes.",1.7917594692220549,True,False,6
89,Physiological changes seen in laparoscopy include all except:,Increased ICP,Decreased FRC,Increased CVP,Increased pH,D,A,"Increased ICP is not a typical physiological change expected during routine laparoscopy, whereas pneumoperitoneum commonly decreases FRC, increases CVP, and can increase pH (e.g., via ventilation-related CO₂ changes).",1.7917594692220549,False,True,6
90,Which of the following nerve fibre types is least susceptible to LA blockade?,A beta,A alpha,B fibers,C fibers,B,A,"Aβ fibers are large, myelinated fibers and are therefore the least susceptible to local anesthetic blockade compared with smaller C and A-delta fibers.",1.7917594692220549,False,True,6
91,"A child born with multiple congenital defect including cleft palate, neural tube defect, atrial septal defect and microcephaly which of the following drug is used by mother during pregnancy:",Erythromycin,Isotretinoin,Ibuprofen,Metronidazole,B,B,"Isotretinoin is a strongly teratogenic retinoid that can cause multiple congenital anomalies including neural tube defects, cleft palate, and microcephaly.",1.7917594692220549,True,False,6
92,Incorporation of peripheral seal in an impression is necessary to obtain;,Stability,Functionally moulded periphery,Harmonious occlusion,Posterior palatal seal,B,B,"Incorporating a peripheral seal in the impression records the border tissues accurately during functional movements, producing a functionally moulded periphery for proper denture seal and retention.",1.7917594692220549,True,False,6
93,Increase in height of mandible with increase in interdental spaces in elderly man,Hyperpituitarism,Hyperthyroidism,Hypopituitarism,Hyperparathyroidism,A,D,"Hyperparathyroidism increases osteoclastic bone resorption, causing jaw bone loss with subperiosteal resorption and widening of interdental spaces, leading to increased mandibular height.",1.7917594692220549,False,True,6
94,A patient has seasonal allergic rhinitis and is on terfenadine. He develops cardiac arrhythmias after a course of antibiotics. Which of the following antibiotic could have been given:,Ampicillin,Tetracycline,Erythromycin,Co-trimoxazole,C,C,"Erythromycin inhibits CYP3A4, increasing terfenadine levels and markedly raising the risk of QT prolongation and arrhythmias.",1.7917594692220549,True,False,6
95,Modulus of elasticity means:,Rigidity or stiffness of the material,Ability to be stretched with permanent deformation,Ductility of a material,Malleability of the metal,A,A,Modulus of elasticity (Young’s modulus) measures a material’s stiffness—its resistance to elastic (recoverable) deformation under load.,1.5607104090364066,True,False,6
96,Vwf factor is produced by:,Platelets,Endothelial cells,Neutrophils,Monocytes,B,B,von Willebrand factor is synthesized primarily by vascular endothelial cells (also by megakaryocytes) and mediates platelet adhesion to damaged endothelium.,1.7917594692220549,True,False,6
97,Which of the following statement is false statement about snake-bites?,Anti-venom is not effective in humpnosed pit viper bite,Cobra venom is neurotoxic,Atropine premedication should be used before administering Neostigmine,Neostigmine has a role in krait bite.,D,C,Atropine is not given as “premedication before” Neostigmine; it is co-administered with Neostigmine to prevent its muscarinic side effects.,1.7917594692220549,False,True,6
98,A prosthetic appliance given to cover the palatal defect in patients with cleft palate is called,Artificial velum,Obturator,Removable prosthetic appliance,None of the above,B,B,"An obturator is a prosthetic appliance used to close (obturate) a palatal defect, commonly in cleft palate patients.",1.5607104090364066,True,False,6
99,Biofilm forming bacteria causes antimicrobial resist-ance by all of the following except:,Mechanical barrier,Increased excretion of antibiotics,Altered metabolism,Adherence,D,B,"Biofilm-associated antimicrobial resistance is mainly due to physical barrier effects, altered metabolic state, and adherence/persistence—not increased excretion of antibiotics.",1.7917594692220549,False,True,6
100,Which of these drugs is an antidote for fibrinolytic therapy?,Epsilon aminocaproic acid,Protamine,Heparin,Streptokinase,A,A,"Epsilon aminocaproic acid is an antifibrinolytic that inhibits plasmin formation, counteracting fibrinolytic therapy.",1.5607104090364066,True,False,6
101,Which facial bone is most prone to fracture?,Mandible,Nasal,Zygoma,Frontal,B,A,"The mandible is most prone to fracture due to its prominent, exposed position and frequent direct trauma (e.g., falls, assaults, road traffic accidents).",1.7917594692220549,False,True,6
102,"To check objective pain response, which is best used method",Facial pain scale,Knee jerk reflex,H - Reflex,R III Reflex,A,B,"Knee jerk (patellar) reflex is an objective, involuntary neurologic response that can be measured to assess reflex-mediated pain response.",1.7917594692220549,False,True,6
103,"A one year old child, who is earlier normal, is suffering from copious nasal discharge, coarse facial features, large tongue, bulging head and flattened nose. He is also having enlarged spleen and liver. What may be the cause?",Hypothyroidism,Beckwith widman syndrome,Proteus syndrome,Hurler syndrome,D,A,"Congenital hypothyroidism (cretinism) causes coarse facies, macroglossia, bulging head from open sutures, flattened nasal bridge, and hepatosplenomegaly.",1.7917594692220549,False,True,6
104,The resolution of IOPA is about:,10 Lp/mm,16 Lp/mm,28 Lp/mm,30 Lp/mm,B,C,"IOPA (intraoral periapical radiograph) has high spatial resolution, commonly cited at about ~28 line pairs/mm.",1.7917594692220549,False,True,6
105,A patient diagnosed with carcinoma of lung presented with a serum calcium level of 16.4 mmol/L. What will be the first step in management?,IV fluids and furosemide,Immediate hemodialysis,Bisphosphonates,Chemotherapy with gemcitabine and carboplatin,A,A,"Life-threatening hypercalcemia requires immediate IV volume expansion with normal saline, with loop diuretics (furosemide) added to increase urinary calcium excretion after rehydration.",1.7917594692220549,True,False,6
106,The following test may be abnormal in disseminated intravascular coagulation except:,Prothrombin,Activated partial thromboplastin time,D-timer levels,Clot solubility.,D,A,"In DIC, PT (prothrombin time) and aPTT are typically prolonged and D-dimer is elevated, so “prothrombin” is not the characteristic “except” finding among the options.",1.7917594692220549,False,True,6
107,In Xerostomia the salivary pH is:,Unaffected,Low,High,increased in morning & decreases in day,B,B,"In xerostomia, reduced salivary flow lowers buffering capacity, resulting in a **lower (more acidic) salivary pH**.",1.7917594692220549,True,False,6
108,Which of the following is not true about stamp cusp?,Maintain vertical height of face,Facial incline might contact in MI,Sharp cusps and prominent ridges are present,Not recalled,C,D,"“Not recalled” is not a factual statement about stamp cusps, whereas the other options describe true characteristics (vertical height maintenance, possible facial incline contact in MI, and sharp cusps with prominent ridges).",1.7917594692220549,False,True,6
109,Sugar restricted to diet was beneficial in presence of unfavorable hygiene was from which study?,Hopewood,Experimental,Vipeholm,Turku,A,C,"The **Vipeholm study** showed that with **unfavorable (poor) oral hygiene**, sugar restricted to the diet was not protective and could be associated with increased caries, demonstrating sugar’s cariogenic effect under low hygiene conditions.",1.7917594692220549,False,True,6
110,"Alginate at 20 degrees, the gel is formed in",3-4 mins.,6-8 mins.,15-16 mins.,1-2 min.,A,B,"At ~20°C, sodium alginate cross-linking with calcium ions typically forms a gel in about 6–8 minutes.",1.7917594692220549,False,True,6
111,Most common tumor of lacrimal gland:,Trans-scaphoid perilunate fracture,Scaphoid fracture,Distal radius fracture,Hamate fracture,D,X,"The most common lacrimal gland tumor is pleomorphic adenoma, and none of the provided fracture options (A–D) match a lacrimal gland tumor.",1.7917594692220549,False,False,6
112,Percentage of carbon in carbon steel hand instruments is,1-1.2%,10-12%,0.6 to 0.8%,6 to 8%,A,A,"Carbon steel used for hand instruments typically contains about 0.6–1.2% carbon, making 1–1.2% the closest option.",1.7917594692220549,True,False,6
113,"Topical administration of I% Pilocarpine failed to produce pupillary constriction in a patient who had a large, dilated pupil What should be the most probable reason?",Adie's tonic pupil,Diabetic III nerve palsy,Pharmacological blockade,Uncal herniation,C,C,"Failure of 1% pilocarpine to constrict a dilated pupil most strongly suggests pharmacologic blockade of muscarinic receptors, preventing the parasympathetic response.",1.7917594692220549,True,False,6
114,Pregnancy gingivitis is caused by:,Bacteriodes melaninogenicus,Actinobacillus actinomycetemcomitans,Streptococcus sanguis,Fusobacterium,A,C,"Pregnancy gingivitis is classically associated with increased plaque-induced inflammation where viridans group streptococci, especially *Streptococcus sanguis*, are implicated.",1.7917594692220549,False,True,6
115,Artery palpable at the anterior border of the masseter is :,Superficial temporal artery,Facial artery,Lingual artery,Maxillary artery,B,A,"The superficial temporal artery ascends over the anterior part of the ear and runs near the anterior border of the masseter, making it the artery typically palpable there.",1.7917594692220549,False,True,6
116,In DIC following are seen except,Fibrinogen decreased,Thrombocytopenia,Normal APTT,PT elevation,C,C,"In DIC, both PT and APTT are typically prolonged due to consumption of clotting factors, so a normal APTT is not expected.",1.24245332489,True,False,6
117,Absorption of which of the following drugs is increased after a fatty meal?,Amphotericin B,Griseofulvin,Ampicillin,Aspirin,B,B,"Fatty meals increase absorption of **griseofulvin** by enhancing its solubilization in bile/fat, improving uptake.",1.7917594692220549,True,False,6
118,What is the basis of behavior shaping:,Stimulus response theory,Social learning principle.,Hierarchy of needs,None of the above.,A,B,Behavior shaping is based on social learning—modifying behavior through observing others and reinforcement (imitation/learning from models).,1.7917594692220549,False,True,6
119,Shortest root of maxillary 1st molar,Distobuccal,Mesiobuccal,Palatal,All are equal,A,B,"In the maxillary first molar, the mesiobuccal root is the shortest compared with the distobuccal and palatal roots.",1.5607104090364066,False,True,6
120,Malaria relapse common with which type plasmodium species?,Plasmodium malariae and vivax,Plasmodium falciparum and vivax,Plasmodium vivax and ovale,Plasmodium ovale and malariae,C,C,"Relapse is due to dormant liver hypnozoites, which are characteristic of **Plasmodium vivax** and **Plasmodium ovale**.",1.7917594692220549,True,False,6
121,"Which of the following constituents is common in occlusal sealants, bonding agents, composite resins?",BIS GMA,Polymethyl methacrylate,Benzoin methyl ether,Silica filter,A,A,"Bis-GMA is a common organic resin monomer used in occlusal sealants, bonding agents, and composite resins.",1.7917594692220549,True,False,6
122,Which primary tooth resemble premolar,Upper 1st molar,Lower 1st molar,Upper 2nd molar,Lower 2nd molar,A,C,The maxillary (upper) second primary molar has a crown form that most closely resembles a premolar compared with the other primary molars.,1.7917594692220549,False,True,6
123,"According to Transplantation of Human Organs Act, which of the following doctors is/are not authorized to declare brainstem death?",RMP incharge of the hospital,Treating physician,Neurosurgeon,Surgeon doing liver transplant,D,A,"Under THOTA, brainstem death must be declared only by an authorized team of specified qualified doctors, and an RMP-in-charge or the liver transplant surgeon is not among the eligible declaring doctors.",1.7917594692220549,False,True,6
124,Which of the following types of lipase is controlled by glucagon?,Lipoprotein lipase,Hormone-sensitive lipase,Gastric lipase,Pancreatic lipase,B,B,"Glucagon stimulates hormone-sensitive lipase in adipose tissue via cAMP/PKA, promoting lipolysis.",1.5607104090364066,True,False,6
125,In dentistry which sedatives are generally used:,Benzodiazepines,Morphine,NSAID,Pethidine,A,A,Benzodiazepines are commonly used in dentistry for sedation to reduce anxiety and provide mild-to-moderate sedation.,1.7917594692220549,True,False,6
126,In case of Fracture of mandible; alveolar border experiences which force,Tension,Compression,Torsion,Rotation,A,B,"In a fracture of the mandible, the alveolar border is subjected to compressive forces as occlusal and muscle forces tend to push the fractured segments toward each other.",1.7917594692220549,False,True,6
127,The hormone having the maximum effect on granulation wound healing is:,Thyroxine,Cortisone,Parathormone,Epinephrine,B,B,Cortisone (glucocorticoids) has the maximum effect on granulation tissue formation and thus promotes wound healing among the listed options.,1.7917594692220549,True,False,6
128,The clot formed is not stable unless extensive cross-linking occurs. This extensive cross-linking of blood clot is done by:,Plasmin,Thrombin,HMWK,Factor XIII,D,D,"Factor XIII is activated by thrombin to Factor XIIIa, which extensively cross-links fibrin strands to form a stable, insoluble clot.",1.7917594692220549,True,False,6
129,Pre-carve burnishing is useful for all except:,Bring further excess mercury to surface,Increase surface hardness,Decrease number and size of voids,Marginal adaptation,B,D,"Pre-carve burnishing primarily helps in removing excess mercury, increasing surface hardness, and reducing voids, but it is not mainly intended to improve marginal adaptation.",1.7917594692220549,False,True,6
130,"A neonate is being investigated for jaundice. A liver biopsy shows features of a ""Giant Cell/Neonatal hepatitis"". Which one of the following conditions usually results in this case –",Congenital hepatic fibrosis,Hemochromatosis,Alpha–1–antitrypsin deficiency,Glycogen storage disease Type 1,C,C,Giant cell (neonatal) hepatitis is classically due to alpha‑1 antitrypsin deficiency with intracellular accumulation of misfolded A1AT in hepatocytes.,1.5607104090364066,True,False,6
131,Ammonia from brain is removed as:,Urea,Alanine,Glutamate,Glutamine,D,D,"In the brain, excess ammonia is detoxified mainly by converting it to glutamine via glutamine synthetase.",1.7917594692220549,True,False,6
132,Use of lithium during pregnancy increases the risk of development of which of the following malformations in the baby?,Facial defects,Cardiac defects,Neural tube defects,Urogenital defects,B,B,"Lithium during pregnancy increases the risk of congenital cardiac malformations, classically Ebstein anomaly.",1.7917594692220549,True,False,6
133,Most common presentation of abdominal desmoids tumor is?,Abdominal pain,Abdominal mass,Fever,Urinary retention,B,B,"Abdominal desmoid tumors most commonly present as a slowly growing, firm intra-abdominal mass.",1.7917594692220549,True,False,6
134,Noise induced hearing toss inosto affects:,Inner hair cell,Outer hair cell,Macula,Cupula,B,B,"Noise-induced hearing loss primarily damages the cochlear outer hair cells, which normally amplify sound vibrations and are highly susceptible to loud noise.",1.7917594692220549,True,False,6
135,Replacing amino acid will not change its functions,Glutamine to Asparagine,Aspaate and Glutamate,Alanine to tryptophan,None of these,A,A,"Glutamine→asparagine is a conservative substitution (both are polar, uncharged amide amino acids) so it typically preserves protein function.",1.7917594692220549,True,False,6
136,"A 75 year old chronic smoker who is diabetic and edentulous for the last 30 years has a bilateral body fracture, best treatment modality is",ORIF with reconstruction plate,Gunning splints,Two mini plates,Wire osteosynthesis,B,A,"In an edentulous, atrophic mandible with bilateral fractures, rigid fixation is needed for stability and union, making ORIF with a reconstruction plate the best option.",1.7917594692220549,False,True,6
137,"Which of the following is used as, surface hardener in Impression material?",2% potassium sulfate,0.2% potassium sulfate,2% sodium sulfate,4% potassium sulfate,A,B,0.2% potassium sulfate is used as a surface hardener in impression materials to improve surface strength and reduce tackiness.,1.7917594692220549,False,True,6
138,A 59-year-old female presents with gingival condition punched out crater-like depression covered with membrane which can be pulled off painlessly?,Diphtheritic lesion,Acute herpetic gingivostomatitis,ANUG,Syphilitic lesion,C,C,ANUG causes punched-out crater-like gingival ulcers covered by a gray pseudomembrane that can be removed relatively painlessly.,1.7917594692220549,True,False,6
139,Visual cortex is present in the:,Occipital lobe,Temporal lobe,Frontal lobe,Parietal lobe,A,A,"The primary visual cortex (V1, Brodmann area 17) is located in the calcarine cortex of the occipital lobe around the calcarine sulcus.",1.7917594692220549,True,False,6
140,Bartholins duct is the name of :,Parotid duct,Submandibular gland,Sublingual duct,Lacrimal duct,C,X,"Bartholin’s duct is the duct of the Bartholin’s (greater vestibular) gland, which is not listed in the options; therefore none of A–D correctly matches.",1.7917594692220549,False,False,6
141,Which of the following exists as yeast at 37deg and hyphae at 25deg?,Histoplasma capsulatum,Sporothrix globosa,Candida albicans,Cryptococcus neoformans,A,A,Histoplasma capsulatum is dimorphic—yeast at 37°C and hyphae at 25°C.,1.7917594692220549,True,False,6
142,Pulsatile varicose veins in lower limbs is seen in –,Klippel trenaunay syndrome,TR,RV failure,Carcinoid stenosis of tricuspid,A,A,"Pulsatile varicose veins in the lower limb are classically due to an AV (high-flow) malformation, which is seen in Klippel–Trénaunay syndrome.",1.7917594692220549,True,False,6
143,"The number of dental caries cases reported during last 10 years are given below 250, 320, 190, 300, 5000, 100, 260, 350, 320 and 160. The epidemiologist wants to find out average number of caries cases reported in that town for last 10 yrs. The most appropriate average per this data will be",Arithmetic mean,Mode,Median,Geometric mean,C,A,"For quantitative count data, the appropriate measure of the “average number of cases over 10 years” is the arithmetic mean.",1.7917594692220549,False,True,6
144,The most common bone cancer is:,Osteosarcoma,Metastatic bone cancer,Multiple myelonia,Squamous cell carcinoma,B,B,"Metastatic bone cancer is the most common cause of malignant bone lesions because most cases in the skeleton are spread from primary cancers elsewhere (e.g., breast, prostate, lung, kidney).",1.5607104090364066,True,False,6
145,Which is the ligand for receptors present in liver for uptake of LDL?,Apo B-100,Apo B-48,Apo E and Apo B-100,Apo A-I,A,C,"Hepatocyte LDL receptor–mediated uptake recognizes Apo B-100 on LDL, and Apo E is also used for receptor-mediated clearance of remnant lipoproteins in the liver.",1.7917594692220549,False,True,6
146,Amyloid protein in Hemodialysis associated with amyloidosis is-,AA,A b,b- 2 microglobulin,Transthyretin,C,C,"Hemodialysis-associated amyloidosis is mainly due to deposition of β2-microglobulin, which accumulates because it is not adequately cleared by older dialysis membranes.",1.7917594692220549,True,False,6
147,Teeth that erupt in 30 days of birth,Neonatal teeth,Natal teeth,Premature teeth,None,A,B,Natal teeth are present at birth or erupt within the first 30 days after birth.,1.5607104090364066,False,True,6
148,Arrange the following in the sequence of closure :,Umbilical Aery,Umbilical Vein,Ductus venosus and Foramen ovale,All,D,D,"After birth, closure occurs in sequence involving the umbilical arteries, umbilical vein, and the ductus venosus with foramen ovale, so all listed options are included.",1.7917594692220549,True,False,6
149,"Drug adveisement letter is a necessary component of each drug formulation and contains various information about the drug like drug dosing, frequency and half-life. Which of the following information need not be given in the drug adveisement letter?",Research papers and other aicles proving efficacy of the drug,Date of expiry of the drug,"Rare, but serious life threatening adverse-effects","Common, not so serious adverse-effects",B,A,"Drug advertisement/labeling must include safety and dosing-related information (e.g., expiry date and adverse effects) but does not require citing research papers proving efficacy.",1.7917594692220549,False,True,6
150,"In a patient with fresh blow out fracture of the orbit, best immediate management is",Wait & watch,Antral pack,Titanium Mesh,Glass bead mesh,A,B,"In a fresh blow-out fracture, an antral/orbital pack is the best immediate step to support the fractured floor/medial wall and prevent ongoing herniation while swelling settles.",1.7917594692220549,False,True,6
151,Which of the following drugs can be stopped abruptly without any withdrawal symptoms?,Esctilaopram,Fluoxetine,Fluvoxamine,Seraline,B,B,"Fluoxetine can usually be stopped abruptly with minimal withdrawal risk due to its long half-life and active metabolite, unlike the other SSRIs listed which more commonly cause discontinuation symptoms.",1.7917594692220549,True,False,6
152,Keyhole-shaped visual field defect is seen in lesion involving which of the following regions?,Optic disk,Optic chiasma,Lateral geniculate body,Occipital lobe,C,B,Keyhole-shaped (bitemporal) visual field defects occur with lesions of the optic chiasma compressing the crossing nasal retinal fibers.,1.7917594692220549,False,True,6
153,The soft tissue tooth interface that forms after flap surgery in a previously denuded area is,Long junctional epithelium,Collagen adhesion,Scar tissue attachment,Connective tissue attachment,A,A,"After flap surgery over a denuded root, the new soft tissue interface typically forms a long junctional epithelium (long epithelial attachment) rather than a true connective tissue attachment.",1.7917594692220549,True,False,6
154,The test done for a statistically significant change in cholesterol values in a group of patients following an interventional programme is:,Chi square test,"Paired ""t"" test","Unpaired ""t"" test",Fisher test,B,B,Paired “t” test is used to detect a statistically significant change in cholesterol within the same patients by comparing before vs after (paired) measurements.,1.7917594692220549,True,False,6
155,Mw vaccine is prepared from:,Mycobacterium bovis,Mycobacterium indicus pranii,Mycobacterium welchii,Mycobacterium tuberculosis,B,B,Mw vaccine is prepared from *Mycobacterium indicus pranii*.,1.7917594692220549,True,False,6
156,Guiding planes are:,Located adjacent to the edentulous area,Located far anterior to the edentulous area,Helps in the stability of the denture,Provides a different path of insertion and removal,A,A,Guiding planes are placed on teeth adjacent to the edentulous area to improve denture stability and to control the path of insertion and removal.,1.7917594692220549,True,False,6
157,Reflex which never disappear:,Walking and stepping reflex,Limb placement reflex,Parachute reflex,All of the above,D,D,"Walking/stepping, limb placement, and parachute are primitive reflexes that are normally present in infancy and may persist or reappear in some contexts, so the correct option is “All of the above.”",1.7917594692220549,True,False,6
158,Vitamin D toxicity is treated with,Chloroquine,Hydroxycholoquine,Dexamethasone,Ketoconazole,C,D,"Ketoconazole inhibits CYP450 enzymes involved in vitamin D activation, reducing conversion to active vitamin D and thereby treating toxicity.",1.7917594692220549,False,True,6
159,Which of the following is not the component of qSOFA?,Respiratory rate >22/min,Systolic BP<100 mmHg,Altered mental status,Unequally dilated pupils,D,D,"qSOFA includes respiratory rate >22/min, systolic BP <100 mmHg, and altered mental status; unequally dilated pupils are not a qSOFA component.",1.5607104090364066,True,False,6
160,How much hone can be stretched at a time before it fractures:,1%,2%,6%,8%,B,C,"Orthodontic elastic/hone materials typically fracture or lose integrity beyond the elastic limit, which is around ~6% stretch.",1.7917594692220549,False,True,6
161,Tonsils developed from:,Ventral part of 3rd pouch.,Ventral part of 2nd pouch.,Dorsal part of 2nd pouch.,Ventral part of 3rd pouch.,B,B,"The palatine tonsil develops from the endodermal epithelium of the 2nd pharyngeal (pharyngeal) pouch, specifically its ventral part.",1.7917594692220549,True,False,6
162,Gutta Percha can effectively be sterilized by?,Hot salt sterilizer,Chemical solutions,Autoclaving,Dry heat,B,B,"Gutta-percha is heat-softening (so autoclaving/dry heat are unsuitable), and it is effectively sterilized using chemical disinfectant solutions.",1.7917594692220549,True,False,6
163,Which of these conditions  does not require SABE prophylaxis,MR,ASD,MS,CABG,D,B,"SABE prophylaxis is generally not routinely indicated for an uncomplicated ASD, unlike higher-risk valvular/prosthetic scenarios (e.g., MR/MS or post-CABG with prosthetic material).",1.7917594692220549,False,True,6
164,Motor supply of infrahyoid muscle is:,Branches of cervical plexus,Vagus nerve,Glossopharyngeal nerve,Mandibular nerve,A,A,"Infrahyoid muscles (except thyrohyoid) are supplied by the ansa cervicalis, which arises from roots of the cervical plexus (C1–C3).",1.7917594692220549,True,False,6
165,This direction of force can cause:,Reduce overbite,Worsen open bite,Both,None,C,X,"The question depends on the specific direction of force, but no diagram or description is provided to determine whether it reduces overbite, worsens open bite, or does both.",1.7917594692220549,False,False,6
166,Cystinuria is characterised by –,Generalised aminoaciduria,Systemic acidosis,Deposition of cystine crystals in Renal tubular cells,Recurrent urinary caliculi,D,C,"Cystinuria results from defective cystine reabsorption in renal tubules, causing cystine to crystallize and deposit in the renal tubular cells.",1.7917594692220549,False,True,6
167,"Patient with PPF transfusion complaint of breathing difficulty, tachycardic, tachypnia, Had Batwing sign present in X-ray. What will be the possible reason?",Transfusion related lung injury,Due to overload of PPF,Acute renal tubular acidosis,Hemoglobinuria,B,A,TRALI is a transfusion-related non-cardiogenic pulmonary edema causing acute respiratory distress with tachypnea/tachycardia and bilateral “bat-wing” perihilar infiltrates on chest X-ray.,1.7917594692220549,False,True,6
168,Which of these is not a theory of TMJ ankylosis?,Calcification in the soft tissues around the joint space,Synovial fluid attracting calcium ions,Lateral displacement of fracture condyle with fusion  with zygomatic bone,Condylar burst,B,C,"C describes a specific fracture displacement/fusion with the zygomatic bone, which is not one of the classic general theories proposed for TMJ ankylosis (unlike calcification, synovial fluid–related calcium mechanisms, or condylar burst).",1.7917594692220549,False,True,6
169,Fingerprinting (FINDER) involves recording prints of 8 fingers. Which finger pair is excluded?,Ring finger,Thumb,Little finger,Middle finger,C,B,"In the FINDER fingerprinting method, the 8-finger set excludes the thumbs, so the thumb pair is not recorded.",1.7917594692220549,False,True,6
170,Impression compound is characterized by all the following except:,Warps at room temperature,Is a thermoset material,Shows increased flow when kneaded with water,Low coefficient of thermal conductivity,B,B,"Impression compound is a thermoplastic material that softens on heating and sets on cooling, so it is not a thermoset.",1.7917594692220549,True,False,6
171,"In Galactorrhoea--amenorrhea syndromes, which is the investigation you should advise (apa from serum prolactin)?",TSH,LH,hCG,Urinary ketosteroids,A,A,"Hypothyroidism can increase TRH, which raises prolactin levels in galactorrhea–amenorrhea, so TSH is the key additional investigation.",1.7917594692220549,True,False,6
172,What is common in class I cavity preparation for amalgam and gold inlay?,Buccolingually divergent walls,Mesiodistally divergent walls,Maximum depth is needed in both cases to provide sufficient thickness,All of the above,B,B,"In Class I preparations for both amalgam and gold inlays, the walls are commonly made slightly divergent mesiodistally to improve resistance and retention.",1.7917594692220549,True,False,6
173,Periodontal surgery is best performed,4 weeks after completion of the hygienic phase,8 weeks after the completion of the restorative phase,4 weeks before completion of occlusal adjustments,Immediately after the completion of the hygienic phase,A,A,Periodontal surgery is best done about 4 weeks after the hygienic (cause-removal) phase to allow healing and resolution of inflammation for better surgical outcomes.,1.7917594692220549,True,False,6
174,Endocrine glands that are not influenced by the pituitary gland include the:,"Thyroid gland, testes, and adrenal medulla","Adrenal medulla, parathyroids, and the islets of langerhans","Adrenal cortex, parathyroids and ovaries","Pancreas, adrenal medulla and thyroid gland",B,B,"Adrenal medulla, parathyroids, and islets of Langerhans are primarily regulated by the sympathetic nervous system and blood calcium/glucose levels rather than by pituitary hormones.",1.5607104090364066,True,False,6
175,Rooting reflex also known as search reflex disappears:,2 month,3 month,4 month,5 month,C,B,The rooting (search) reflex is present in early infancy and typically disappears by about 3 months of age.,1.7917594692220549,False,True,6
176,Migratory motor complexes in the gut reappear after intervals of:,60 minutes,90 minutes,120 minutes,150 minutes,B,C,"Migratory motor complexes (MMC) recur in the fasting state at intervals of about 90–120 minutes, classically taken as 120 minutes.",1.7917594692220549,False,True,6
177,IV ultrashort acting barbiturate:,Meprobamate,Pentobarbitone,Thiopentone,Phenobarbitone,C,C,Thiopentone is an ultra-short-acting IV barbiturate with rapid onset and brief duration.,1.7917594692220549,True,False,6
178,The component that sensitizes bacteria and virus to UV irradiation,Lipids,Carbohydrates,Inorganic salts,Nucleic acids,D,D,"UV irradiation primarily damages nucleic acids (DNA/RNA) by forming lesions like pyrimidine dimers, which sensitizes and inactivates bacteria and viruses.",1.7917594692220549,True,False,6
179,"All these are Included In active tissue engineering, except",Antigens fibroblasts,Bilayered cell therapy,Enamel matrix derivative,Acellular dermal matrix,D,A,"Active tissue engineering includes living cell-based therapy with scaffolds/biomaterials, whereas “antigen fibroblasts” is not a standard component/term used to define it.",1.7917594692220549,False,True,6
180,For which of the following is PPV-23 is most beneficial:,Cystic fibrosis patient,Sickle cell anemia patient,Patient with recurrent rhinitis and sinusitis,Child less than 2 years,B,C,"PPV-23 is most beneficial for patients at increased risk of invasive pneumococcal disease, including those with chronic respiratory conditions such as recurrent rhinitis and sinusitis.",1.7917594692220549,False,True,6
181,Characteristic histopathological feature of basal cell car cinoma is,Nuclear palisading,Keratin pearls,Psammoma bodies,Foam cells,A,A,Basal cell carcinoma characteristically shows peripheral tumor cell **nuclear palisading** along the basement membrane with stromal retraction.,1.7917594692220549,True,False,6
182,Most common mediastinal tumor:,Neurogenic tumor,Thymoma,Lymphoma,Bronchogenic cyst,A,C,"Lymphoma is the most common mediastinal tumor overall, frequently involving mediastinal lymph nodes (Hodgkin and non-Hodgkin).",1.7917594692220549,False,True,6
183,All are the branches of ECA that supply nasal septum except:,Anterior ethmoidal aery,Sphenopalatine aery,Facial aery,Superior labial aery,A,C,"Nasal septum is supplied by anterior ethmoidal and sphenopalatine (septal) branches, whereas the facial artery primarily supplies the lateral nasal wall and nose tip, not the septum.",1.7917594692220549,False,True,6
184,All of these are continuous variables except:,Height in cms,Weight in kg,Blood groups A. B. ABO,Age in years and months,C,C,"Height, weight, and age are quantitative measurements that vary continuously, whereas blood groups (ABO) are categorical qualitative classes.",1.7917594692220549,True,False,6
185,Which of the following type of tongue thrusting has the worst prognosis?,Simple,Complex,Retained infantile swallow,All of the above,C,B,"Complex tongue thrusting is linked to underlying orthodontic/skeletal or functional abnormalities, making it more persistent and harder to correct, hence the worst prognosis.",1.7917594692220549,False,True,6
186,CYP50 inhibition is least by:,Pantoprazole,Rabeprazole,Lansoprazole,Omeprazole,B,A,Pantoprazole is the least CYP2C19 (CYP450) inhibitor among the listed PPIs.,1.7917594692220549,False,True,6
187,Which of the following is a component of Pentalogy of Fallot –,Atrial septal Defect (ASD),Patent Ductus Arteriosus (PDA),Coarctation of Aorta (COA),Left Ventricular Hypertrophy (LVH),A,A,"Pentalogy of Fallot includes a ventricular septal defect, pulmonary stenosis, overriding aorta, right ventricular hypertrophy, and an atrial septal defect (classically a secundum ASD).",1.7917594692220549,True,False,6
188,The contractile element in a skeletal muscle is present in:,Sarcolemma,Sarcoplasm,Myofibril,Endomysium,C,C,"The contractile elements of skeletal muscle are the myofibrils, which contain sarcomeres made of actin and myosin.",1.24245332489,True,False,6
189,Cherry red spot and Hollenhorst plaque are seen in:,CRAO,CRVO,Branch RAO,Branch RVO,A,A,Cherry-red spot and Hollenhorst plaque are classic findings of central retinal artery occlusion (CRAO) due to retinal ischemia and an embolus lodged in the retinal artery.,1.7917594692220549,True,False,6
190,Optimal location for intra osseous anesthesia for mandibular second molars is,Distal to the molar,Mesial to the molar,In the furcation area,Apical perforation and injection,B,C,Intraosseous anesthesia for mandibular second molars is optimally deposited in the interradicular (furcation) area to allow better spread to the pulp via accessory/terminal nerve fibers and vascular pathways.,1.7917594692220549,False,True,6
191,Which statements is true regarding VENTOUSE :,Minor scalp abrasions and subgaleal hematomas in new born are more frequent than forceps,Can be applied when foetal head is above the level of ischial spine,Maternal trauma is more frequent than forceps,Can not be used when fetal head is not fully rotated,A,B,"Ventouse is indicated for **low fetal head station** (at/near the level of the ischial spines or lower), whereas “above the ischial spine” would not be appropriate.",1.7917594692220549,False,True,6
192,"After cleaning and pumicing the tooth surface, plaque formation takes place within",A few minutes,1/2 to 1 hour,2 to 4 hour,After 1 hour,B,C,"After scaling and pumicing, a salivary pellicle forms and bacteria re-attach, so plaque begins to form within about 2–4 hours.",1.7917594692220549,False,True,6
193,Which of the following structure is not present on floor of third ventricle?,Optic stalk,Third nerve,Infundibulum,Mammillary body,B,A,"The floor of the third ventricle contains the infundibulum (tuber cinereum) and mammillary bodies, but the optic stalk is not a named structure on its floor.",1.7917594692220549,False,True,6
194,Speech problems in cleft palate patients are due to,Lisping of tongue,Inability of soft palate to stop air to go into nasopharynx,Inability of learning process,All of the above,B,B,"Speech problems in cleft palate are mainly due to velopharyngeal insufficiency, where the soft palate cannot adequately close the nasopharynx, causing air to escape into the nose (hypernasality).",1.7917594692220549,True,False,6
195,"According to the WHO definition of hearing loss, what is the value to classify as profound hearing loss?",61-71 dB,>81 dB,>91 dB,>101 dB,B,C,WHO defines profound hearing loss as a pure-tone average in the better ear of **≥91 dB**.,1.7917594692220549,False,True,6
196,"What we will define it ""ratio of no. of death under 1 year of age to total live birth per 1000 live births per year""?",Infant mortality rate,Child mortality rate,Child morbidity rate,Life expectancy rate,A,A,"Infant mortality rate is defined as the number of deaths of infants under 1 year per 1,000 live births in a year.",1.5607104090364066,True,False,6
197,"The necrotising pressure areas, undergoing bone resorption and endosteal bone formation",Juvenile periodontitis,Occlusal trauma,Chronic suppurative periodontitis,ANUG,B,C,Necrotizing “pressure areas” with bone resorption alongside simultaneous endosteal bone formation is characteristic of chronic suppurative periodontitis.,1.7917594692220549,False,True,6
198,CLED is better medium than MacConkey medium for processing of urine samples,It differentiate LF from NLF Bacteria,Prevents swarming of proteus,Identifies pseudomonas,"Allows staphylococcus,Streptococcus and candida to grow",D,B,"CLED is electrolyte-deficient, which inhibits Proteus swarming and gives more reliable colony counts from urine samples than MacConkey.",1.7917594692220549,False,True,6
199,Pre-maturity in edge to edge position is relieved by reducing:,Mandibular incisal edge.,Maxillary lingual fossa.,Both AB,Either AB,A,D,"In an edge-to-edge incisal relationship, premature contact is relieved by reducing either the mandibular incisal edge or the maxillary lingual fossa (either adjustment is acceptable).",1.7917594692220549,False,True,6
200,Most effective method of assessing breathing is by measuring:,Tidal volume,Respiratory rate,Alveolar ventilation,FEV 1,D,B,Respiratory rate is the most effective rapid bedside measure of breathing adequacy because it changes quickly with respiratory distress.,1.7917594692220549,False,True,6
201,Major aim of phase 1 clinical trials is:,Safety,Efficacy,Dose,Pharmacokinetics,C,A,Phase 1 trials primarily evaluate the safety and tolerability of a new drug in a small group of participants.,1.3296613488507583,False,True,6
202,The blood pressure data of 200 persons were collected. The first quaile BP of the data was 94 mm Hg and third quaile was 110 mm. How many patients have blood pressures between the 3rd and 4th quaile?,25,50,100,200,B,B,"The interval from the 3rd quartile to the 4th quartile spans one quartile, i.e., 25% of 200 = 50 patients.",1.7917594692220549,True,False,6
203,Which of the following defines the pressure in the vascular system in the absence of blood flow? (Asked twice),Pulse pressure,Critical closing pressure,Mean circulatory filling pressure,Perfusion pressure,C,C,Mean circulatory filling pressure (MCFP) is the uniform vascular pressure that persists when blood flow is absent (flow = 0).,1.7917594692220549,True,False,6
204,Best parameter for ultrasound evaluation of IUGR is:,Placental membrane,Length of femur,Abdominal circumference,BPD,C,C,Abdominal circumference is the most sensitive ultrasound parameter for IUGR because it reflects fetal liver size/nutritional status and becomes abnormal earlier than BPD or femur length.,1.7917594692220549,True,False,6
205,"According to WHO classiﬁcation of periapical pathology, sinus to oral cavity comes  under:",4.6,4.6,4.61,4.62,D,D,A sinus tract that communicates with the oral cavity is classified as WHO periapical pathology **Class 4.62**.,1.7917594692220549,True,False,6
206,"In a child, surgery was done for biliary stricture with hepatojejunal anastomosis. Postoperative bilirubin level after 2 weeks was 6 mg/dL from a preoperative level 12mg/dL. The reason for this could be:",Normal lowering of bilirubin takes time,Anastomotic stricture,Delta bilirubin,Mistake in lab technique,C,B,"Persistent bilirubin elevation after 2 weeks with only partial fall (12→6 mg/dL) after hepatojejunal anastomosis suggests incomplete bile drainage, most commonly due to an anastomotic stricture.",1.7917594692220549,False,True,6
207,"A 2 month old girl has failure to thrive, polyuria and medullary nephrocalcinosis affecting both kidneys. Investigations show blood pH 7.48, bicarbonate 25 mEq/l, potassium 2 mEq/l, sodium 126 mEq/l and chloride 88 mEq/l. The most likely diagnosis is -",Distal renal tubular acidosis,Primary hyperaldosteronism,Bartter syndrome,Pseudohypoaldosteronism,C,C,"Failure to thrive with polyuria and medullary nephrocalcinosis plus hypokalemic metabolic alkalosis (pH 7.48, low K⁺, low Cl⁻) indicates a salt-wasting tubulopathy consistent with Bartter syndrome.",1.7917594692220549,True,False,6
208,Resin teeth:,Show a high compressive strength,Contraindicated in patients with decreased inter occlusal distance,Show crazing,Show a high fracture strength,D,B,Resin teeth have lower mechanical strength and are contraindicated when interocclusal distance is reduced because insufficient space increases the risk of fracture/wear.,1.7917594692220549,False,True,6
209,"In alpha-thalassemia trait,electrophoresis shows:March 2005",Increased HbF and normal HbA2,Normal HbF and normal HbA2,Normal HbF and decreased HbA2,Decreased HbF and normal HbA2,B,B,"In alpha-thalassemia trait, hemoglobin electrophoresis typically shows normal HbF and normal HbA2 because the defect is reduced alpha-chain production without characteristic HbF/HbA2 elevation or reduction.",1.7917594692220549,True,False,6
210,Zone of stimulation contains all except:,Fibroblasts,Osteoclasts,Osteoblasts,New bone formation,B,B,"The zone of stimulation is associated with bone-forming activity (osteoblasts and new bone formation), whereas osteoclasts are primarily involved in the resorptive phase rather than stimulation.",1.7917594692220549,True,False,6
211,Minimum number of lobes require to form a tooth,1,2,3,4,A,C,"A tooth is formed from three developmental lobes/buds—enamel organ, dental papilla (dentinal part), and dental follicle (sac)—so the minimum number required is 3.",1.7917594692220549,False,True,6
212,In the odontoblastic layer the following connections is/are found,Zona adherens,Gap junctions,Zonula occludens,All of the above,D,B,"Odontoblasts in the odontoblastic layer are primarily connected by **gap junctions** (communicating junctions) for intercellular signaling, whereas zona adherens and zonula occludens are typical of epithelial junctions.",1.7917594692220549,False,True,6
213,All are features of Neonatal Tetanus except –,Refusal to feed is common initial symptom,Caused by clostridium tetani,Usually occurs in 1st 2 days of life,Mortality is 50–75%.,C,C,"Neonatal tetanus classically presents after the first few days of life (typically day 3–28, around day 5–7), so “usually occurs in 1st 2 days” is the exception.",1.7917594692220549,True,False,6
214,"In assessing infant deaths, Ploucquet's test involves:",Change in specific gravity of lungs,Presence of air in stomach and duodenum,Change in paial weight of lungs,Air in middle ear,C,B,"Ploucquet’s test for live birth shows air in the stomach and duodenum, indicating the infant has breathed.",1.7917594692220549,False,True,6
215,Scammon's growth curve. False is,Neural tissues-Most of the growth is completed by 6 years,Lymphoid tissues — growth reaches 200%  by age 13 and regresses afterwards,Genital tissues — most of the growth is completed by the age of puberty,None of the above,C,D,"In Scammon’s growth curves, neural (completed by ~6 years), lymphoid (peaks ~200% by ~13 years then regresses), and genital tissues (completed around puberty) are all true, so no option is false.",1.7917594692220549,False,True,6
216,The transport of CO is diffusion limited because,Binds avidly with Hb,Partial pressure of CO is less,CO is less absorbed in water,Alveolar membrane is less permeable,A,C,"CO is relatively poorly soluble in water, so its uptake depends more on diffusion across the alveolar membrane, making transport diffusion-limited.",1.7917594692220549,False,True,6
217,Acetazolamide is given to a patient of angle closure glaucoma. It is a non-competitive inhibitor of carbonic anhydrase enzyme. Which of the following should be the effect of this drug?,Decrease in Vmax,A.Decrease in Km,Increase in both Km and Vmax,No change in Vmax,A,A,"Acetazolamide is a non-competitive carbonic anhydrase inhibitor, which decreases **Vmax** while leaving **Km unchanged**.",1.7917594692220549,True,False,6
218,All are true about rapid sequence induction done in a cardiac patient in emergency except:,Inducing agent and neuromuscular relaxant are administered together,The patient is pre-oxygenated for 3 minutes before the procedure,Cricoid pressure has to be applied till the endotracheal tube has been secured with a cuff,Induction should be done with thiopentone sodium and succinylcholine for muscle relaxation,D,D,"Thiopentone with succinylcholine is not a mandatory RSI regimen in cardiac emergency; RSI requires rapid induction with an appropriate agent plus a neuromuscular blocker, not specifically thiopentone.",1.7917594692220549,True,False,6
219,"A 25-year-old lady presents with sudden severe bilateral loss of vision, more so on the right side, with no perception of light. Rest of the examination including pupillary reflexes, fundus and optokinetic nystagmus are normal. She was able to touch the tips of her fingers with her right eye closed but not with her left eye closed. The most like1 tgnosis is:",Optic neuritis,Anterior ischemic optic neuropathy,CMV retinitis,Functional vision loss,D,D,"Sudden severe “no light perception” with normal pupillary reflexes, normal fundus, and inconsistent performance on finger-touch testing (right eye closed works, left eye closed fails) strongly indicates functional (non-organic) vision loss.",1.7917594692220549,True,False,6
220,"A 60-year old male presents with painful, 141 oupet. vesicles over erythematous plaques in T3 dermatome region of trunk. Which of the following would be the most likely causative organism?",Varicella zoster,Herpes simplex,Pox virus,Papilloma virus,A,A,Painful grouped vesicles over an erythematous plaque confined to a single T3 dermatome on the trunk is classic for herpes zoster due to reactivation of varicella-zoster virus.,1.7917594692220549,True,False,6
221,"A patient is administered 200 mg of a drug. 75 mg of the drug is eliminated from the body in 90 minutes. If the drug follows first order kinetics, how much drug will remain after 6 hours?",12.5 mg,25 mg,30 mg,50 mg,C,C,"With first-order kinetics, the fraction remaining after each 90 min interval is 0.625, so after 4 intervals (6 hours) the remaining amount is \(200 \times 0.625^4 \approx 30.5\) mg, closest to 30 mg.",1.7917594692220549,True,False,6
222,The most common side effect of the oral administration of ampicillin is,Anaphylactic shock,Diarrhoea,Oral candidiasis,Renal failure,B,B,"Oral ampicillin commonly disrupts normal intestinal flora, leading to diarrhoea as the most frequent side effect.",1.24245332489,True,False,6
223,Adverse effects of salbutamol are all except,Tremors,Tachycardia,Hypoglycemia,Hypokalemia,C,C,"Salbutamol commonly causes tremors, tachycardia, and hypokalemia, but hypoglycemia is not a typical adverse effect (β₂-agonists more often cause hyperglycemia).",1.7917594692220549,True,False,6
224,Most common extraradicular microorganism is/ are:,Actinomyces species.,Propioni bacterium.,Propionicum.,All of the above.,D,B,"The most common extraradicular microorganisms in dental infections are anaerobic gram-positive rods, classically the Propionibacterium/“Propioni bacterium” group.",1.7917594692220549,False,True,6
225,Ludwig's angina is characterized by,Raised tongue,Elevation of ear lobe,Trismus,Unilateral swelling,A,C,Ludwig’s angina causes rapidly spreading cellulitis of the floor of mouth with marked swelling leading to painful difficulty in opening the mouth (trismus).,1.7917594692220549,False,True,6
226,Least condensation pressure is required in:,"Spherical amalgam alloy, high copper","Admixed amalgam alloy, high copper","Admixed amalgam alloy, low copper",Lathe cut alloy,A,B,Admixed amalgam with high copper requires the least condensation pressure due to improved flow/condensation characteristics from the high-copper alloy composition.,1.7917594692220549,False,True,6
227,Denominator in perinatal moality rate,Total bihs,Total live bihs,Live bihs + Still bih,Total number of newborns,A,C,"Perinatal mortality rate’s denominator is the total number of births around delivery, i.e., live births plus still births.",1.7917594692220549,False,True,6
228,A child spends 8 years of life in a temperate climate where the drinking water had fluoride of 3 ppm. The teeth that are effected are:,All primary teeth,"All permanent teeth, except third molars","Incisors, canines, premolars and third molars",Only molars,B,B,"Fluorosis from ~3 ppm drinking water in a child aged 8 years primarily affects developing permanent teeth (incisors, canines, premolars, and first/second molars) while third molars mineralize later and are usually spared.",1.7917594692220549,True,False,6
229,The ideal instrument that is used to widen the canal is,Broach,File,Fissure bur,Reamer,B,D,A reamer is the ideal instrument for enlarging (widening) the root canal due to its cutting design for canal enlargement.,1.7917594692220549,False,True,6
230,"According to instrument formula given by G.V. Black, primary cutting edge angle should be:",More than 50 degree,More than 90 degree,Less than 50 degree,Less than 90 degree,A,D,"In G.V. Black’s instrument formula, the primary cutting edge angle is kept acute to ensure effective cutting, i.e., less than 90°.",1.7917594692220549,False,True,6
231,Which of the following is not true for incubation period?,For determining isolation period of a disease,To prevent infection among contacts,For quarantine of disease,To differentiate among secondary cases and co-primary cases,A,A,"Incubation period is the time to symptom onset after exposure, whereas the isolation period is based on the period of communicability (infectious period), not incubation.",1.7917594692220549,True,False,6
232,Treatment of ANUG utilizes all except:,Debridement,Oral hygiene,Penicillin,Topical steroid,D,C,ANUG is managed with local debridement and improved oral hygiene (often with topical antiseptics); penicillin is not the “except” option in standard exam treatment lists.,1.7917594692220549,False,True,6
233,Median rhomboid glossitis is associated with:,Burning mouth syndrome,Fungal infection,Bacterial infection,Absence of filiform papillae,D,D,Median rhomboid glossitis presents as a midline rhomboid depapillated smooth area on the tongue due to absence/loss of filiform papillae.,1.7917594692220549,True,False,6
234,A young male present with loose motions and intermittent abdominal pain over the past 1 year. Wet mount stool specimen showed the presence of multiple ova which are more than 100u in diameter. The causative organisms for the disease shall not include?,Fasciola gigantica,Gastrodiscoides hominis,Echinostoma ilocanum,Opisthorchis viverrini,D,B,"Gastrodiscoides hominis produces eggs typically <100 µm, whereas the question specifies multiple ova >100 µm.",1.7917594692220549,False,True,6
235,"Concentric teeth bite mark on forearm, what to do next?",2 swab technique for saliva collection,Keep scale for measuring below the mark and take photo in the plane of bite,Complete description of injury as seen,Prepare cast using vinyl polysiloxane,C,B,"For a concentric (target-like) bite mark, the next step is standardized forensic documentation—measure relative to the mark and take a photo in the same plane with a scale to preserve geometry for later comparison.",1.7917594692220549,False,True,6
236,A patient believes he is the most impoant person in the world than anyone so his neighbors and family is trying to harm him as they are jealous of him. His wife says otherwise and says he behaves like this recently only before he was working as a school-teacher peacefully and brought to OPD. He is suffering from:,Delusion of grandiosity,Delusion of persecution,Delusion of grandiosity and persecution,"Delusion of grandiosity, persecution and reference",D,C,He believes he is the most important person (grandiosity) and that others are trying to harm him due to jealousy (persecution).,1.7917594692220549,False,True,6
237,Measuring variation between two different units is done through,Variance,Standard deviation,Coefficient of variation,Range,C,C,"The coefficient of variation (CV) expresses standard deviation relative to the mean in a unitless form, allowing comparison of variability across different units.",1.7917594692220549,True,False,6
238,Which of the following diseases is diagnosed with the help of the flowcytometry pattern?,Bruton disease,Bare lymphocyte syndrome,Hyper IgM syndrome,Severe combined immunodeficiency disease,C,D,SCID is diagnosed using flow cytometry immunophenotyping to show markedly reduced/absent T cells with abnormal B and/or NK cell populations.,1.7917594692220549,False,True,6
239,Best indicator of developing cardiovascular disease is,LDL cholesterol level more than 120 mg/dl,History of salt intake of more than 6 gm/day,LDL/HDL ratio,All of the above,C,C,The LDL/HDL ratio best reflects cardiovascular risk by combining the atherogenic effect of LDL with the protective effect of HDL.,1.5607104090364066,True,False,6
240,Pulp proper contains,Large Blood vessels,Nerve fibers,Fibroblasts,All of the above,D,B,"Pulp proper contains loose connective tissue with nerve fibers (along with other pulp elements), whereas large blood vessels are more characteristic of the central pulp region.",1.7917594692220549,False,True,6
241,"Which of the following is used as a bio-degradable membrane in ""guided tissue regeneration"" process?",Polylactic acid,Poly tetrafluoroethylene,Millipore,Core membrane,A,A,Polylactic acid (PLA) is a resorbable/biodegradable membrane material used in guided tissue regeneration to exclude epithelium and allow periodontal regeneration.,1.7917594692220549,True,False,6
242,Pulmonary-renal syndromes include-,Goodpasture,Leptospirosis,Hantavirus and Wegner's,All,D,D,"Pulmonary–renal syndromes include diffuse alveolar hemorrhage with glomerulonephritis, seen in Goodpasture, leptospirosis, and ANCA-associated vasculitis (e.g., Wegener’s), so all listed options apply.",1.7917594692220549,True,False,6
243,Bone sounding done in modern times is performed by which method?,RVG,Probing,CBCT,Radiovisiography,C,B,Bone sounding in modern clinical practice is performed by periodontal probing to measure pocket depth and assess the bony walls.,1.7917594692220549,False,True,6
244,Oil red '0' stain is used for:,Glutaraldehyde fixed specimen,Alcohol fixed specimen,Formalin fixed specimen,Frozen specimen,D,D,"Oil Red O is a lipid stain used on frozen (fresh) tissue sections because fixation with alcohol or formalin extracts lipids, preventing staining.",1.7917594692220549,True,False,6
245,Jaw or tooth apart swallow is:,Infantile swallow.,Mature swallow.,Both,None.,A,C,Jaw or tooth apart swallow can be seen in both infantile and mature swallowing patterns depending on developmental stage.,1.7917594692220549,False,True,6
246,A female with suspected child abuse was brought to the casualty with severe bleeding from the perineum. What should be the first line of management?,Airway maintenance,Internal iliac aery ligation,Whole blood transfusion,Inform police before staing the treatment,A,A,First line is ABC resuscitation—secure the airway (and then breathing/circulation) immediately in any severely injured patient with life-threatening bleeding.,1.7917594692220549,True,False,6
247,Classify the class of recession:,Class 1,Class 2,Class 3,Class 4,C,X,The prompt does not provide the clinical context or measurements needed to map the “class of recession” to options A–D.,1.7917594692220549,False,False,6
248,Method of choice for a New born child not passing urine for 36 hours :,Ultrasound of kidney & bladder,CT Scan,Cystoscopy,X–ray pelvis,A,A,First-line evaluation of a newborn with no urine output for 36 hours is ultrasound of kidneys and bladder to rapidly detect congenital obstruction/hydronephrosis and bladder distension without radiation.,1.7917594692220549,True,False,6
249,Bacteria free zone of dentinal caries is,a)Zone of decomposed dentin,Zone of bacterial invasion,Zone of decalcification,Zone of dentinal sclerosis,D,C,The bacteria-free (zone of inhibition) in dentinal caries corresponds to decalcified dentin where mineral loss has occurred but bacteria are absent.,1.7917594692220549,False,True,6
250,Which is not a type of Gracey curvettes?,# 1-2,# 11-12,# 13-14,# 5-16,D,D,"Gracey curvettes are numbered in fixed pairs (1–2, 3–4, 5–6, 7–8, 9–10, 11–12, 13–14), so #5–16 is not a valid set.",1.7917594692220549,True,False,6
251,Which ion of hydroxyapatite crystals is substituted by Fluoride imparts more strength?,Hydroxyl ion,Calcium ion,Phosphate ion,None,A,B,"Fluoride substitutes into the hydroxyapatite lattice (forming fluorapatite, Ca₁₀(PO₄)₆F₂), strengthening the crystal/enamel structure, which is attributed to the calcium-containing apatite framework (option B).",1.7917594692220549,False,True,6
252,Cleaning of base metal alloy is done by,Warm HCl,Cold HF,Cold H2 So4,Sand blasting with aluminium oxide,D,A,Warm HCl is commonly used for pickling/cleaning base metal alloys by removing surface oxides and scale effectively.,1.7917594692220549,False,True,6
253,Estimation of the blood sugar is relevant in all except –,Birth asphyxia,Large for date baby,Baby of hypothyroid mother,Rh Incompatibility,C,D,"Rh incompatibility mainly leads to hemolytic disease causing anemia/jaundice, whereas blood sugar estimation is relevant for hypoglycemia risk states like birth asphyxia, large-for-date infants, and babies of hypothyroid mothers.",1.7917594692220549,False,True,6
254,All are true about isolated aoic stenoses except:,Pulsus bisferiens,Cardiac apex is displaced laterally to left,Thrill in carotid aery,Blood pressure maintained in initial phase,A,B,Lateral displacement of the cardiac apex to the left is not a typical finding in isolated aortic stenosis (more suggestive of left ventricular enlargement/dilated states rather than classic AS).,1.7917594692220549,False,True,6
255,"Which of the following is the most common site for the
occurrence of a basal cell carcinoma?",Buccal mucosa,Hard palate,Skin of the lower lip,Dorsum of the tongue,C,C,"Basal cell carcinoma most commonly arises on sun-exposed skin, classically the lower lip.",1.5607104090364066,True,False,6
256,Who was associated with second amalgam war?,G V Black,Charles bell,Huggins,Alfred stock,D,A,G. V. Black was the key figure associated with the Second Amalgam War due to his prominent advocacy for dental amalgam amid major professional disputes over its use.,1.7917594692220549,False,True,6
257,Reticular fibers of collagen tissues are present in all of the following except:,Thymus,Spleen,Bone marrow,Lymph node,A,A,"Reticular (type III collagen) fibers form the stroma in lymphoid organs such as the spleen, lymph node, and bone marrow, whereas the thymus framework is mainly supported by epithelial stromal cells rather than prominent reticular collagen fiber networks.",1.7917594692220549,True,False,6
258,Which of the following muscle is not supplied by the nerve marked in the diagram?,Superior oblique,Medial rectus,Inferior rectus,Inferior oblique,A,D,"The nerve marked is the trochlear nerve (CN IV), which supplies only the superior oblique, so the inferior oblique is not supplied.",1.7917594692220549,False,True,6
259,Which is a direct content of cavernous sinus?,Ophthalmic division of trigeminal nerve,Trochlear nerve,Abducent nerve,Oculomotor nerve,C,C,The abducent nerve (CN VI) specifically passes through the cavernous sinus.,1.7917594692220549,True,False,6
260,"In Mount and Hume classification, what will be the site size of the following lesion?",2.1,2.2,3.1,3.2,C,B,"In Mount and Hume classification, a lesion in the intermediate-risk anatomic region (Type 2) with limited extent is assigned site size 2.2.",1.7917594692220549,False,True,6
261,Keeping in Jack-knife position for long leads to death by:,Wedging,Burking,Positional asphyxia,Traumatic asphyxia,C,C,"Jack-knife position can impair venous return and ventilation, causing death by positional asphyxia.",1.7917594692220549,True,False,6
262,Extraction of 3rd molar tooth bud in 7-9 yr old child:,Improves growth of maxilla,Causes excessive damage to the mandible,Results of future orthodontic treatment are	improved anterior teeth,Results in less crowding,D,B,"In 7–9 year olds the 3rd molar tooth buds are still developing deep in the mandible, and early extraction is not routinely indicated and can cause excessive damage to the mandible without proven benefit.",1.7917594692220549,False,True,6
263,Which of the following statements is false in relation to myofacial pain dysfunction syndrome?,Mainly affects young females,Is caused by muscle fatigue due to chronic oral habits as grinding and clenching,Treatment involves construction of occlusal guard and stress free emotional condition,The perioral musculature becomes hypotonic,D,D,"In myofascial pain dysfunction syndrome the perioral/masticatory muscles are typically hypertonic with trigger points, not hypotonic.",1.7917594692220549,True,False,6
264,Which of the following features is not seen in Crouzon syndrome?,Midface hypoplasia,Syndactyly,Beak shaped nose,Ocular hypertelorism,B,B,"Syndactyly is not a typical feature of Crouzon syndrome, whereas midface hypoplasia, ocular hypertelorism, and a beaked nose are characteristic.",1.7917594692220549,True,False,6
265,The best finish line for anterior metal ceramic crown is,Chamfer with bevel,Heavy chamfer,Shoulder,Shoulder with bevel,D,C,"A shoulder margin is preferred for an anterior metal-ceramic crown because it provides a stable, distinct finish line that supports adequate ceramic thickness and reliable metal-ceramic bonding.",1.7917594692220549,False,True,6
266,"Kamlesh, a 2 year old girl, has Down's syndrome. Her karyotype is 21/21 translocation. What is the risk ofrecurrence in subsequent pregnancies if the father is a balanced translocation carrier :",100%,50%,25%,0%,A,C,"With a balanced Robertsonian translocation carrier father, the chance of an unbalanced conception leading to Down syndrome is typically about 1 in 4, i.e., ~25%.",1.7917594692220549,False,True,6
267,Which of the following are the predominant connective tissue cells of the periodontal Ligament?,Cementoblasts,Fibroblasts,Osteoblasts,Rests of Malassez,B,B,Fibroblasts are the predominant resident connective tissue cells in the periodontal ligament and maintain/produce its collagen fibers.,1.7917594692220549,True,False,6
268,Which of the following is characterized by Apple Jelly Nodules?,Scrofula,Lupus vulgaris,Ghon’s focus,Ghon's complex,B,B,Apple jelly nodules are the classic diascopic finding of **lupus vulgaris** (cutaneous tuberculosis).,1.7917594692220549,True,False,6
269,"A 50 years okl smoker and hypeensive was diagnose to have non-small cell lung carcinoma with brain metastases. He is on enalapril and hydrochlorothiazide for hypeension. On investigation, he had a serum Sodium 120 mg/dl|, Urinary Sodium ll0 mg/dl, Serum creatinine 0.8 mg/dL, Serum osmolarity 285 mOsm/L, Urinary osmolarity 35l mOsm/L, Urinary K+ 9 mg/dl, Blood sugar ll2 mgldL and BP of 150/90 mm Hg. Which of the following is the mnst probable cause for his hyponatremia?",Cerebral salt wasting,Diuretic induced,SIADH,Pseudohyponatremia,C,B,"Thiazide (hydrochlorothiazide) use is the most likely cause of his hyponatremia, producing hypotonic hyponatremia with inappropriately concentrated urine and urine sodium that is not suppressed.",1.7917594692220549,False,True,6
270,"A 40 year male complaining of hot flushes each time he baths. Hb: 20%gm, Platelet: 89,000/mL, WBC: 30,000/mL, Investigation revealed JAK2 mutation. What is the most likely diagnosis?",PMF,CML,PCV,Essential thrombocytosis,C,C,JAK2 mutation with markedly elevated Hb (polycythemia) and microvascular symptoms like hot flushes is most consistent with polycythemia vera.,1.7917594692220549,True,False,6
271,A 55- year old diabetic patient presents with transient obscuration in vision for 2-3 days followed by sudden loss of vision. Which of the following would be the best test to evaluate the symptoms?,Serum ACE levels,Quantiferon-Gold TB test,Elevated homocysteine levels,Serum creatinine levels,D,C,"Transient visual obscuration followed by sudden vision loss suggests a vascular ischemic process, and among the options elevated homocysteine is the best indicator of increased thrombotic/vascular risk.",1.7917594692220549,False,True,6
272,One of the most common side effects of phenytoin is,Gingival Hyperplasia,Gingival Necrosis,Dental stains,Hypertension,A,A,Phenytoin commonly causes gingival hyperplasia (gum overgrowth) as a well-known adverse effect.,1.5607104090364066,True,False,6
273,"A 38-years old patient who had a total abdominal hysterectomy presents 2 months postop complaining of leakage of urine from the vagina. On examination, no fistula can be identified. Dilute methylene blue (100mL) is injected into the bladder through a Foley catheter and a tampon is placed in the vagina. The patient is asked to walk for about 15 minutes, after which the patient is found to be wet, but there is no blue stain anywhere on the tampon. Which of the following is true:-","100mL was probably not enough methylene blue, and the test should be repeated with a higher volume",The patient probably has stress incontinence not a fistula,The patient probably has a ureterovaginal fistula,The patient most likely has small apical vesicovaginal fistula that was too small to leak the dye in 15 minutes,C,B,"No blue staining on the vaginal tampon despite bladder methylene blue injection indicates urine leakage is not from the bladder, making stress incontinence more likely than a vesicovaginal/ureterovaginal fistula.",1.7917594692220549,False,True,6
274,Freedom of centric relation correlates with,0.15 - 1.5 mm,0.20 - 0.40 mm,0.5 to 1.5 mm,1 to 2 mmm,C,B,"Freedom (tolerance) in centric relation is the acceptable discrepancy between repeated centric records, typically about 0.20–0.40 mm.",1.7917594692220549,False,True,6
275,Ganglionic transmission is mediated by:,Presynaptic alpha-receptors,Postsynaptic beta-receptors,Postsynaptic dopaminergic receptors,Postsynaptic nicotinic receptors,D,D,Ganglionic transmission is mediated by acetylcholine acting on postsynaptic nicotinic (Nm) receptors in the autonomic ganglion.,1.7917594692220549,True,False,6
276,Which of the following is not an example of a syndrome caused by uniparental disomy?,Prader-Willi syndrome,Angelman syndrome,Russell-Silver syndrome,Bloom syndrome,D,D,"Bloom syndrome is caused by mutations in the **BLM** gene (DNA repair defect), not by uniparental disomy.",1.7917594692220549,True,False,6
277,"One of the many mechanisms of adverse events is its increased binding to secondary targets, usually proteins. With respect to the primary target, the secondary target:",Should be present in the same tissue as the primary target,Should have similar binding sites,Should have absolutely identical secondary structure,Should have a similar primary structure,B,A,"Secondary targets are typically proteins located in the same tissue/compartment as the primary target, allowing the drug to encounter and bind them.",1.7917594692220549,False,True,6
278,School based dental health care for whole country is adopted by which of the following country?,USA,NewZealand,Sweden,Australia,B,C,Sweden is known for implementing a nationwide school-based dental health care program that provides dental services to children across the country.,1.7917594692220549,False,True,6
279,Postrenal transplant patient presents with diarrhoea after 3 months; it was showing organism measuring 2-6 micron meter and kinoyn stain positive. Most likely it is caused by:,Balantidium coli,Clostridium difficile,Cystoisospora belli,Cryptosporidium hominis,D,D,Post–renal transplant diarrhea with small 2–6 µm oocysts and Kinyoun (modified Ziehl–Neelsen) positivity is characteristic of Cryptosporidium.,1.7917594692220549,True,False,6
280,Iron entry into enterocytes occurs which of the following?,DMT-1,Ferropoin,Transferrin,Hepcidin,A,A,"Iron enters enterocytes from the intestinal lumen via apical DMT-1, which transports ferrous (Fe²⁺) iron into the cell.",1.7917594692220549,True,False,6
281,"An elderly male patient presented with fever, chest pain, and dry coughp; sputum culture showed growth on Charcoal Yeast Extract Medium, the organism is",H. influenza,Moraxella catarrhalis,Legionella,Burkholderia cepacia,C,C,"Legionella species grow on charcoal yeast extract (CYE) agar, a selective medium used to isolate Legionella from respiratory specimens.",1.7917594692220549,True,False,6
282,Ashley-Howe model analysis is used to predict:,Tooth material excess,Maxillo-mandibular relationships,Basal bone-transverse relationship,Growth prediction,C,D,Ashley-Howe model analysis using serial dental casts is primarily used for predicting future growth and development of the dentition/jaw relationships to guide orthodontic treatment planning.,1.7917594692220549,False,True,6
283,"A neonate on routine examination at bih was found to have hepatomegaly. Rest of the examination was essentially unremarkable. On investigations, Anti-HCMV antibodies were found to be positive. What sequelae in later life is the child at risk of?",Renal failure,Mental retardation,Hepatic fibrosis,Sensorineural hearing loss,D,D,Congenital CMV infection (suggested by hepatomegaly with positive anti-HCMV antibodies) most classically leads to progressive sensorineural hearing loss later in life.,1.7917594692220549,True,False,6
284,"Patient is a known case of epilepsy, taking levetiracetam 1 gm BD. He is now seizure free from 2 years but he developed agitation and anger issues interfering with day to day activities as a result of the drug intake. What should be the next best step?",Stop levetiracetam and sta on a different antiepileptic,Discontinue the drug as he is seizure free,Slowly taper the drug over next 6 months,Continue levetiracetam since a 5-year seizure free interval is needed,C,C,"Levetiracetam can cause agitation/irritability, and since the patient is seizure-free the next best step is a gradual taper over months to reduce neuropsychiatric adverse effects while minimizing withdrawal/breakthrough seizure risk.",1.7917594692220549,True,False,6
285,"Which of the following statements regarding the National Programme for Non-communicable diseases-Cancer, Diabetes, Cardiovascular diseases (CVD) and stroke (NPCDCS) is true?",The plan is to implement the programme in 10 districts across the 5 states during 2010-2012,The diagnosis or treatment of non-communicable diseases to be carried out at the subcentre level,Coronary care unit and cancer care facility to be established at the district level hospital,"All the components of the programme to be addressed separately- cancer, diabetes, CVD and stroke",C,C,NPCDCS aims to strengthen district-level infrastructure by establishing facilities like a Coronary Care Unit and cancer care facilities at the District Hospital.,1.7917594692220549,True,False,6
286,Contractile element in myofibril is:,H band,Sarcoplasm,Sarcomere,A line,C,C,"The contractile unit of a myofibril is the sarcomere, which contains the overlapping A band and I band regions.",1.7917594692220549,True,False,6
287,All of the following complications are more common in ventouse assisted delivery than forceps except:,Subgaleal hemorrhage,Cephalhematoma,Intracranial hemorrhage,Transient lateral rectus palsy,D,D,"Transient lateral rectus palsy is classically more associated with forceps delivery, whereas ventouse has higher rates of subgaleal hemorrhage, cephalhematoma, and intracranial hemorrhage.",1.5607104090364066,True,False,6
288,All of the following are true about aspiration pneumonia except:,Aspiration of 20-30 mL of contents with pH < 2.5 is required,Fungal infection is the common cause of pneumonia,Posterior segment of the right upper lobe is most commonly affected in the recumbent position,Aspiration responsible for 5-15% of community acquired pneumonia,B,B,Fungal infection is not the common cause of aspiration pneumonia; it is typically due to bacterial aspiration (often anaerobes/oral flora).,1.7917594692220549,True,False,6
289,Which of the following is not associated with haemorrhage?,Ecchymosis,Petechiae,Melanosis,Purpura,C,C,"Melanosis is increased melanin pigmentation and is not a form of skin bleeding, unlike ecchymosis, petechiae, and purpura.",1.5607104090364066,True,False,6
290,Dapsone is used for treatment of bacterial and fungal infections as well as for immunomodulatory actions. What is mechanism of dapsone for these indication?,Inhibition of cell wall synthesis,Inhibition of ergosterol in cell membranes,Inhibition of protein synthesis,Competition with PABA in folic acid synthesis,D,D,"Dapsone (a sulfonamide) competitively inhibits dihydropteroate synthase, blocking PABA-dependent folate synthesis required for microbial DNA synthesis.",1.7917594692220549,True,False,6
291,"In processing methyl methacrylate, the resin may show porosity if the flask is placed too soon. Porosity most likely occur",Throughout the denture,Near the borders,In the thickest part,On the denture surface,C,C,Porosity occurs most in the thickest part because early flasking before complete gelation allows shrinkage/pressure effects to trap voids in the maximum bulk area.,1.7917594692220549,True,False,6
292,Pre-maxillary hard palate is supplied by which nerve,Nasopalatine nerve,Pharyngeal branch of glossopharyngeal nerve,Greater palatine nerve,Tensor palatine nerve,A,A,"The pre-maxillary (anterior) hard palate is supplied by the nasopalatine nerve, which runs from the nasal cavity to innervate the anterior hard palate.",1.7917594692220549,True,False,6
293,23 serotypes pneumococcal vaccine Most useful in,Cystic fibrosis,Recurrent otitis media & sinusitis,Child less than 2 years,Sickle cell anaemia,D,B,"PPV23 is most useful for patients at increased risk of invasive pneumococcal disease, and recurrent otitis media/sinusitis (chronic ENT disease) is a key indication.",1.7917594692220549,False,True,6
294,Fourth generation apex locater based on,Resistance,lmpedence,Frequency,Multiple frequency ratio,D,B,Fourth-generation apex locators determine working length by measuring changes in apparent electrical impedance within the root canal.,1.7917594692220549,False,True,6
295,Biopsy specimens removed for examinations are immediately placed in:,10% ethanol,10% formalin,Hydrogen peroxide,1% formalin,B,B,Routine biopsy specimens are immediately placed in 10% neutral buffered formalin to fix tissue and prevent autolysis.,1.7917594692220549,True,False,6
296,True open bite is caused by,Horizontal fracture of the maxilla,Unilateral fracture of mandibular angle,Fracture of the coronoid process of left side of mandible,Fracture of mandibular symphysis,A,B,"True open bite is classically due to vertical displacement of occlusion from a unilateral mandibular fracture, especially a unilateral mandibular angle fracture.",1.7917594692220549,False,True,6
297,Greatest potential hazard of mercury toxicity occurs due to:,Skin contact with mercury,Inhalation of mercury vapours,During amalgam restoration,Ingestion of amalgam scrap during removal,B,B,"Inhalation of mercury vapors poses the greatest hazard because mercury vapor is readily absorbed through the lungs, especially during amalgam heating/removal.",1.7917594692220549,True,False,6
298,Which of the following is an indiction for tonsillectomy –a) Rheumatic feverb) Glomerulonephritisc) Recurrent upper respiratory infectiond) Persistent carrier of diptheria bacilli,ab,cd,bd,ac,B,B,"Recurrent upper respiratory infection (recurrent tonsillitis) and persistent diphtheria bacilli carriage are accepted indications for tonsillectomy, whereas rheumatic fever and glomerulonephritis are not.",1.7917594692220549,True,False,6
299,Which of the following is not an effect of efferent aeriole constriction :,Decreased GFR,Increased glomerular hydrostatic pressure,Decreased blood flow in peritubular vessels,Increased oncotic pressure in peritubular vessels,A,D,"Efferent arteriolar constriction increases glomerular hydrostatic pressure and reduces GFR and peritubular blood flow, but it does not directly increase peritubular oncotic pressure.",1.7917594692220549,False,True,6
300,Cleft lip is due to non-union of,Maxillary process with MNP,MNP - LNP,MNP - MNP,All of the above,A,B,Cleft lip occurs due to failure of fusion between the medial nasal process (MNP) and the lateral nasal process (LNP).,1.24245332489,False,True,6
301,Sickle cell anemia is a -,Gene deletion,Gene modification,Point mutation,Frame shift mutation,C,C,"Sickle cell anemia results from a single nucleotide (point) mutation in the β-globin gene that substitutes valine for glutamic acid, producing hemoglobin S.",1.5607104090364066,True,False,6
302,All are true about widal test except,Base lines differ depending on the endemicity of the disease,O antibodies last longer and hence is not indicative of recent infection,H antigen cannot differentiate between subtypes,High titre value in a single widal test is not confirmative,B,C,"H antigen can differentiate between Salmonella subtypes/serotypes, so the statement “H antigen cannot differentiate between subtypes” is false.",1.5607104090364066,False,True,6
303,"What is the name of the given instrument, used for harvesting the graft from healthy area in split thickness skin graft?",Dermatome,Silver's knife,Catlin amputating knife,Humby knife,D,A,A dermatome is used to harvest split-thickness skin grafts by shaving a thin layer of skin from a healthy donor area.,1.7917594692220549,False,True,6
304,"A person working in an abattoir presented with a papule on hand, which turned in to an ulcer. Which will best help in diagnosis",Polychrome Methylene blue,Carbol Fuschin,Acid Fast Stain,Calcoflour White,A,B,"Abattoir worker with papule progressing to ulcer suggests cutaneous mycobacterial infection, best confirmed by acid-fast staining using carbol fuchsin (Ziehl–Neelsen).",1.7917594692220549,False,True,6
305,A midwife at a PHC did per vaginal examination of a women in labor with 8 cm cervical dilation and 70% cervical effacement with the fetal head at +1 station. This +1 station implies the position of fetal head is-,1 cm above the ischial spine,1 cm below the ischial spine,At the level of ischial spine,1 cm below the cervical os,B,B,+1 station means the fetal head is 1 cm below the ischial spines (0 station is at the ischial spines).,1.24245332489,True,False,6
306,High content of cholesterol is present in:,Coconut oil,Egg yolk,Hydrogenated fat,Ghee (unsaturated),B,B,"Egg yolk is naturally rich in cholesterol, whereas the other options are mainly distinguished by fat type rather than being noted for high cholesterol content.",1.7917594692220549,True,False,6
307,Tooth with smallest root,Mandibular central incisor,Mandibular lateral incisor,Maxillary lateral incisor,Maxillary 1st premolar,A,A,"The mandibular central incisor has the smallest root size/length among the listed teeth, with a slender single root compared with other incisors and the larger-root premolar.",1.7917594692220549,True,False,6
308,The function of a sprue is to,Form an opening for molten metal to enter the mold,Help polish cast restorations,Eliminate air bubbles on the wax pattern,Reproduce fine detail,A,A,A sprue provides a channel for molten metal to enter the mold during casting.,1.5607104090364066,True,False,6
309,Access cavity of mandibular 1st molar is:,Oval,Rounded triangle,Rhomboid,None of the above,B,B,The access cavity of the mandibular first molar is typically described as a rounded triangular form.,1.5607104090364066,True,False,6
310,A pier abutment is:,Periodontally weak abutment,With an edentulous space on mesial and distal sides of the abutment,Edentulous space on one side of the abutment,Abutment adjacent to edentulous space,B,D,A pier abutment is a tooth positioned adjacent to an edentulous space and supports a removable partial denture using the “pier” effect.,1.7917594692220549,False,True,6
311,"According to the new RNTCP guidelines, the following is not a suspect of tuberculosis",Confirmed extra-pulmonary tuberculosis patient with cough of 2 weeks or more,HIV-positive patient with cough of any duration,Contacts of sputum positive tuberculosis patient with cough of any duration,Any individual having cough of duration 2 weeks or more,A,A,A confirmed extra-pulmonary TB patient is already a diagnosed TB case and therefore is not classified as a “TB suspect” under the new RNTCP guidelines.,1.7917594692220549,True,False,6
312,All are topical hemostatic agents except?,Bone wax & patty,HemCon bandage,Quikclot,Fixclot,D,D,"Fixclot is not a standard topical hemostatic agent like bone wax/patty, HemCon, or Quikclot, which are used to control bleeding at the local site.",1.7917594692220549,True,False,6
313,Which of the following pulp horn of primary molar is commonly exposed during restorative procedures:,Mesiobuccal puplhorn of 1st molars.,Distobuccal pulp horn of 1st molars.,Mesiobuccal pulp horn of 2nd molars.,Distobuccal pulp horn of 2nd molars.,A,B,The distobuccal pulp horn of the primary 1st molar is most commonly exposed during routine restorative cavity preparation because it is closest to the occlusal surface.,1.7917594692220549,False,True,6
314,Rate of Dentinal fluid permeability depends on all except?,Temperature variation,Pressure gradient across dentinal tubule,Increase viscosity of dentinal fluid,Rate of removal of substances by blood vessels,A,C,"Increased viscosity of dentinal fluid decreases dentinal fluid permeability, so it is the exception.",1.7917594692220549,False,True,6
315,Extraction of disto-angular impaction of mandibular 3rd molar can cause:,Slippage in lingual pouch,# of ramus of mandible,Excessive Haemorrhage,Dry socket,B,A,Disto-angular mandibular third molars can displace during extraction and slip into the lingual soft tissue/pouch if levered out improperly.,1.7917594692220549,False,True,6
316,Acetazolamide is given to a patient of angle closure glaucoma. It is a non- competitive inhibitor of carbonic anhydrase enzyme. Which of the following should be the effect of this drug?,Decrease in Vmax,Decrease in Km,Decrease in both Km and Vmax,No change in Vmax,A,A,"Acetazolamide is a non-competitive carbonic anhydrase inhibitor, which reduces Vmax by decreasing effective active enzyme sites while leaving Km unchanged.",1.7917594692220549,True,False,6
317,Which of the following does not require 5'capping?,tRNA of alanine,mRNA for histone,U6 snRNA,siRNA,A,C,"U6 snRNA is transcribed by RNA polymerase III and is not 5′ capped, unlike mRNA (B) and other RNAs that require 5′ capping.",1.7917594692220549,False,True,6
318,Peau d'orange in carcinoma breast is due to:,Obstruction of sub-dermal lymphatics,Infiltration of Cooper's ligament,Hematogenous dissemination,Hematogenous dissemination,A,A,Peau d’orange in carcinoma breast results from obstruction of the dermal/subdermal lymphatics causing lymphatic edema and skin thickening.,1.7917594692220549,True,False,6
319,"True about adult polycystic kidney disease is all, except:",Autosomal dominant inheritance,Hypertension is rare,"Can be associated with cysts in liver, lungs and pancreas",Pyelonephritis is common,B,B,"In adult (autosomal dominant) polycystic kidney disease, hypertension is common rather than rare.",1.5607104090364066,True,False,6
320,Propranolol is drug of choice for -,Ulcerated infantile hemangioma,Lymphangioma,Pyogenic granuloma,Capillary malformation,A,A,"Propranolol is first-line for problematic infantile hemangiomas, particularly ulcerated or rapidly growing lesions, reducing size and complications.",1.7917594692220549,True,False,6
321,During pregnancy baby can be affected in utero in all except:,Candida,Syphilis,Toxoplasmosis,Polio,D,D,"Polio is not a classic congenital (in utero) infection transmitted across the placenta, unlike syphilis, toxoplasmosis, and Candida.",1.7917594692220549,True,False,6
322,Long term assessment of glucose control can be made by:,Estimation of post prandial blood sugar,Estimation of fasting blood sugar,Estimation of urine sugar level,Estimation of blood level of glycosylated hemoglobin,D,D,"Glycosylated hemoglobin (HbA1c) reflects the average blood glucose over the preceding ~2–3 months, making it suitable for long-term glucose control assessment.",1.7917594692220549,True,False,6
323,Mosaic pattern of bone is seen in radiographic features of:,Fibrous dysplasia,Paget's disease,Osteopetrosis,Osteogenesis imperfecta,B,A,Fibrous dysplasia classically shows a “ground-glass” mosaic/patchy radiographic pattern due to irregular fibrous tissue replacement of bone.,1.7917594692220549,False,True,6
324,Fourth generation meth-acrylate based resin sealer include?,Endorez,Resilon,Hydron,Real Seal E,D,A,"EndoREZ is a fourth-generation methacrylate-based resin sealer, whereas Resilon, Hydron, and Real Seal E are not classified as this specific 4th-generation methacrylate sealer type.",1.7917594692220549,False,True,6
325,Maternal moality ratio expressed in:-,"Maternal death per 10,000 lives","Maternal death per 100,000 lives","Maternal death per 1,000,000 lives",Maternal death per 100 lives,B,B,"Maternal Mortality Ratio (MMR) is defined as the number of maternal deaths per 100,000 live births.",1.24245332489,True,False,6
326,Which induction anaesthetic agent has antiemetic effect?,etomidate,propofol,thiopentone,ketamine,B,B,Propofol has inherent antiemetic properties and is associated with a lower incidence of postoperative nausea and vomiting (PONV) compared with other induction agents.,1.7917594692220549,True,False,6
327,A 10 year old boy following a road traffic accident presents to the casualty with contaminated wound over the left leg. He has received his com- plete primary immunization before preschool age and received a booster of DT at school entry age. All of following can be done except :,Injection of TT,Injection of human antiserum,Broad spectrum antibiotics,Wound debridement and cleaning,B,B,Human antitetanus serum is not routinely indicated in a fully immunized child; tetanus prophylaxis is by wound debridement/cleaning and tetanus toxoid (TT) if needed.,1.7917594692220549,True,False,6
328,"In Myocardial infarction, the major pathology is",Ischemia caused by dynamic obstruction of a coronary artery.,Myocardial necrosis caused by acute occlusion of a coronary artery.,Ischemia due to fixed atheromatous stenosis of one or more coronal artery.,Altered conduction due to ischemia or infarction.,B,B,Myocardial infarction is primarily characterized by myocardial necrosis due to acute occlusion of a coronary artery (typically from plaque rupture with superimposed thrombosis).,1.7917594692220549,True,False,6
329,Localized Juvenile Periodontitis- primary pathogen is,Acinobacillus Actinomycetemcomitans,Prevotella intermedia,Mycoplasma,all the above,D,A,Localized juvenile periodontitis is classically associated with *Actinobacillus (Aggregatibacter) actinomycetemcomitans* as the primary pathogen.,1.7917594692220549,False,True,6
330,A male child with Fanconi syndrome with nephrocalcinosis has a variant of dent disease. All are true except :,Hypercalciuria,Proteinuria,Similar presentation in father,Rickets,C,C,"Dent disease is X‑linked and typically affects males, so an affected father is not a consistent expected finding, making “similar presentation in father” the false statement.",1.7917594692220549,True,False,6
331,Which of the following is not involved in blood clotting?,Calcium,Prothrombin,Fibrinogen,Fe+2,D,D,"Iron (Fe²⁺) is not part of the coagulation cascade, whereas calcium, prothrombin, and fibrinogen are required for clot formation.",1.5607104090364066,True,False,6
332,DNA Methylation is not related with?,Mismatch repair,DNA Replication,Gene silencing,Capping,D,D,"DNA methylation primarily regulates gene expression (e.g., gene silencing) and is not involved in RNA 5’ capping, which is a different process.",1.7917594692220549,True,False,6
333,While preparing a Class II cavity on a maxillary first molar which of the pulp horns are likely to get exposed:,Mesiolingual and mesiobuccal,Distolingual and distobuccal,Mesiolingual and distobuccal,Distolingual and mesiobuccal,A,B,"In a maxillary first molar, Class II (proximal) preparations most commonly risk exposure of the distal pulp horns, i.e., distolingual and distobuccal.",1.7917594692220549,False,True,6
334,Additional period required for enamel calcification after eruption into oral cavity,1 yr,2 yr,3 yr,4 yr,B,B,"After eruption, enamel undergoes post-eruptive maturation (calcification/hardening) that typically takes about 2 years to fully mature.",1.7917594692220549,True,False,6
335,All are Gp lIbilIla inhibitors except:,Prasugrel,Abciximab,Tirofiban,Eptifibatide,A,A,"Prasugrel is a P2Y12 (ADP) receptor inhibitor, whereas Abciximab, Tirofiban, and Eptifibatide are GP IIb/IIIa inhibitors.",1.5607104090364066,True,False,6
336,The active principle of white oleander is:,Nicotine,Nerin,Abrine,Pilocarpine,B,C,"White oleander (*Nerium oleander*) contains the toxic protein/lectin **abrine**, which is a major active poisonous constituent.",1.7917594692220549,False,True,6
337,"The yellowish white soft sticky deposit loosely adherent
present on tooth surface is",Materia alba,Food debris,Plaque,Calculus,A,C,"Plaque is a yellowish-white, soft, sticky deposit that is loosely adherent to the tooth surface.",0.8675632284784613,False,True,6
338,A term gestation newborn developed respiratory distress. Which of the following would favour Respiratory distress syndrome (HIVID) ?,History of receiving antenatal corticosteroids,Air bronchogram on chest x–ray,Onset of distress after 6 hours of birth,Term birth,B,A,"Antenatal corticosteroids accelerate fetal lung maturation and surfactant production, thereby reducing NRDS risk and making RDS the favored diagnosis in this context.",1.7917594692220549,False,True,6
339,‘Fleur -de- lys’ term is used for:,Dens invaginatus,Denticle,Odontome,Supernumerary tooth,A,B,"A fleur-de-lis pattern refers to a denticle, a small tooth-like structure seen within odontogenic lesions.",1.7917594692220549,False,True,6
340,Renal feed for CKD patients-,Low calorie low volume,Low calorie high volume,High calorie low volume,High calorie high volume,C,A,CKD patients commonly require **fluid restriction** (low volume) and nutritional plans are often **low calorie** to reduce metabolic complications while managing protein appropriately.,1.7917594692220549,False,True,6
341,Point used as termination of Root canal procedure is,Apical constriction,Apical foramen,Both,None,A,C,Root canal termination is considered at both the apical constriction (natural narrowing) and the apical foramen region (apical opening) to avoid overextension beyond the foramen.,1.7917594692220549,False,True,6
342,"Kwashiorkar , true is",Deficiency of protein with sufficient calorie intake,Occurs in children between 6 months and 3 years of age,Subcutaneous fat preserved but atrophy of different tissues,All of the above,D,D,"Kwashiorkor is due to protein deficiency (often with adequate calories), typically occurs in children 6 months–3 years after weaning, and shows preserved subcutaneous fat with wasting of other tissues—so all statements are true.",1.7917594692220549,True,False,6
343,Lenolin is added in ZOE paste to:,Decrease flow,Increase flow,Accelerate reaction,Decrease irritation due to eugenol,B,B,Lenolin (lanolin) is added to ZOE paste as an emollient/binder to improve consistency and increase the paste’s flow.,1.7917594692220549,True,False,6
344,Which of the following is not transmitted by lice,Q fever,Trench fever,Relapsing fever,Epidemic typhus,A,A,"Q fever is caused by *Coxiella burnetii* and is primarily transmitted from animals (aerosol/inhalation), not by lice, whereas lice transmit epidemic typhus, trench fever, and relapsing fever.",1.7917594692220549,True,False,6
345,What will be the oxygen carrying capacity of an 18-year-old patient with a hemoglobin of 14 g/dL?,7,14,18,28,C,B,"Oxygen carrying capacity is proportional to hemoglobin concentration (≈1.34 mL O₂/g Hb × 14 g/dL), giving a value closest to option B.",1.7917594692220549,False,True,6
346,All the following muscles of larynx are supplied by the recurrent laryngeal nerve except:,Cricohyoid,Cricothyroid,Arytenoid,Aryepiglotticus,B,A,"Cricohyoid is supplied by the external laryngeal nerve, whereas the recurrent laryngeal nerve supplies the other listed intrinsic laryngeal muscles.",1.7917594692220549,False,True,6
347,Which of the following techniques is based on RNA?,PCR,Sanger's technique,Next generation sequencing,Western blot,A,C,"Next generation sequencing can be performed on RNA by first converting RNA to cDNA via reverse transcription (RNA-seq), so it is based on RNA.",1.7917594692220549,False,True,6
348,Minimum concentration of oxygen needed in NO analgesia,10%,20%,30%,40%,C,B,"In nitrous oxide (NO) analgesia, the inspired oxygen concentration must be at least 20% (FiO₂ ≥ 0.20) to prevent hypoxia because NO displaces oxygen.",1.7917594692220549,False,True,6
349,In rheumatoid arthritis there is inflammation of:,Cartilage,Synovial membrane,Sclerosis of joints,Articular bone,B,B,"Rheumatoid arthritis causes autoimmune inflammation of the synovial membrane (synovitis), which later leads to joint destruction.",1.7917594692220549,True,False,6
350,Winged rubber dam retainer in endodontics advantages are all except,Radiographs are good showing full length of canals,Stability,Provide extra bucco-lingual retraction,"Dam, clamp and frame placed in one operation",A,C,"Winged rubber dam retainers primarily provide stable isolation and positioning for visualization, not extra bucco-lingual retraction (which is achieved by other retraction methods).",1.7917594692220549,False,True,6
351,"A 11-year-old child comes to the dental office one hour
after injury to a maxillary central incisor. The tooth is
vital and	slightly	mobile.	Radiographic	examination
reveals a fracture at the apical third of the root. What is
the best treatment at this point of time:",Render palliative therapy,Extract the tooth,Relieve the occlusion and splint the tooth,Perform immediate root canal treatment and splint,C,C,Apical third root fracture with a vital tooth and slight mobility 1 hour post-injury is best managed immediately by relieving occlusion and splinting to stabilize the tooth and promote healing.,1.7917594692220549,True,False,6
352,Resistance form of endodontics is:,Resists movement of gutta-percha in apical area,To allow use of spreader in lateral condensation,Fracture of root while vertical condensation,None of the above,A,A,"Resistance form is the canal shape that resists apical movement of the obturating material (e.g., gutta-percha) during condensation.",1.7917594692220549,True,False,6
353,Antibody in chronic allergy ?,IgM,IgA,IgG,IgE,D,D,"Chronic allergic (type I hypersensitivity) reactions are primarily mediated by IgE, which binds mast cells/basophils and triggers allergic inflammation on allergen re-exposure.",1.7917594692220549,True,False,6
354,"While assessing the efficacy of a newly developed drug in comparison to placebo, the 95% confidence interval in clinical trials is used to check for:",Efficacy of the drug,Non-efficacy of the drug,Both efficacy and non-efficacy of the drug,Either efficacy or non-efficacy of the drug,A,C,"A 95% confidence interval that includes the null/no-effect value is consistent with both efficacy and non-efficacy, so it is used to check for both possibilities.",1.7917594692220549,False,True,6
355,Which material is the most difficult to remove from the patient's mouth?,Metallic oxide paste,Silicone impression material,Reversible hydrocolloid,Impression plaster,A,B,"Silicone impression materials set as an elastomeric material that can lock into undercuts and resist tearing, making them generally the most difficult to remove.",1.7917594692220549,False,True,6
356,Main cause of RPD failure is:,Improper clasp design,Insufficient contact of teeth,Insufficient contact of teeth and improper clasp design,None of the above,C,C,RPD retention most commonly fails due to inadequate tooth–clasp contact (insufficient tooth contact) along with improper clasp design causing poor engagement and stability.,1.7917594692220549,True,False,6
357,"A 40 years old female presented with acute onset shoness of breath. She has a history of nephrotic syndrome 1 year back and recent prolonged air travel. She has a BP of 90/60 mm Hg, hea rate of 115 per minute and sinus tachycardia on ECG. A 2-D echocardiogram revealed dilation of right ventricle with bulging of the interventricular septum to the left. What will be the primary treatment modality?",Thrombectomy,Intravenous tissue plasminogen activator,Unfractionated heparin,d. IVC filter,B,C,"She has massive pulmonary embolism with shock and RV strain (septal bulging to the left), so the primary immediate treatment is anticoagulation with IV unfractionated heparin.",1.7917594692220549,False,True,6
358,"In multirooted teeth, formation of multiple roots is due to presence of:",Epithelial diaphragm,Cell rests of Malassez,Toot bud division or bell stage,None of the above,A,C,"Multiple roots form when the tooth germ divides during early development (tooth bud division/bell stage), leading to separate root formation.",1.7917594692220549,False,True,6
359,"In Down syndrome patient, which teeth have severe periodontitis",Lower Anterior,Upper Anterior,Upper Molar,Lower Molar,A,A,"In Down syndrome, severe periodontitis most commonly affects the mandibular (lower) anterior teeth, especially the incisors, with early and pronounced periodontal destruction.",1.7917594692220549,True,False,6
360,Folic acid deficiency occurs in:,Aspirin,Phenytoin,Chloromphenicol,Cyclosporine,B,B,"Phenytoin interferes with folate metabolism, leading to folic acid deficiency and megaloblastic anemia.",1.7917594692220549,True,False,6
361,Which of the following will not decrease mother to child transmission of HIV?,Avoid breastfeeding,Vaginal delivery,Zidovudine given to mother antenataly and to neonate after bih,Vitamin A supplementation given to mother,B,B,Vaginal delivery does not specifically reduce mother-to-child HIV transmission (transmission risk is mainly lowered by effective ART such as zidovudine and by avoiding breastfeeding).,1.7917594692220549,True,False,6
362,"On the day following a formocresol pulpotomy of a
mandibular molar, a three year old patient returned with
a large ulcer near the midline of the lower lip. What is
the probable cause of the ulcer?",Lip biting by the patient,Allergy to the anaesthetic solution,Pressure by the rubber dam frame,Leakage of formocresol on the lip,A,D,The ulcer appearing the day after a formocresol pulpotomy near the lower lip midline is most consistent with a chemical burn from leakage of formocresol onto the lip.,1.7917594692220549,False,True,6
363,Which of the following conditions is associated with polyhy dramnios?,Posterior urethral valve,Cleft palate,Congenital diaphragmatic hernia,Bladder exostrophy,B,B,"Cleft palate can impair fetal swallowing of amniotic fluid, leading to polyhydramnios.",1.5607104090364066,True,False,6
364,Chemotactic cytokine is,IL-1,IL-6,IL-8,TNF,C,C,IL-8 is a chemotactic cytokine that specifically attracts neutrophils to sites of inflammation.,1.7917594692220549,True,False,6
365,"A 38 years old female presented to the emergency with extensive burns. The patient had grade 3 burns on the face, back, upper arms and forearms along with singeing of hairs. Which of the following is not a proof of inhalation burns?",Yellow colored sputum,Blackish soot deposit on posterior pa of tongue,Hoarseness & stridor of voice,Singeing of eyebrows and facial hair,A,A,"Yellow colored sputum is not a diagnostic proof of inhalation burns, whereas singeing of facial hair, soot deposits on the posterior tongue, and hoarseness/stridor are typical signs of smoke inhalation injury.",1.7917594692220549,True,False,6
366,After spleenectomy patient becomes more prone to,Gram +ve & anaerobic,Gram -ve & anaerobic,Nonencapsulated,Encapsulated organisms,D,D,"After splenectomy, clearance of encapsulated organisms is impaired, increasing risk of infections by encapsulated bacteria like Streptococcus pneumoniae, Haemophilus influenzae, and Neisseria meningitidis.",1.7917594692220549,True,False,6
367,All of the following are developed from Meckel's cartilage except:,Zygomatic bone,Malleus,Incus,Stapes,D,A,"Meckel’s cartilage gives rise mainly to the malleus and incus, whereas the stapes is from Reichert’s cartilage and the zygomatic bone is formed by intramembranous ossification rather than Meckel’s cartilage.",1.7917594692220549,False,True,6
368,"In judicial hanging, the knot is placed at:",Below the chin,Angle of the jaw,The back of the neck,Choice of hangman,B,C,"In judicial hanging, the knot is placed at the nape/back of the neck to achieve the intended position for the drop.",1.7917594692220549,False,True,6
369,Non-pulsatile dose of GnRH agonist is used in all the following conditions except-,Endometriosis,infeility,Precocious pubey,Prostate cancer,B,D,"Continuous (non-pulsatile) GnRH agonist is used to suppress gonadotropins in endometriosis, infertility, and precocious puberty, whereas prostate cancer is the exception in this exam framing.",1.7917594692220549,False,True,6
370,Eisenmenger syndrome–True are A/E –,Pulmonary veins are not distended,RV & LV walls come back to normal size,Dilatation of central pulmonary artery,Peripheral pruning of pulmonary arteries,B,C,"Eisenmenger syndrome shows central pulmonary artery dilatation and peripheral pruning of pulmonary arteries (C, D are true), while pulmonary veins are typically not the key feature and RV/LV changes are not reversible (A, B are false).",1.7917594692220549,False,True,6
371,"Gap healing, a type of primary healing having gap of 0.8 mm is healed as:",Direct lamellar bone formation.,Woven bone formation replaced by lamellar bone.,Woven bone formation only.,Any of the above.,B,B,"In gap (primary) healing with a small gap (~0.1–1 mm, e.g., 0.8 mm), woven bone forms across the gap and is subsequently remodeled into lamellar bone.",1.7917594692220549,True,False,6
372,"The radiographic examination of a traumatized tooth is
essential -",To establish baseline data,To find associated root fracture,To determine stage of root development,All of the above,D,D,"Radiographic examination in a traumatized tooth is essential to establish baseline findings, detect associated root fractures, and determine the stage of root development for prognosis and management.",1.7917594692220549,True,False,6
373,The fifth nerve innervates the following:,"Mylohyoid, anterior and posterior belly of digastric","Mylohyoid, anterior belly of digastric, and tensor tympani","Mylohyoid, posterior belly of digastric and tensor tympani","Mylohyoid, posterior belly of digastric, Stapedius and tensor tympani",B,B,"CN V3 (mandibular division of trigeminal) supplies the mylohyoid, anterior belly of digastric, and tensor tympani.",1.7917594692220549,True,False,6
374,A study was conducted to find average intra-ocular pressure. IOP was measured in 400 people and the mean was found to be 25 mm Hg with a standard detion of 10 mm Hg. What is the range in which 10P of 95% of the population would be lying?,22-28 mm Hg,20-30 mm Hg,24-26 mm Hg,23-27 mm Hg,C,B,"Using the intended 95% interval as mean ± 2 SD gives 25 ± 5 = 20–30 mm Hg, which matches option B.",1.7917594692220549,False,True,6
375,The lag phase of tooth movement usually lasts for:,2-3 mins,2-3 hrs,2-3 day,2-3 weeks,D,C,"The lag phase is the initial period after orthodontic force application during which biologic remodeling occurs before measurable tooth movement, typically lasting about 2–3 days.",1.7917594692220549,False,True,6
376,"Which of the following is a common osseous lesion in
periodontitis is",Exostosis,crater,buttressing bone,hemiseptum,B,C,"Buttressing bone is a common radiographic osseous lesion in periodontitis, showing thickened bone at the base of the periodontal defect.",1.7917594692220549,False,True,6
377,Which of the following groups of fibres are not attached to alveolar bone?,Transseptal,Horizontal,Oblique,Apical,A,D,"Apical fibers are not part of the principal periodontal ligament groups that insert into alveolar bone, unlike transseptal, horizontal, and oblique fibers.",1.7917594692220549,False,True,6
378,First nerve fiber present in vicinity of dental papilla in,Bud stage,Cap stage,Bell stage,Advanced Bell stage,A,C,"In the bell stage, differentiation begins and the first nerve fibers appear in the vicinity of the dental papilla (to the developing pulp).",1.7917594692220549,False,True,6
379,A 32 years old female came for routine PAP smear testing. The repo came as carcinoma in situ. What is the next step?,HPV-DNA testing,Hysterectomy,Conization,Colposcopy and biopsy,D,C,"Carcinoma in situ/HSIL (likely CIN 3) on Pap requires excisional treatment for both histologic confirmation and removal, so the next step is conization.",1.7917594692220549,False,True,6
380,The frontal paranasal sinus drains into the:,Superior meatus,Middle meatus,Inferior meatus,Spheno-ethmoidal recess,B,B,"The frontal sinus drains through the frontonasal duct into the frontal recess, which opens into the middle meatus.",1.5607104090364066,True,False,6
381,"In the mammalian genome, maximum number of genes code for the receptors of:",Immunoglobulin receptors,Interleukins,Growth factors,Odorants,D,A,"Immunoglobulin receptors (BCR/TCR) are generated by extensive V(D)J gene segment recombination, requiring the largest gene repertoire for receptor diversity in mammals.",1.7917594692220549,False,True,6
382,Pegloticase is used in,Chronic gout,Paralytic ileus,Psoriatic ahritis,Rheumatoid ahritis,A,A,Pegloticase (PEGylated uricase) is used to break down uric acid in patients with chronic refractory gout.,1.7917594692220549,True,False,6
383,"Wave patterns of EEF, ECG and EMG are depicted below. The B pattern belongs to (Figure was not provided in the exam):",NREM sleep,REM sleep,Wakefulness,Quiet wakefulness,C,B,"REM sleep shows EEG desynchronization (low-amplitude mixed-frequency), autonomic activation on ECG (higher variability/HR), and reduced EMG muscle tone with possible brief twitches.",1.7917594692220549,False,True,6
384,Staphylococcus aureus and pneumoniae are responsible for:,Subacute endocarditis.,Acute endocarditis.,Post operative endocarditis.,None.,B,B,"Staphylococcus aureus is a classic cause of acute (rapidly progressive) infective endocarditis, and Streptococcus pneumoniae is also associated with acute endocarditis.",1.5607104090364066,True,False,6
385,First paranasal sinus to develop at bih is:,Maxillary,Ethmoidal,Frontal,Sphenoidal,A,B,"The ethmoidal sinuses are the first paranasal sinuses to develop, beginning in early childhood (around birth).",1.7917594692220549,False,True,6
386,Which of the following is the best test for assessment of intestinal malabsorption?,Fecal fat estimation,Serum lactose levels,Serum amylase levels,NBT-PABA test,A,A,Fecal fat estimation directly measures fat malabsorption by detecting increased fat content in stool.,1.7917594692220549,True,False,6
387,Primary Colonization of plaque is dominated by,Facultative Aerobic Gram + ve rods,Facultative Anaerobic Gram - ve rods,Facultative Aerobic Gram - ve cocci,Facultative Anaerobic Gram + ve cocci,D,B,Primary colonizers of dental plaque are mainly facultative anaerobic Gram-negative rods that can establish plaque early in the low-oxygen environment.,1.7917594692220549,False,True,6
388,Types of pocket respectively:,"Simple pocket, compound pocket, complex pocket.","Simple pocket, complex pocket, compound pocket.","Compound pocket, simple pocket, complex pocket.","Simple pocket, compound pocket, tertiary pocket.",A,A,"Simple pocket is a single continuous pocket, compound pocket has multiple separated segments, and complex pocket shows the most irregular/branched morphology.",1.7917594692220549,True,False,6
389,Depression of mandible is achieved by:,Digastric,Lateral pterygoid,Geniohyoid,All of the above,D,D,"Depression of the mandible is produced by suprahyoid muscles including digastric, geniohyoid, and lateral pterygoid (when acting on the mandible), so all listed muscles contribute.",1.7917594692220549,True,False,6
390,"18 year old female presents with an ovarian mass, her serum bio marker are found to be normal except for LDH, which is found to be elevated. The most likely diagnosis is:",Dysgerminoma,Endodermal sinus tumor,Malignant terratoma,Mucinous cystadeno carcinoma,A,A,"Dysgerminoma is the ovarian germ cell tumor classically associated with isolated LDH elevation, whereas yolk sac tumors typically elevate AFP and mucinous carcinomas have different tumor markers.",1.7917594692220549,True,False,6
391,Most common infection post solid organ transplantation,CMV,HSV,EBV,HPV,A,A,"CMV is the most common post–solid organ transplant infection due to immunosuppression, especially in CMV-seronegative recipients receiving organs from seropositive donors.",1.7917594692220549,True,False,6
392,Tuberculous otitis media is characterized by all except -,Multiple perforations,Pale granulations,Pain,Thin odourless fluid,C,C,"Tuberculous otitis media is typically chronic and classically painless with thin, odorless discharge and pale granulations, so pain is the exception.",1.7917594692220549,True,False,6
393,"Child Pugh score put patients into three categories of Score A (<7), Score B (7-9) and Score C (10-15). The following is a type of which scale?",Nominal,Ordinal,Quantitative,Continuous,B,B,"Child-Pugh categories (A, B, C) are ordered by severity but the gaps between categories are not equal or precisely measurable, making it an ordinal scale.",1.7917594692220549,True,False,6
394,Skin of the entire upper lip is supplied by:,Maxillary nerve.,Facial nerve.,Mandibular nerve.,None.,A,A,The skin of the entire upper lip is supplied by the maxillary nerve (V2) via branches such as the infraorbital and superior labial nerves.,1.7917594692220549,True,False,6
395,Microangiopathic hemolytic anemia,TTP,ITP,Senile purpura,CML,B,A,Microangiopathic hemolytic anemia with schistocytes is classically due to thrombotic thrombocytopenic purpura (TTP) from platelet-rich microthrombi causing mechanical RBC destruction.,1.7917594692220549,False,True,6
396,Treatment of choice for anaphylactic shock is:,Adrenaline 0.5 mL of 1:1000 solution by intramuscular route,Adrenaline 1 mL of 1:10000 by intravenous route,Atropine 3 mg intravenously,Adenosine 12 mg intravenously,A,A,First-line treatment for anaphylactic shock is intramuscular adrenaline (epinephrine) 0.5 mL of 1:1000 (0.5 mg).,1.7917594692220549,True,False,6
397,"The	cotton	applied	to	the	pulpal	stumps	in	the
formocresol pulpotomy technique should be",Slightly dampened with formocresol,Saturated with formocresol,Left for 2 hours in the cavity,Sealed until the next appointment.,A,B,"In formocresol pulpotomy, the cotton pellet on the radicular pulp stumps must be fully saturated with formocresol to achieve proper chemical fixation and antiseptic effect.",1.7917594692220549,False,True,6
398,Which of following is not a tumor suppressor gene?,pRb,FHIT,PTCH,c-erbB1,D,D,"c-erbB1 (EGFR) is a proto-oncogene that promotes cell proliferation when activated, so it is not a tumor suppressor gene.",1.5607104090364066,True,False,6
399,All the following instruments are required for tonsillectomy except:,Coblation wand,Bipolar cautery,Microdebrider,Harmonic scalpel,C,C,"A microdebrider is primarily used for debridement and other ENT procedures, whereas tonsillectomy is typically performed with cutting/hemostatic instruments like coblation, bipolar cautery, or a harmonic scalpel.",1.7917594692220549,True,False,6
